tag,dur,rms_db,peak_db,digsil,e_first,e_last,p10_minus_p95,occ_bw50,hf_4_8_rel,b78_rel_34,b7575_8
diffgan_tts,6.0720625,-20.713124743009132,-3.2391698749742104,0.0,-3.468051628854216,-37.76649867241669,-25.215892001832653,8000.0,-10.826282406143214,4.963495542421846,-2.198566842214312
diffgan_tts,3.204375,-18.97382034997956,-2.309136915344236,0.0,-1.942928958422149,-31.887987393649347,-21.94414632214422,8000.0,-14.102107368065603,1.7700864919287156,-1.0095182775154186
diffgan_tts,5.3754375,-21.023967195785502,-4.112628308660518,0.0,-11.123326249284352,-33.79180055667006,-26.036045240643034,8000.0,-9.325365225992556,8.319030361145316,0.48629463409470475
diffgan_tts,5.2129375,-20.417766159940015,-2.8468739498955333,0.0,-7.862163786124258,-36.01136613638767,-37.157372620636934,8000.0,-14.873626043553543,0.3305112221787567,-4.0835254170686355
diffgan_tts,6.1416875,-19.52430637733465,-1.160479833908796,0.0,-17.807763253599745,-38.02912439343062,-25.061556558588684,8000.0,-11.14767651540701,6.8162380060652765,-0.9052319811688321
diffgan_tts,5.41025,-20.6240949884388,-0.736742457258658,0.0,-3.06170291571415,-38.43999508974745,-25.014909943879672,8000.0,-8.645927899531152,6.7337006222334,-2.760706113658493
diffgan_tts,3.71525,-18.650559271443797,-2.1243112093654974,0.0,-5.980272438286935,-29.582454005304278,-27.535613074296073,8000.0,-12.104689830803224,4.165574689226432,-1.3825850542539087
diffgan_tts,6.896375,-19.218260043062156,-0.6313540873864426,0.0,-23.042549816207917,-30.425651922997552,-27.342155851916047,8000.0,-14.662424618111718,0.18875203969351162,-2.743752292986663
diffgan_tts,6.0488125,-19.882859576269812,-0.7935382069634522,0.0,-2.926995861097671,-36.470569190105,-26.90213109307848,8000.0,-11.43920845504573,4.1791627216366365,-2.5061081650757444
diffgan_tts,6.09525,-19.52118897823244,-2.2529285037258835,0.0,-7.3943270591351595,-37.92622871886997,-27.033078217214566,8000.0,-12.807661907475232,3.394631740909219,-1.7964748008573537
diffgan_tts,6.4551875,-19.676313084250186,-3.5739063106813784,0.0,-7.030101961875705,-37.967495876433006,-27.357488398300827,8000.0,-12.496180907720529,-0.8088833064456225,-4.1921833788044225
diffgan_tts,5.538,-19.87842369225045,-3.1716579792800603,0.0,-5.578688695923059,-31.454486358179665,-25.666183277491776,8000.0,-16.996015331303315,-3.6979974995659575,-2.5901477010442733
diffgan_tts,5.921125,-19.357050200615465,-1.2509253132428215,0.0,-4.268447892895548,-31.392285243950457,-26.6064197750794,8000.0,-11.392248952736654,5.814537806348092,-0.5750040035570976
diffgan_tts,10.182,-21.165169122509116,-4.652580323818169,0.0,-11.529119845753872,-32.47715773558154,-24.45215041071017,8000.0,-10.243289203369677,8.506182448820688,0.546467137657821
diffgan_tts,6.014,-20.90638516441731,-0.47510418759558537,0.0,-0.9137124048745626,-27.440711006414087,-32.56098721738665,8000.0,-10.04340022074075,3.8627548591696623,-1.8188583746028897
diffgan_tts,4.08675,-19.601895568066244,-2.3090067164830264,0.0,-4.098291157053225,-33.861199943035395,-25.69750221546287,8000.0,-10.81884926979287,6.9613341643905216,-0.12542049800646282
diffgan_tts,4.7136875,-20.894968328496212,-3.9765289080523236,0.0,-4.705543201424035,-35.280462152013584,-30.40646669739996,8000.0,-10.131564529292021,3.852527694778722,-1.783854523749227
diffgan_tts,5.5960625,-19.60483283306093,-1.077734724709717,0.0,-4.62876252364215,-32.26511660324371,-26.984750849391055,8000.0,-11.351911090645189,4.6476879982392205,-2.7834776382459125
diffgan_tts,4.3073125,-20.05766285828658,-3.1958107154319686,0.0,-2.290694401181023,-23.420734300900335,-27.091446339713244,8000.0,-10.497216897220781,7.6271105616603165,1.3473308030510793
diffgan_tts,10.36775,-19.01793607228781,-2.6308541142059436,0.0,-4.319686730174206,-28.92194569298396,-22.756584499346225,8000.0,-14.928800685683516,2.3673451379778996,-0.4759517461513809
diffgan_tts,3.8313125,-20.391138547681315,-2.2196755579535683,0.0,-4.817928886887907,-32.77411271451392,-26.154288544259224,8000.0,-9.183870314702041,6.162756629632227,-2.8629455187514097
diffgan_tts,5.329,-18.882591337545342,-1.1939807817144459,0.0,-3.5687413908997314,-30.32582148339585,-24.022658057411647,8000.0,-14.308460149219652,2.69912693783661,0.5207848518893954
diffgan_tts,5.8863125,-17.63279269103154,-0.6563670668901138,0.0,-5.975757920717374,-28.3850940424627,-25.007937606416373,8000.0,-16.056670229848958,-3.455552948285508,-5.080162842877364
diffgan_tts,8.034125,-20.566987502523123,-2.8527487470277983,0.0,-16.679387492721247,-35.862958111052215,-30.471601487093473,8000.0,-12.659619234926701,3.6492846677882866,-2.277350376125497
diffgan_tts,4.0635,-18.523901918486352,-2.6122197657622133,0.0,-11.440394835483364,-29.94805099637615,-24.67197761901733,8000.0,-14.309075231970056,1.7197708992370622,-3.1905713237098254
diffgan_tts,6.4668125,-19.38022127236404,-1.354442623485641,0.0,-24.071007140068602,-21.564214737829943,-22.82721808630928,8000.0,-10.888171454839263,4.770635827109558,-0.8210094748402668
diffgan_tts,7.4884375,-20.24696136808481,-2.988704247614276,0.0,-2.1022549795029732,-27.583383477074936,-22.33001908365672,8000.0,-12.253501021302426,-2.8238668219347076,-3.8197526883585127
diffgan_tts,7.1169375,-20.858805937318255,-3.8910254677052785,0.0,-5.236110064973847,-23.609494301596047,-29.828109999014895,8000.0,-10.73563335194688,6.495377855743762,0.3963549878498398
diffgan_tts,3.7268125,-20.059066976988873,-3.3550903761094366,0.0,-5.3259684607811835,-29.18013821145461,-25.26501436829654,8000.0,-10.797178459051622,7.683410158385485,-0.40044660246539365
diffgan_tts,7.7555,-19.47199564804437,-1.5584286409809605,0.0,-4.509210438808214,-28.342382756280834,-20.582629239321435,8000.0,-13.395948747879352,1.634523954587138,-2.7874257535446674
diffgan_tts,7.9760625,-19.478230158215975,-0.7866701140249833,0.0,-38.61952535269732,-25.901175112080836,-27.215709832692887,8000.0,-14.469478413709098,1.59243757342378,-1.0800628208999257
diffgan_tts,8.115375,-19.729215202635807,-2.9822745961144257,0.0,-16.206369249575282,-29.792968591019275,-26.167142883207042,8000.0,-12.644939433100177,5.383583725850727,-2.3522090926311776
diffgan_tts,4.6904375,-19.545542421357116,-2.036231219493829,0.0,-9.414249790885416,-36.68592437922062,-28.126814512604724,8000.0,-12.011424684274136,0.298028876101192,-4.25494644147205
diffgan_tts,6.014,-19.52562084693147,-1.2940345992610487,0.0,-3.2050301170959763,-25.460101888358896,-25.878221783265122,8000.0,-16.077699391305078,-2.2929068182401195,-2.966647947608088
diffgan_tts,8.243125,-20.000285000854696,-3.1947857725709943,0.0,-5.285130507925528,-28.42499017682166,-20.77185248957209,8000.0,-11.96901934533512,0.8959891700862954,-3.6953054476795515
diffgan_tts,7.7555,-20.334802661477255,-3.3198221198412825,0.0,-30.917965564086444,-33.68224148566213,-28.91140497959489,8000.0,-14.88143938465597,-1.2761087250811158,-2.9261324882239137
diffgan_tts,8.695875,-19.253431160213896,-1.5764694025708548,0.0,-7.62757859659207,-23.923758818402593,-27.838649000436323,8000.0,-13.623370937169454,2.6107525138690093,-2.34665628339188
diffgan_tts,7.442,-20.992312584986955,-2.927602943582315,0.0,-32.6665398334234,-35.04891297828709,-27.399826690731288,8000.0,-11.86963416889121,5.461683585230027,1.0001392939937404
diffgan_tts,5.421875,-20.07812145817784,-3.077654135869996,0.0,-5.636482903769799,-34.58269514359806,-27.494077045359678,8000.0,-13.311885067628644,3.3236794116708737,-0.19115475048881336
diffgan_tts,2.995375,-19.948308624110872,-2.5839313481037616,0.0,-17.358664670730093,-27.115214304969435,-24.701828963862162,8000.0,-12.327016019920613,1.8923200319480245,-1.7276780979203465
diffgan_tts,5.0735625,-20.4166158493711,-3.2667146258149264,0.0,-1.917175863933144,-35.38143557619003,-26.770602313230867,8000.0,-13.649492659165261,4.137630466158505,0.5284156765824406
diffgan_tts,3.575875,-19.674115875470285,-4.764029540575785,0.0,-7.7891376218166695,-31.7876669442497,-25.21650215553329,8000.0,-9.684135549429723,6.048738365203604,-0.7917237049559276
diffgan_tts,6.606125,-19.195681770778783,-0.11233048870842041,0.0,-3.8522729322581917,-31.72382625380263,-24.738008451960244,8000.0,-10.099016072856926,8.647834378049147,2.630610985089625
diffgan_tts,6.292625,-20.49153158562469,-2.7867291974327717,0.0,-9.164147491822087,-33.979050588056005,-25.39169141982172,8000.0,-10.849865822885825,1.355084229205957,-3.4217450122994464
diffgan_tts,4.5163125,-19.586092283629814,-3.220461201803339,0.0,-12.770151317581602,-30.725049069958388,-26.04887470133103,8000.0,-9.395649281207266,8.383926781153875,-2.5065947022790525
diffgan_tts,4.5395625,-20.8018163976873,-4.26174559406896,0.0,-6.7200587058057994,-27.64847413135186,-24.366921579387224,8000.0,-10.39303418994949,6.167996609566842,-0.23272551181032952
diffgan_tts,6.0604375,-20.155494625381753,-0.7257249288369177,0.0,-3.161530507259636,-35.93068615803067,-25.083054247760515,8000.0,-12.0053429103313,4.6525253819458925,-2.3280404449069607
diffgan_tts,4.19125,-19.721915852491094,0.08693162555275799,0.0,-3.4175137771143866,-21.46134331423452,-26.000635590937733,8000.0,-12.726154353045,1.0447460105864792,-1.2660670533491185
diffgan_tts,5.0155625,-18.585081633844243,-1.3481515908273198,0.0,-6.423717823244596,-31.45822353737809,-26.174239328873988,8000.0,-15.996838299893454,-0.17376821930005093,0.7290233798801182
diffgan_tts,9.5434375,-21.321706708036245,-0.19059224616864195,0.0,-4.3403641488529665,-31.431431561536076,-24.141551461067134,8000.0,-14.91313819878065,-1.7906670342500632,-2.4703238025029606
diffgan_tts,7.0240625,-19.658314237983397,-2.593943496217628,0.0,-5.72638171347306,-23.888210827568088,-24.213176894916877,8000.0,-12.488896235442006,5.896402369665978,1.541112224746854
diffgan_tts,5.2825625,-20.06053691965886,-1.7608820661288704,0.0,-6.546121132156884,-34.39300945641616,-23.825760567332537,8000.0,-10.20042371591488,5.894428422713176,0.3098724608296948
diffgan_tts,8.127,-20.724862036690684,0.2892630305237246,0.0,-1.9358784486200271,-36.964294909144385,-32.0541807981416,8000.0,-12.420928143542689,2.976389856620848,-0.04097434902426045
diffgan_tts,4.9575,-18.59304604574762,-2.662100396750082,0.0,-4.357541119175028,-29.746574212448376,-24.72708457473158,8000.0,-16.794361054174665,-4.055589883550347,-2.8823300857873093
diffgan_tts,6.8266875,-19.996211377851623,-2.8804774316934862,0.0,-4.139554500818617,-35.289805556485135,-24.79775132450375,8000.0,-16.35708248606432,-2.6952002509695845,-2.7354897004744103
diffgan_tts,8.800375,-19.595820007241628,-2.5744568700258723,0.0,-5.671544374268903,-33.90297436122882,-25.974756068339694,8000.0,-11.076227716840961,5.525403797040198,0.33487743109154167
diffgan_tts,5.735375,-18.3321386788228,-2.1609754527897076,0.0,-6.623931116077715,-34.21607384196815,-25.76716688859451,8000.0,-16.433108358828573,-1.3273794958543021,-2.6413999485957973
diffgan_tts,5.2245,-19.003635021619093,-2.1696918383922164,0.0,-15.677398878485784,-24.20974603938656,-24.336927284936337,8000.0,-8.712768913395518,7.34666377101636,-0.6849319739876023
diffgan_tts,8.4869375,-19.22013863180418,-1.85315367956151,0.0,-31.217786539377567,-33.50403372747485,-29.583635022753494,8000.0,-15.736706952453567,-2.2959413432742792,-3.20733366610245
diffgan_tts,11.017875,-19.60692554546884,-1.8109325931048597,0.0,-10.779762201490158,-29.66394706495443,-23.626304763927383,8000.0,-10.100493535989287,7.1189165685636695,-1.1264360213342286
diffgan_tts,5.7701875,-20.074106978962114,-0.14223946014133498,0.0,-4.11707210388256,-26.80374675668423,-26.646283622000563,8000.0,-11.217799209832393,5.837035042291184,0.3930838446029412
diffgan_tts,7.476875,-20.18039673070925,-2.464495975533976,0.0,-7.7180170741827965,-36.82939900271132,-22.21027827099644,8000.0,-10.94861925635417,5.437273935914071,-0.2448365777171233
diffgan_tts,4.179625,-19.574430594322216,-0.6487640229257762,0.0,-6.819660410033771,-31.528104483714124,-27.6659896099695,8000.0,-13.467234171469649,3.297344635360936,-2.2403069185446753
diffgan_tts,4.6208125,-18.238384313916146,-1.426941055593392,0.0,-6.758562502747317,-33.40598379920081,-26.889558652293093,8000.0,-20.89701361872313,-7.596468257805526,-2.033954765613011
diffgan_tts,3.970625,-18.54296261333728,-2.4276195949540105,0.0,-11.242955447879122,-22.30519820929359,-23.485720380200295,8000.0,-9.775407937835219,9.165603497742417,0.9709939777605712
diffgan_tts,4.179625,-20.15629810809334,-0.9444918610804437,0.0,-17.707329553174745,-32.454699955236954,-32.22693233937374,8000.0,-10.187287410226489,6.147678176507036,-0.49960559546629923
diffgan_tts,5.0968125,-18.918243126437503,-1.6162782690265254,0.0,-21.257281048871384,-32.86513726847156,-25.86684844308799,8000.0,-13.360668694919738,1.5146895900925799,-3.4551621412671096
diffgan_tts,3.7500625,-21.185696630137,-3.7604602439104715,0.0,-5.8004848996640614,-24.09574021858191,-26.804542343412876,8000.0,-12.978584759166232,-0.8746424357456277,-2.2791189639476244
diffgan_tts,2.61225,-19.211229841475937,-1.0416119148746432,0.0,-40.645554017677824,-38.740611146944076,-34.33882879950421,8000.0,-12.191343971952726,3.7333671515064424,-2.6492893297921256
diffgan_tts,4.156375,-19.813229977273103,-2.931582289618713,0.0,-10.304130381243338,-32.28097773067411,-27.995940673218747,8000.0,-13.25088337184161,4.159849054845104,-0.7489023658594434
diffgan_tts,8.73075,-21.540840468360273,-2.787785577899344,0.0,-25.159230878159278,-26.24690533627831,-24.74991878116881,8000.0,-11.751892248720047,5.167185616406826,3.3838988290848775
diffgan_tts,5.1665,-18.734332125143677,-3.8016349583176527,0.0,-5.67604364821077,-23.574559968508126,-24.88287426315577,8000.0,-12.895773638609946,4.696300393021886,-1.093783526771901
diffgan_tts,5.4799375,-19.118154290152212,-0.08756469035838542,0.0,-5.451962189625986,-24.01385145956018,-19.923442445962962,8000.0,-11.270682963240603,-0.7556538139501612,-2.4164445455254366
diffgan_tts,7.581375,-19.792305334440417,-2.817396730447774,0.0,-5.197771483852826,-33.7545102512302,-27.289644524798156,8000.0,-11.803756146097758,5.075559980610429,-0.8349255711422998
diffgan_tts,8.2083125,-19.65721467433514,-1.34151229161179,0.0,-13.632097966426764,-30.68433370471039,-25.902239114411266,8000.0,-15.059795804504319,2.245110566210279,-3.3064486282460237
diffgan_tts,7.929625,-19.15398497808538,-0.6008395736888376,0.0,-6.858300035686545,-31.497436986571493,-23.021225915302004,8000.0,-11.55031452881013,3.058403256309539,-2.032201852697291
diffgan_tts,4.469875,-20.116857727451077,-3.618415614404203,0.0,-3.3687806993464875,-28.647594334401663,-22.946512997881282,8000.0,-10.349218118735337,4.399153165528084,0.5932942667904797
diffgan_tts,6.40875,-21.372671531124553,-2.230748264579944,0.0,-4.048821905725195,-31.705652669609734,-27.364668509710285,8000.0,-14.04226613946151,3.5333637097891,2.300080449638216
diffgan_tts,7.36075,-20.463391574623028,-3.1123058596620528,0.0,-6.233113847224166,-33.77161140061334,-26.691327779324986,8000.0,-10.026983618262356,6.578218413762961,-1.3970843734966323
diffgan_tts,7.267875,-20.034657570905097,-0.18550734594355703,0.0,-5.401674823948422,-25.70605775753104,-28.347817267821878,8000.0,-13.975951018474795,0.10247211610050755,-2.330756048016241
diffgan_tts,3.901,-19.047718456402155,-5.874516586607297,0.0,-5.792208295735506,-28.949905241425828,-26.970464070680908,8000.0,-12.408149143128092,5.762753637717218,-3.8571064835421183
diffgan_tts,4.45825,-22.082882738703425,-1.0155910058565818,0.0,-7.0241844810885965,-35.26284247484425,-40.46083212305771,8000.0,-9.807458163533163,5.954592176177059,-0.744638113870792
diffgan_tts,8.41725,-20.704991942377372,-0.36799445817159926,0.0,-2.9937861441043836,-32.91315333538509,-22.801819738487787,8000.0,-10.992049689968326,5.771002952847432,-1.6156156452714683
diffgan_tts,5.3986875,-21.051456065857806,-2.5098962381545507,0.0,-9.345341076156007,-29.23152545015505,-27.50538819657972,8000.0,-12.43299704590973,2.8192059137162104,-0.39180633411967847
diffgan_tts,2.6586875,-18.99675472208495,0.036562772702509704,0.0,-9.10008276890321,-26.332327143870437,-27.013837280720267,8000.0,-13.07223016880154,2.519095325704697,-0.016039647954308123
diffgan_tts,6.30425,-20.09999596957879,-0.6215430012636424,0.0,-9.802048473253217,-28.784818996450575,-32.804533028317195,8000.0,-15.90604975471878,1.0754469224418273,2.880264517899761
diffgan_tts,4.4234375,-19.84453641695632,-2.2955732111305998,0.0,-1.849618698789902,-21.216860651413356,-25.089738748678847,8000.0,-9.25770755732676,6.255055359170704,-0.9248564189037793
diffgan_tts,5.3058125,-19.142283159949127,-1.0472660748737965,0.0,-4.677698614828355,-28.34079198143873,-26.980297693316725,8000.0,-13.875774699119354,5.325191050787112,1.443471258168941
diffgan_tts,7.86,-20.767119774770055,0.2659641553673926,0.0,-2.826195461119143,-24.41582437088261,-29.011283872244796,8000.0,-10.29896096108208,6.247576174784413,0.5543330255951275
diffgan_tts,5.9443125,-17.607748359194815,-2.2727020897237153,0.0,-7.637618720605545,-30.325828801189484,-23.391062500777682,8000.0,-10.627728083695377,4.643758290851231,-2.821495272200181
diffgan_tts,6.025625,-19.860733206136047,-2.465554614741083,0.0,-11.497915031824542,-34.01804307986003,-28.700799160459006,8000.0,-16.806276908657498,-0.4064787527475531,-3.78405845584588
diffgan_tts,6.19975,-20.35030950891524,-0.08549904152192292,0.0,-19.658881619636787,-23.177543597327315,-25.39010127724474,8000.0,-10.446044506004384,6.655951712028184,-0.1365244700584043
diffgan_tts,6.478375,-20.76087144484181,-2.393533386059615,0.0,-4.779774129859543,-31.22675722126478,-27.1442113522759,8000.0,-11.988760287001575,4.987943608179151,-1.0887738279044612
diffgan_tts,6.6176875,-19.871917390845113,-4.10625828158911,0.0,-5.554848462062857,-33.40445184384609,-25.319258681361294,8000.0,-13.175047901877726,3.6750333645793347,-0.7453889716088753
diffgan_tts,5.236125,-18.895182038015886,-0.9285533454977684,0.0,-7.952602568436383,-31.765204590243652,-25.59529645159103,8000.0,-14.637328770078568,3.7613115999104636,-0.8483461022046725
diffgan_tts,6.40875,-21.16250724238956,-2.4637368684883927,0.0,-14.486260168506142,-36.09937623058983,-26.594179624746722,8000.0,-15.82495020843222,-2.433209971785061,-1.5124534672627874
diffgan_tts,4.66725,-20.02217694181823,-3.6112379230014504,0.0,-4.58658236978636,-22.67632228053836,-25.231289691484694,8000.0,-12.059235645609512,5.235900724551982,0.4695657329845062
diffgan_tts,6.223,-19.438136808439197,-3.0126947975386957,0.0,-9.925200434813545,-32.98713819043001,-27.250517643504857,8000.0,-14.065928981598287,1.9952127050892585,-1.251975943068075
diffgan_tts,3.8313125,-19.6342798296006,-0.4821131107224533,0.0,-5.470881643995877,-25.060050121152486,-25.446960092872125,8000.0,-18.73943782864617,-0.889395640342947,1.463508184225013
diffgan_tts,7.3143125,-19.8837565602589,-2.745118402423041,0.0,-14.819441470073457,-22.79791010748955,-24.066729262595132,8000.0,-10.18141321440011,6.748756376497376,-1.1561317485618758
diffgan_tts,3.204375,-19.888255590672507,-4.629108882458689,0.0,-17.485419933241037,-23.04434668703394,-24.003222716327368,8000.0,-8.01099349827765,7.086527782607092,-1.914447543428551
diffgan_tts,8.8584375,-20.62535983645374,-2.787776513484178,0.0,-3.3305711755157965,-22.984316275542973,-23.410884214523605,8000.0,-10.34504302778793,6.695373170307995,-1.6460391512554082
diffgan_tts,5.712125,-20.96719351552069,-4.109787990945467,0.0,-2.5860286150136,-35.47242357327201,-30.271770162876248,8000.0,-11.585509739407087,4.795630067327316,0.30406111731441854
diffgan_tts,3.425,-19.945770565761865,-0.1729872037449849,0.0,-8.951039766585877,-34.56404544788696,-25.358842257830915,8000.0,-12.068498477591291,4.138434082407784,-3.1483906890088775
diffgan_tts,5.1896875,-20.55663554537923,0.656496840952585,0.0,-2.285545868359689,-32.39151480706074,-29.27561808767709,8000.0,-10.778958732982069,6.468925843799937,-0.656494936604723
diffgan_tts,7.0705,-19.31489860269574,-0.30641474664185825,0.0,-15.93903409621216,-34.413451966512305,-30.855797302165826,8000.0,-15.337855066984517,2.4527907645172746,-0.844944271872869
diffgan_tts,4.841375,-20.137050577510376,-3.695073560352326,0.0,-4.459294117979436,-33.315853129027815,-25.339082679904966,8000.0,-10.943080220332448,4.7176566886968345,-0.03613999996005646
diffgan_tts,10.0310625,-22.461879834879525,-4.093199540876534,0.0,-4.72677225476356,-32.983081709044825,-34.06102802758295,8000.0,-12.40926010559918,6.9824990626090795,3.5231798648893005
diffgan_tts,5.7005,-19.83585232948403,-3.2995474834434706,0.0,-16.28734842068133,-33.15919509524181,-23.27973348899152,8000.0,-8.089259640624142,8.663718312601858,-1.401164504907456
diffgan_tts,11.1688125,-19.595246719096338,-2.842100999658915,0.0,-12.94444758188847,-30.34091122182175,-24.208807223553258,8000.0,-14.230971007479738,2.118515308381184,-2.4397475852097017
diffgan_tts,5.5031875,-19.303898288312844,-1.4893801195792,0.0,-3.7095162132764425,-30.16030039555902,-24.583074740761305,8000.0,-10.739658725863169,3.5606256725280403,-2.1711950638858895
diffgan_tts,9.090625,-19.713458447150522,-2.824578855218796,0.0,-3.9487358228841813,-26.655643185568227,-20.252430374438585,8000.0,-12.1783620167353,5.451516309526056,-0.6103484629760061
diffgan_tts,4.66725,-20.421846722817104,-3.4998088806592986,0.0,-7.947079354808702,-33.84135276880118,-23.9239743640791,8000.0,-11.505023167871123,4.51758510204678,-0.37330206870795024
diffgan_tts,6.1765625,-20.757594836914034,-3.626490390519735,0.0,-0.5266667085071415,-30.73618045080566,-25.36254404579152,8000.0,-14.930525776223448,2.20221532348215,2.1952386475302816
diffgan_tts,4.574375,-19.544237937180597,-1.2482969828955217,0.0,-18.372584343434145,-23.52657903705847,-25.589218237141022,8000.0,-16.31598730291691,-2.7207185688064826,-4.278409606384713
diffgan_tts,6.9079375,-18.967228864898114,-0.8361509993949545,0.0,-6.6463481705579515,-30.09506290158827,-20.306684481939193,8000.0,-12.228414582654498,3.7412357474305153,-2.7391490945313848
diffgan_tts,7.83675,-21.142664556872546,-3.02391517530776,0.0,-13.466742443866435,-34.975389508806856,-27.06368038571877,8000.0,-13.194899942072972,2.582993385265823,0.22097783707366148
diffgan_tts,8.4869375,-20.041386820547466,-2.4895650844548998,0.0,-5.007606702767486,-24.298394440894473,-21.31363354156772,8000.0,-11.003720180921306,5.576643788873838,-1.9188721621319615
diffgan_tts,4.9226875,-19.93984317379244,-2.9354707636815514,0.0,-8.252768019252544,-28.328717934540016,-24.11039150349461,8000.0,-8.83213208289449,5.065543282506702,-1.1535290622731011
diffgan_tts,4.29575,-18.421646712329864,-2.6471775972684135,0.0,-6.282678425369655,-33.3848483853512,-26.93623251502583,8000.0,-18.91198874108362,-3.838378108464383,-4.323929157086553
elevenlabs,9.9265625,-23.1780590686793,-6.164787539556719,0.0,-36.152058778953645,-46.239634898258615,-31.298373749452928,8000.0,-15.989587204809496,-8.868086652624157,-10.667511147651318
elevenlabs,12.9045,-24.11158870408395,-4.3601721428849585,0.009316770186335404,-73.75752406812728,-65.67573931619857,-57.632613790943665,8000.0,-25.20442978175936,-16.262901525169816,-3.888238209251753
elevenlabs,10.0310625,-27.358461099724984,-4.953912730157646,0.001998001998001998,-58.21952125647397,-53.39198266126235,-43.013954768102934,8000.0,-27.331741607607682,-29.506331704876295,-7.170362475232778
elevenlabs,5.7991875,-21.77361307749667,-5.643354953078098,0.0017301038062283738,-42.313147958446564,-44.37461387628569,-31.10252624102073,8000.0,-13.979882271315716,-6.645845920763485,-9.966311841341678
elevenlabs,6.7135,-20.67096031960355,-5.225521075295765,0.0029895366218236174,-60.22129880947081,-59.341919049201294,-54.298374452675034,8000.0,-18.276086057011504,-17.081629654341846,-8.96566514830549
elevenlabs,8.071875,-23.373085086923084,-4.424251428003895,0.016149068322981366,-71.04297505666267,-70.34888849440352,-50.69501428117377,8000.0,-20.864906188820115,-20.920115145550177,-5.737603863704365
elevenlabs,5.9298125,-25.46943110955681,-4.52736494540411,0.011844331641285956,-59.43201322299053,-62.691784624741054,-60.37745910933317,8000.0,-22.898773151180222,-16.81489147101916,-4.439575132241984
elevenlabs,5.668625,-23.293096851487675,-7.938251807396615,0.0035398230088495575,-40.91758332805067,-51.24983202624682,-31.500776697542957,8000.0,-14.134783167034286,-2.6901622778131724,-11.18792400390845
elevenlabs,5.8775625,-22.927275705128515,-3.2794884793239336,0.006825938566552901,-72.78701779118511,-70.45999941139036,-59.26527178103659,8000.0,-15.654705621013761,-16.862554360621218,-3.282794322485799
elevenlabs,10.71025,-22.778852851440323,-5.723170627566573,0.0,-37.520708422005285,-39.25548719508491,-32.52882525980337,8000.0,-16.34388772602081,-9.839021347906282,-6.959974246249047
elevenlabs,5.329,-27.038754458767226,-6.234438450497618,0.005649717514124294,-49.592628489498146,-60.24404473428665,-43.99102086433704,8000.0,-12.670054193986267,-5.971036443382154,-4.314382625709236
elevenlabs,5.747,-21.459102969524974,-4.504767716713822,0.0,-43.890725075587014,-46.56822105609372,-34.893238302740386,8000.0,-19.978471877742535,-18.489056463356476,-6.689958865703645
elevenlabs,7.2881875,-21.96477042717678,-6.02350019424316,0.0,-39.442796052440514,-47.00922809029713,-31.98182975743175,8000.0,-16.36321359569363,-10.44298448795795,-11.049210995602294
elevenlabs,6.2171875,-21.050171381073216,-3.089345184858414,0.0032258064516129032,-61.947018097406996,-21.790905990353213,-31.85437697221526,8000.0,-20.883856239057494,-23.47785434072498,-12.692553096023389
elevenlabs,8.5943125,-21.259802150364195,-4.7287422897498885,0.002333722287047841,-59.44986924245528,-55.12479805655501,-48.6269830646016,8000.0,-19.430019796154752,-16.65734625862791,-11.00231872572509
elevenlabs,10.9453125,-23.726054846719084,-3.8855075989499177,0.0036596523330283625,-71.5250778512403,-69.27827425776835,-66.93092560043468,8000.0,-20.224304683858485,-19.570536508617636,-4.313932816840364
elevenlabs,5.511875,-27.63275575439149,-5.708782662627429,0.018214936247723135,-70.39599062950472,-63.93232508384968,-62.180347112544034,8000.0,-21.7315492937353,-14.857259474492167,-2.3123920428623137
elevenlabs,8.6726875,-24.67277470106834,-3.562170565616113,0.06358381502890173,-61.829855354597385,-70.28377362592677,-63.227364318135145,8000.0,-17.233196719846823,-18.002354311920982,-5.034401638487807
elevenlabs,5.8514375,-25.91204641089021,-4.435443097392533,0.00686106346483705,-66.40245438147309,-63.14942960076885,-60.166492722037525,8000.0,-21.036166159470035,-13.445897518516375,-3.9003652325337583
elevenlabs,5.38125,-24.44497945558139,-6.005361473327492,0.022388059701492536,-57.52860966128864,-70.25027135054933,-60.5704260344133,8000.0,-14.336355854291781,-11.64945094620353,-3.5541274977649167
elevenlabs,5.9298125,-30.225342938396878,-8.169643967475226,0.001692047377326565,-44.591965988290475,-46.351574423793444,-36.81863184224041,8000.0,-6.706229452656487,-0.8364927415931191,0.7419537921627963
elevenlabs,6.635125,-23.31829512388978,-3.392843561171717,0.00906344410876133,-74.40723081274533,-70.5818611279434,-61.48078224463736,8000.0,-16.216751555858046,-16.168029153283193,-1.2336679019916232
elevenlabs,5.9820625,-27.45477082619507,-4.351805483186528,0.003355704697986577,-63.30947747617205,-63.211615871308666,-57.974003434785445,8000.0,-12.535690548629375,-7.294379075109653,-6.183926861276788
elevenlabs,7.3665625,-24.46246873375101,-2.7674393100159014,0.0013605442176870747,-60.67160420602145,-61.29286192044329,-57.46122119760191,8000.0,-21.07378784670322,-25.75998815759948,-10.987904447446468
elevenlabs,8.2025,-24.70521733937353,-5.543003874967378,0.0012224938875305623,-58.254590634843225,-54.41651987396199,-51.63477496552734,8000.0,-25.65872056711563,-28.79531241213239,-4.674409678111175
elevenlabs,5.4335,-28.102044317360033,-7.318066946202939,0.0036968576709796672,-51.212510148759605,-37.86435600722196,-24.876797265749563,8000.0,-6.369742787067942,-1.3020401550984673,0.42206392926402003
elevenlabs,7.706125,-25.516356491486654,-5.866524623575028,0.0013003901170351106,-44.34728474304237,-58.589882035079604,-44.37256261364947,8000.0,-25.144335529758045,-32.729997417685865,-13.369181436662387
elevenlabs,6.1126875,-29.19266464982315,-7.623850401100018,0.0016420361247947454,-45.220151711369375,-38.46990657090674,-28.304981432327985,8000.0,-3.196282641239023,-2.351922668745914,0.48926386661432275
elevenlabs,6.1649375,-22.204559145373096,-5.855252639419948,0.0016286644951140066,-56.25580401155692,-55.46747390162936,-35.93677359108709,8000.0,-14.93429135559984,-13.08708422141796,-8.074139245362602
elevenlabs,5.459625,-23.0293013610739,-8.131100877958158,0.0055147058823529415,-60.18885429114806,-42.67516008092838,-31.858469652080547,8000.0,-18.370282393991076,-19.76034333013375,-7.005819197902511
elevenlabs,5.69475,-24.429158575131027,-3.3619974181060046,0.001763668430335097,-62.31732569458359,-58.25956810128001,-58.33867897554657,8000.0,-21.045257886655307,-17.754227374998152,-12.322783666284778
elevenlabs,10.449,-25.05241374190282,-2.2392276189207077,0.0019175455417066154,-54.9787317959111,-51.68218805273342,-44.965961229355514,8000.0,-25.848505919883927,-36.27002870606336,-9.360390852475774
elevenlabs,6.87025,-24.725682421155643,-5.479221014365029,0.00291970802919708,-58.75966038450379,-50.36616824238976,-43.15392078251332,8000.0,-15.704651326748348,-13.108048538438794,-10.047446296688406
elevenlabs,6.0343125,-23.120576798029674,-6.320088074499889,0.0016638935108153079,-40.08721761042513,-37.92014001931764,-28.75633132445252,8000.0,-18.440016012370194,-6.990347141127465,-12.26838672865587
elevenlabs,5.459625,-24.75199221581793,-4.793190391699301,0.001838235294117647,-50.614026279915805,-50.43689106440101,-46.25346441377147,8000.0,-26.75180611684368,-35.05859180913402,-7.556251933303116
elevenlabs,7.7845,-24.715098117117048,-3.488415544378809,0.002577319587628866,-64.48619247940444,-61.32049829687111,-58.79519996447533,8000.0,-18.896854217130105,-23.009566058401717,-7.947098570582
elevenlabs,11.650625,-22.88634790772341,-4.161214260006714,0.0,-35.70466985420243,-46.15839791544694,-31.042551558222506,8000.0,-16.431597569799436,-11.559050840454788,-9.414719308022036
elevenlabs,7.6539375,-28.235575151493535,-10.68717152123515,0.001310615989515072,-45.9268470879652,-46.975892074651455,-40.74677639043567,8000.0,-21.666430808814226,-7.25109679557535,-4.029149569291874
elevenlabs,6.0865625,-24.64650542166027,-7.534600595092364,0.0032948929159802307,-52.57832930511008,-46.59530862187068,-29.70695078045533,8000.0,-20.994925120954264,-21.266726806170098,-7.864077116983978
elevenlabs,8.2025,-24.64885215368301,-4.1552749720758495,0.0012224938875305623,-53.46050069194527,-51.318483323575066,-49.528231974701214,8000.0,-15.970403217850809,-18.723035844281952,-6.135626763979815
elevenlabs,5.4335,-19.72196851298944,-3.011048279050083,0.0018484288354898336,-55.75295301955343,-51.21736988498978,-39.81650708719941,8000.0,-23.521781246329482,-23.93465603779274,-13.666479701341189
elevenlabs,7.2359375,-24.3882115093649,-3.97762275098255,0.002770083102493075,-65.66272950486635,-65.99665624666166,-58.68024308791486,8000.0,-21.48122105639486,-20.377911069095077,-16.100998489423432
elevenlabs,5.198375,-21.14119759104377,-3.254365789348089,0.003861003861003861,-63.822587796784354,-57.856685166476375,-48.70476734270787,8000.0,-27.808610093911433,-32.3599513032276,-7.292202083657131
elevenlabs,8.4375625,-24.012624690172967,-3.062611036042169,0.06175771971496437,-67.1327291068168,-71.2108004462587,-69.58832476853527,8000.0,-13.867934418200143,-10.952931737718814,-0.5721035713943508
elevenlabs,6.3478125,-25.82013726250665,-6.916192457667867,0.001579778830963665,-62.64282734897073,-63.673083374762044,-60.4783379866456,8000.0,-20.930084076150685,-20.818264509182264,-13.097339921721229
elevenlabs,7.5494375,-23.618866588634788,-6.340772649994798,0.0013280212483399733,-35.20379790781972,-33.25144978399102,-25.852785997464327,8000.0,-15.345866416220538,-15.149202335717426,-10.30496318095716
elevenlabs,7.2359375,-21.812911213766846,-4.660355565822135,0.004155124653739612,-73.16656394181615,-71.97110425687995,-58.98413369209831,8000.0,-23.192897040052124,-21.3919167926044,-3.3683743387930605
elevenlabs,12.068625,-25.871176120745403,-3.8888371841614418,0.0024896265560165973,-49.09141666046237,-65.5299796887829,-57.520729374098295,8000.0,-23.75646708507321,-17.539394832338907,-6.424964043207098
elevenlabs,6.687375,-27.21045776455338,-5.591223653375028,0.005997001499250375,-60.78979353576909,-63.18792614267184,-56.58133216296457,8000.0,-18.195189926554704,-24.013331985200395,-10.09868230764485
elevenlabs,8.25475,-27.824342361000767,-15.267445260234926,0.001215066828675577,-49.41106939429403,-45.79310973378428,-36.146573261732954,8000.0,-21.844688860180092,-11.422678364310599,-3.5786329572098197
elevenlabs,7.3404375,-25.16684658977393,-2.1095631229953593,0.012295081967213115,-71.07871197385336,-70.0793308589977,-68.70862107674768,8000.0,-13.820484606731824,-12.470339629872228,-1.247155650637069
elevenlabs,5.8775625,-26.91397328134796,-4.591828729980714,0.005119453924914676,-68.50225069989611,-67.42590330071883,-63.35045561619096,8000.0,-18.255895369805977,-18.02706649731109,-2.9822038291208486
elevenlabs,11.78125,-30.464682460825074,-10.498469908058786,0.0008503401360544217,-43.45391869960176,-42.040895679216646,-38.347981796337464,8000.0,-22.163906552313613,-3.932720634073675,-5.225385973767061
elevenlabs,11.2849375,-24.26214340049708,-4.251704399218302,0.0017761989342806395,-64.91339709022571,-64.14457256589051,-50.87035755881211,8000.0,-20.917815432589776,-14.150260228994554,-5.537880193367187
elevenlabs,11.964125,-30.417194096108847,-14.889034280627303,0.0008375209380234506,-38.15158372071473,-42.26261170389352,-31.95178397300382,8000.0,-21.9300463852406,-1.3666562571382173,-2.607201549735734
elevenlabs,6.2694375,-30.850424574400908,-7.558721222828861,0.0032,-47.5586123226218,-38.95439467113363,-25.57582571415288,8000.0,-4.113952328502641,-2.385840651867369,-1.3844073048870342
elevenlabs,6.7135,-25.247370876214973,-3.5069789546725167,0.0014947683109118087,-64.6146157999841,-58.23983540979118,-56.56969496557133,8000.0,-18.849904004925087,-22.613573999416914,-11.948637823258082
elevenlabs,5.616375,-26.290558281766817,-4.897759957067014,0.0035714285714285713,-58.63645621095657,-50.846602348390846,-36.060124182147376,8000.0,-12.980729503798067,-6.752807752642163,-3.9392309248724473
elevenlabs,7.1053125,-26.182722216969463,-3.641025805285447,0.005641748942172073,-62.55891997029367,-64.84939792432269,-58.51742578613232,8000.0,-18.97987009271356,-15.141022837589247,-12.750824410887958
elevenlabs,12.016375,-30.520789037420304,-6.817038663492124,0.0008333333333333334,-28.383167634947938,-45.76857428445129,-36.16189645518849,8000.0,-6.786211222192989,1.5323513632606947,1.2909794099179166
elevenlabs,8.96,-22.445375009443282,-3.861837624656861,0.026845637583892617,-69.88007345761466,-73.02626480590047,-70.70044707503058,8000.0,-19.87328391141601,-16.220103603876957,-1.8457163839406974
elevenlabs,12.7216875,-21.110163642544006,-3.9906450243821308,0.0,-33.87366229633144,-32.91000245880957,-28.39294163034024,8000.0,-18.665182523702967,-9.81418542218011,-5.031126477307666
elevenlabs,5.4335,-21.594258873450777,-2.2822790454421957,0.0073937153419593345,-48.69653477269071,-64.24064740342561,-39.79638665909316,8000.0,-16.651688834611676,-13.730399604106978,-7.365324786084329
elevenlabs,12.4865625,-24.780882314319918,-4.299771957595515,0.010425020048115477,-66.04493963895239,-67.18297406897105,-60.821301978202754,8000.0,-21.167669815541842,-18.330865639747252,-5.031243250317132
elevenlabs,12.120875,-26.633596946881152,-5.08305465682577,0.0024793388429752068,-63.04584203464758,-66.08869246398538,-58.14721750973365,8000.0,-21.02569618677083,-13.161533325405344,-5.381287448342874
elevenlabs,7.967375,-23.267365664960607,-5.140420798518769,0.0012578616352201257,-61.84240113722359,-44.60181695710308,-51.54044727601071,8000.0,-20.83882144689113,-19.931938900500384,-2.9202917016884555
elevenlabs,5.616375,-28.926667268742648,-6.147508315015861,0.0017857142857142857,-44.40880349920324,-60.53155176826548,-43.39908908781232,8000.0,-11.164408629051252,-5.390093979433196,-5.645742615813937
elevenlabs,7.3665625,-30.56652978503142,-7.437367969582535,0.0,-40.42031793213829,-31.469825596676746,-31.771149317286447,8000.0,-3.209062270460251,-0.2041371261021112,-0.22061299074373153
elevenlabs,8.4375625,-22.923963997167355,-3.450188269611218,0.0011876484560570072,-61.84023703455033,-52.94188717445935,-49.01479240695322,8000.0,-23.58046597989693,-36.18326505181574,-8.284963108439001
elevenlabs,9.2735,-26.74322365545666,-7.6763909009742335,0.001081081081081081,-64.02264529794101,-63.11497706616242,-60.49267348582938,8000.0,-20.29729275013949,-20.825741889581266,-12.35471004163415
elevenlabs,10.8930625,-30.34527100565134,-12.590987111795599,0.0,-39.82514927688721,-40.59592820071385,-33.93914863419208,8000.0,-21.027135602589937,-4.1461711463489905,-0.49561091897264475
elevenlabs,7.000875,-23.101635058300076,-3.9204753895667315,0.011461318051575931,-63.29044021292762,-69.54352838473925,-70.65036783603392,8000.0,-18.164779028414294,-18.135917013338876,-3.100225946870779
elevenlabs,4.5453125,-21.72964068060995,-2.4747933175867813,0.004415011037527594,-61.7264718769015,-65.0086183723049,-40.79089847667843,8000.0,-13.020382018051713,-12.26376854047335,-10.042485272814602
elevenlabs,6.2171875,-21.196175144168375,-5.229166148601739,0.0,-38.451110853685925,-43.43571146858902,-30.91760728680044,8000.0,-21.28755109870943,-14.674462548052261,-7.910640573536725
elevenlabs,5.511875,-29.77306668072284,-4.388044403745313,0.0018214936247723133,-57.819251474841636,-39.9957695230825,-39.177880987063716,8000.0,-10.732485671937049,-7.34496098398413,-5.263477218536018
elevenlabs,12.1991875,-21.310173159518765,-4.251900278411989,0.0008210180623973727,-33.18912657489266,-37.103617868015334,-28.208959025413748,8000.0,-17.956915217154894,-6.759765148924885,-9.106013602608577
elevenlabs,10.684125,-25.010193155459753,-5.604681120112427,0.005628517823639775,-62.0823977282427,-70.37521129748166,-59.783725459193235,8000.0,-22.58306253651159,-20.581041566790702,-3.3039610020085917
elevenlabs,11.4155625,-24.657750624129374,-4.1188054980697935,0.0008771929824561404,-45.372586949178014,-58.02945311465889,-43.97969203763206,8000.0,-28.354214183427956,-31.75321264762028,-8.46520870507004
elevenlabs,5.8514375,-22.517034546218984,-7.798752526164102,0.003430531732418525,-36.56884878076359,-38.64203622731338,-28.498807167685168,8000.0,-15.614370784160315,-6.348519008252062,-10.302102508754231
elevenlabs,5.9298125,-29.130294310598643,-6.6347622892673295,0.001692047377326565,-59.463870997747996,-32.89547654537572,-39.4467908278667,8000.0,-12.125375350411673,-7.68452331988717,-4.1182725043108235
elevenlabs,8.307,-26.26445562635336,-6.2595171002410055,0.009650180940892641,-69.83900540331776,-66.25872859179408,-60.13608398812494,8000.0,-22.669782835218456,-16.862595167843466,-5.319197673420717
elevenlabs,6.9225,-24.954969593833255,-5.177766535332953,0.007246376811594203,-65.1037303418122,-67.28490705981362,-56.98815202533953,8000.0,-18.961992164004798,-24.33771024578313,-12.979163554745838
elevenlabs,7.4188125,-26.449493995717592,-7.460973567016454,0.002702702702702703,-58.01475629307621,-61.86410746953501,-37.4956113279337,8000.0,-11.748879316210981,-1.3687325286748973,-3.185654237049029
elevenlabs,5.511875,-24.566166747880104,-6.0918810405853385,0.00546448087431694,-68.24837479569534,-69.091238729712,-67.32781668868397,8000.0,-21.274049928304912,-18.45388928482523,-2.802746777176978
elevenlabs,13.218,-23.98784615005316,-4.00978866617276,0.0007575757575757576,-59.905562740210954,-61.16047240557576,-46.80462110360776,8000.0,-23.738725439911953,-32.05887597983063,-6.552212810447514
elevenlabs,5.0155625,-27.821540203166446,-6.766284167350644,0.008,-57.99719211026229,-61.91017656635931,-49.526277254405684,8000.0,-10.283580037994042,-5.750446638815873,-4.276463624937513
elevenlabs,8.3591875,-23.561094389351595,-5.375436185942517,0.002398081534772182,-63.103923267453354,-63.4333045581685,-44.17878360048003,8000.0,-12.91610009163358,-11.23665658936136,-8.728375880478055
elevenlabs,11.78125,-25.12188268986026,-3.60509102390513,0.017006802721088437,-70.48218816726475,-69.6286655788183,-64.87665716626694,8000.0,-19.905552379651795,-15.433888145247352,-1.3919492460271954
elevenlabs,5.4335,-25.099971255036834,-4.187985754961058,0.0036968576709796672,-60.02802476706441,-62.05936934748118,-56.92463357064267,8000.0,-20.984178988273136,-20.97706577105744,-15.415583177950808
elevenlabs,7.758375,-22.40095387682661,-5.99707238325832,0.002583979328165375,-63.42807627796495,-56.70398580648215,-29.762704062843778,8000.0,-21.854406981683482,-19.422929756782295,-16.677241574362824
elevenlabs,7.0530625,-22.136653141911786,-4.28544063035781,0.0,-37.6192074246116,-35.27507076532844,-29.206376113426554,8000.0,-18.793944733453124,-9.44493264273563,-8.747200618334674
elevenlabs,9.9788125,-30.347379037272745,-7.910860261916949,0.0,-45.18793259459187,-47.13487890651358,-34.33925331279124,8000.0,-3.681145522434001,-0.36300093472225825,-5.029512495461589
elevenlabs,7.83675,-25.394968921732513,-5.537168596365748,0.011508951406649617,-68.18717129000215,-68.63041411914219,-65.70705311211437,8000.0,-15.761718572885101,-13.581820959183979,0.8684625029516297
elevenlabs,8.019625,-27.05568609232486,-2.0904578473594175,0.0025,-62.468841988810766,-57.54361069555014,-54.14350721413027,8000.0,-18.629941293209235,-21.89170699181902,-9.482629361400853
elevenlabs,7.1314375,-26.831043936409955,-5.15877860874045,0.0028129395218002813,-63.39981149147275,-64.19936128012307,-59.30679565588487,8000.0,-24.822581851048504,-17.2463721240132,-3.861633494761705
elevenlabs,5.4335,-21.369455041427226,-6.416510772683257,0.0018484288354898336,-39.48781670426455,-47.44534886989638,-32.17598228522607,8000.0,-16.555743290234368,-9.162617779688212,-9.158948535327724
elevenlabs,7.1314375,-25.386251233243136,-5.7728911614125575,0.0014064697609001407,-56.487531301754736,-46.486247870255674,-42.21040261722138,8000.0,-20.22055205838891,-36.87434439996163,-9.999113476031567
elevenlabs,8.4375625,-22.452754664029708,-4.526750366325308,0.0688836104513064,-47.879664161857264,-72.81583796216644,-73.26486377777272,8000.0,-19.252995028641436,-17.195004881196674,-7.730013425055603
elevenlabs,6.1126875,-27.550835113948366,-4.871194399556834,0.0049261083743842365,-57.91622335489267,-58.44099659947667,-53.43883069798061,8000.0,-20.899614058493384,-16.195004668954184,-4.85809875548243
elevenlabs,8.124125,-29.068903445779245,-10.935079253684329,0.0012345679012345679,-36.99838100675576,-43.93890806613512,-32.51629501721928,8000.0,-21.691908959092068,-7.072984672552195,-2.6621022950873794
elevenlabs,5.9820625,-22.454114786314825,-3.9932202981254896,0.003355704697986577,-54.79583415643822,-59.99509778472289,-41.3639845215357,8000.0,-17.162412121832503,-14.277365088015003,-6.423259600448574
elevenlabs,8.7771875,-23.170761553915284,-2.325063524408505,0.0593607305936073,-69.38623093929132,-73.0597344034777,-71.63316165360554,8000.0,-15.638342163113442,-11.344250971505765,-3.523931768356668
elevenlabs,10.39675,-21.44427346390353,-5.774396433342046,0.0009633911368015414,-36.83738131708904,-39.610188643730964,-27.984197234501362,8000.0,-16.315328438665148,-8.930547325590965,-8.575029930390443
elevenlabs,5.459625,-20.801412581155276,-3.950774882462821,0.001838235294117647,-52.48802270693399,-32.42415268904577,-32.210084317230326,8000.0,-24.290396432379538,-24.023523255349374,-6.410186227592135
elevenlabs,5.564125,-22.31684648086095,-3.5865379630046546,0.0018050541516245488,-61.21799674135889,-57.646711229769764,-48.10112413163513,8000.0,-25.430147322718817,-33.46544444130119,-6.40647439594396
elevenlabs,7.4710625,-26.292754316012022,-4.79119481487548,0.004026845637583893,-61.29337064040802,-62.89821909474224,-59.48051438005414,8000.0,-19.960475500362044,-25.655443564531687,-11.719966066497093
elevenlabs,13.6098125,-24.68247116131191,-4.409368099487556,0.05003679175864607,-65.44732407509153,-71.28428392424283,-62.87269154086043,8000.0,-23.090718261888085,-13.913074237148287,-4.208604592163567
elevenlabs,9.378,-25.325148314754085,-6.0112078021906035,0.002136752136752137,-53.058345623405785,-62.33752222571721,-47.881228598810054,8000.0,-23.39511896212091,-35.77868967501438,-7.25323171058271
elevenlabs,5.69475,-27.224972138699513,-9.099278182247566,0.003527336860670194,-63.083133483909876,-61.55614477029475,-58.39620948305611,8000.0,-19.56504101535478,-20.777887559535472,-15.648695245766405
elevenlabs,8.5420625,-33.569464318207885,-12.31268901243686,0.0011737089201877935,-41.13180163069477,-44.76256667169973,-38.89490996111846,8000.0,-20.229980993090294,-10.0889245213844,-4.974250970393712
elevenlabs,7.7845,-24.216994675673952,-5.113197772573022,0.001288659793814433,-54.69039634029348,-48.89528398889568,-43.97931965005484,8000.0,-16.843477120965474,-15.489936711423454,-8.906347973786154
elevenlabs,10.527375,-23.38093074571926,-3.0910870347912276,0.09134157944814462,-68.30863132497747,-74.64729241214303,-70.17782708810464,8000.0,-16.83113695366746,-13.463305635659097,-3.4600950078232415
elevenlabs,8.8555625,-29.190450027070966,-7.966273479881323,0.0011312217194570137,-59.21373778377243,-44.9502939395458,-48.142554293531276,8000.0,-11.691220019225149,-6.451105929417167,-3.271091472176259
elevenlabs,5.27675,-23.21599808143306,-4.85490263909493,0.0019011406844106464,-63.20849525540207,-61.91750084728915,-62.20022610645516,8000.0,-18.094383351122936,-21.912626309251422,-10.672022062871648
elevenlabs,6.1126875,-24.653008247162166,-3.027500994942338,0.0049261083743842365,-63.21038870398619,-65.80619745531052,-62.200471828984085,8000.0,-22.42168996226529,-16.366670351322817,-5.045962954813291
elevenlabs,6.2955625,-28.552867559448735,-7.781814904078416,0.0015923566878980893,-57.46243445003309,-38.761896271041515,-34.44127577002461,8000.0,-14.66212402529937,-9.419768743708211,-4.1118168553593435
elevenlabs,6.2694375,-30.591551405407852,-10.180692449195783,0.0048,-57.802371083116824,-58.55106010058209,-53.89483162862183,8000.0,-11.872687786759577,-1.4438343812145504,-3.6100548099540077
elevenlabs,5.38125,-30.863302021363722,-15.805866666427885,0.0018656716417910447,-39.446376594515584,-48.52508314273231,-37.775419693493404,8000.0,-19.03234760598128,-4.857267227154551,-4.945735348479246
elevenlabs,8.96,-31.274314852745263,-11.544916232628978,0.0011185682326621924,-41.838606995542634,-43.26853653067525,-33.33404573864506,8000.0,-19.428639023563626,-0.6921860521794798,-5.229143116609379
elevenlabs,8.176375,-24.831230990391706,-8.038752949665733,0.007352941176470588,-62.70970132726782,-66.68069644813679,-54.65245064709396,8000.0,-20.884921585781797,-14.692301806747828,-3.5130440491401203
grad_tts,6.1185,-23.383606710233845,-5.331560216796695,0.0,-5.948229444081118,-34.53292377136339,-32.04541909680838,8000.0,-10.719677301382468,4.913924124366275,-2.798181925098575
grad_tts,3.0766875,-23.410179791177317,-4.8095083273265855,0.0,-8.450074746776675,-42.13926409387552,-25.08434370091775,8000.0,-10.61920558771262,8.963914443583185,-3.916458011158653
grad_tts,6.106875,-25.024914124506065,-7.59570179438491,0.0,-6.711480162718299,-38.94999247102963,-31.95107642941173,8000.0,-7.612410815270586,11.122574071044845,-0.6370753671693734
grad_tts,5.027125,-23.45687883700322,-6.332472538746764,0.0,-17.07344664710083,-38.22362521341967,-39.515936565439674,8000.0,-9.817377763848945,7.867771084009583,-3.306508165693515
grad_tts,6.3623125,-24.717383009425046,-7.978674211626428,0.0,-19.714700120668844,-37.21161702977764,-29.2025202984619,8000.0,-9.514436238916687,8.338504044197357,0.2243614084895853
grad_tts,5.4915625,-22.548622562316044,-3.7153984915024694,0.0,-5.371674533174755,-38.53565151329276,-31.445320325100496,8000.0,-9.096596439976338,9.564984004035168,5.088315851497526
grad_tts,3.7500625,-25.416249988886392,-5.688025417849928,0.0,-4.531499612429592,-39.382014828744445,-31.68313213947259,8000.0,-1.7106440514746026,14.482696579694313,1.7537338782701681
grad_tts,7.952875,-24.955508498669772,-5.02096942363504,0.0,-15.197012016301745,-36.32666587724367,-39.11225720130331,8000.0,-12.171908062697781,2.6439309249388714,-5.072915088343102
grad_tts,5.805,-23.79349973683199,-4.920342628822848,0.0,-8.747709253478984,-40.23368682514969,-27.783073621348354,8000.0,-9.463032211350864,12.70779271771184,-0.6727684711423336
grad_tts,6.687375,-22.927372907226314,-6.0860804343157255,0.0,-11.872081553760431,-39.53239586259434,-32.47286662572973,8000.0,-10.206071264847026,10.712303943620057,0.20041402094463479
grad_tts,6.6409375,-25.236613883792323,-7.853302079616935,0.0,-10.842587698850515,-37.57667588811007,-35.677491928060114,8000.0,-12.075879182025744,-0.7213564264251318,-0.9462239355343058
grad_tts,6.0488125,-24.758948426048114,-6.703631727848361,0.0,-11.234110929277229,-43.483763337137155,-32.13716510048855,8000.0,-13.988237499957648,3.325030283720203,-3.0165152619142788
grad_tts,6.768625,-24.393640445703014,-3.8532800017615108,0.0,-6.837914720521422,-39.26101890576031,-36.56035254371318,8000.0,-7.872140996209076,10.844758691698189,0.13486472529092453
grad_tts,11.517125,-24.74817613141941,-4.881823228226275,0.0,-8.593952649197114,-35.584091160891205,-31.742722639714845,8000.0,-6.750835252357568,12.692720743486078,-2.1531773815999316
grad_tts,5.7585625,-25.523679515923277,-7.5478591473105,0.0,-4.446723261624474,-38.41524140461111,-31.860354284744066,8000.0,-9.155138048154093,7.100317866780735,-1.0268995255645947
grad_tts,4.098375,-22.449817389517726,-2.094388815982247,0.0,-4.359911448382682,-43.182373200634174,-28.354348451447574,8000.0,-10.22974992582293,10.806298574040909,1.8626477545184557
grad_tts,5.050375,-24.13104779916717,-3.961151892401609,0.0,-6.0665326942163915,-37.93508054670594,-32.795640900414,8000.0,-9.823771770294286,7.247276627213736,-1.4004787150251943
grad_tts,5.6656875,-24.969975368547384,-7.5163866269157475,0.0,-9.241049560820858,-37.72328140464339,-29.504798885638838,8000.0,-12.375897541746447,6.298822989932397,-0.9740197189177735
grad_tts,4.3421875,-23.99414171375102,-6.304605776765957,0.0,-8.034162025182418,-39.4376132557359,-31.667528100540185,8000.0,-7.300968071678348,12.137989925047812,0.34746866695484613
grad_tts,10.8785625,-22.178888822049203,-5.39074220495979,0.0,-11.068418877809929,-40.33394322082247,-30.344442785020043,8000.0,-14.343938493885283,4.149654426508661,-2.413269101700635
grad_tts,4.08675,-24.130164584777944,-4.038469181650603,0.0,-5.941126039340407,-39.618078695324876,-29.483705530051516,8000.0,-9.185383196063405,10.207578780074932,1.0081442003139074
grad_tts,6.002375,-23.43424657948063,-4.129463473475034,0.0,-4.254956193724379,-37.24788321353208,-35.58468987071558,8000.0,-13.328870482047286,5.379070762309688,6.896483575138113
grad_tts,6.211375,-24.32070670537696,-4.91191700915112,0.0,-10.061565195068276,-38.188557131215816,-31.91942154665934,8000.0,-15.16162607917493,-1.0429757315296229,0.6705277689579887
grad_tts,8.0689375,-24.51705721363462,-6.542100164491636,0.0,-13.51691158987639,-39.993394133890845,-32.79380108164091,8000.0,-10.750338859746677,6.664302439257213,-1.0783454670588881
grad_tts,4.0403125,-25.707638255577592,-10.18840102276454,0.0,-20.692528632223294,-37.50749623103029,-28.55604267089982,8000.0,-12.319523071501713,2.973845827231628,-9.738688153664306
grad_tts,7.175,-23.468062480647845,-4.55986612039119,0.0,-10.296962966666356,-41.91855489373379,-29.866006586270032,8000.0,-7.811578947092826,11.325868346990106,2.994331676664231
grad_tts,7.5929375,-25.050477492265685,-6.244258171951142,0.0,-4.382514262214329,-37.29728809111298,-26.882864837251475,8000.0,-8.640155468146517,4.737596064467326,-5.476052486373284
grad_tts,7.2330625,-23.636418380177986,-2.7494579445095684,0.0,-13.876892610188172,-37.21600214274326,-32.3814326175983,8000.0,-8.855662530513271,9.1981074840728,2.1893017985433474
grad_tts,3.8196875,-23.87746529655841,-2.1677284499207823,0.0,-1.3022758230282712,-36.0655998020617,-28.44071351297403,8000.0,-10.085209016349353,4.604389776568276,-6.345307713668774
grad_tts,8.4869375,-24.02466461244071,-4.523443886767258,0.0,-7.613188860652759,-41.48519024256804,-36.109727356124864,8000.0,-11.478608308135279,8.846110272073318,-5.182587434710662
grad_tts,8.800375,-22.457574554152735,-4.60206244189116,0.0,-8.779363878116445,-40.43014777061338,-32.86064217304763,8000.0,-12.954198112792604,5.403304607534118,5.195863109464071
grad_tts,8.8700625,-23.69610960787355,-4.60972309433111,0.0,-16.505392191127058,-39.998595830390364,-33.22003775506974,8000.0,-7.414091486446878,11.908831046774516,2.685979393155712
grad_tts,5.2825625,-25.539126625419946,-7.601735519097038,0.0,-14.437816002834172,-38.02605197494806,-39.20151358199395,8000.0,-10.977349277809552,3.6711585231846726,-0.27077591219065766
grad_tts,5.9791875,-21.970447966246542,-4.551048327741211,0.0,-6.844744625434128,-42.97099336731199,-36.000902724638095,8000.0,-14.535949957818886,5.251525696749226,-3.405519117738983
grad_tts,9.113875,-25.58678970049253,-8.272307870315478,0.0,-4.147451828810063,-33.52786012667475,-29.422232853483578,8000.0,-8.09456157110936,0.4322596466465285,-3.0142698178922274
grad_tts,7.743875,-23.286834103623715,-3.123957280390639,0.0,-12.994675697496117,-40.2764579710323,-40.587603211241344,8000.0,-11.904162353366694,2.023935687154811,-0.4515333033732247
grad_tts,9.4621875,-23.917486168735962,-4.128985934015471,0.0,-17.150948476168676,-40.69004594465807,-35.63502564440135,8000.0,-13.365335712853195,2.4780145849116266,0.8826360989333111
grad_tts,7.4884375,-25.45992437556828,-7.700731873418953,0.0,-19.45079601791338,-39.82692171353108,-34.0268434305211,8000.0,-8.200830137227129,9.664721845219717,-1.8069109586317254
grad_tts,5.3754375,-23.991590904188477,-6.1752248388537065,0.0,-4.5085145985295405,-41.11622649288306,-27.40657903196032,8000.0,-11.627726883378074,3.990349959095198,-0.9138144892101749
grad_tts,2.995375,-23.56891895421373,-6.3171494623087,0.0,-16.90278051983771,-40.313266202603316,-27.476118451168634,8000.0,-9.341690957153581,5.109560627682576,-1.001276519697818
grad_tts,5.0039375,-24.850243193205365,-6.994096839034265,0.0,-7.98689154691246,-39.337690820242585,-28.937957028499735,8000.0,-9.664066616769347,12.349419223722904,2.0298660864749607
grad_tts,3.9241875,-24.20251999472086,-5.1523674507705355,0.0,-3.989164841812304,-39.38576514408862,-43.38389526387536,8000.0,-7.4768612244685215,10.069688413318424,1.3751479023864803
grad_tts,7.1401875,-23.398647743318023,-6.783098240830185,0.0,-18.733186637208536,-38.20686003211058,-37.963190390214905,8000.0,-9.615122547483054,11.971129107779767,2.1274237155708065
grad_tts,6.3275,-24.845877638947776,-4.508448447839502,0.0,-10.778318405657675,-38.21860052125066,-29.019851049979458,8000.0,-8.51450162938609,3.3052439573791332,-5.663750077986968
grad_tts,4.8878125,-23.23349708004929,-5.885652730361153,0.0,-7.716756599711694,-39.279926909275716,-29.253435461276784,8000.0,-7.56383028849698,11.10994514624705,3.8728083060665313
grad_tts,4.4815,-24.6254307266126,-7.93819832118711,0.0,-4.50065267432797,-37.24156955754009,-23.418518483523147,8000.0,-8.249680414295518,7.835448080777027,-1.2222296818323812
grad_tts,5.8514375,-24.4056667964275,-7.965215011094047,0.0,-5.610483675778667,-38.26862705066181,-27.2445010680959,8000.0,-12.426648982296953,5.412417542095724,-6.953727080937554
grad_tts,4.4815,-24.940288478435146,-7.1881605577904,0.0,-9.521452975113267,-36.4270167548508,-37.81077543068866,8000.0,-7.860560124456093,4.424628488293052,-5.972751218155231
grad_tts,5.3870625,-23.834985421679363,-4.5749502293187945,0.0,-8.685486636372541,-40.49419970839248,-33.62798328090005,8000.0,-17.560842052149788,0.055410773183169226,3.8324573773465715
grad_tts,10.8205,-24.482793142965924,-3.69766279422782,0.0,-6.925602287831449,-39.426763653514755,-36.87639201723688,8000.0,-15.700657675134266,-1.2476932285832234,1.1606926609947337
grad_tts,7.6161875,-25.876217763024844,-8.078894601642517,0.0,-9.925337021570954,-39.452228985111816,-30.434689987174263,8000.0,-7.818838563837119,13.706294923877138,-1.721097187276328
grad_tts,5.5960625,-24.177954220074863,-3.351604538305769,0.0,-5.079342452027209,-41.32692910171076,-37.17621988021034,8000.0,-8.280503600171059,10.213049025762892,0.47337478487163764
grad_tts,7.476875,-23.682883939476152,-6.567644485282655,0.0,-4.9404567719250245,-40.75563317664311,-32.52529728412385,8000.0,-7.732195677299352,9.031248974517709,8.662380916189306
grad_tts,5.3870625,-23.213401012403164,-5.170785138261134,0.0,-8.92460538897376,-41.613292594749666,-39.43441643191826,8000.0,-17.58365334265295,-2.910662854582881,-3.39115174110664
grad_tts,7.0473125,-23.37857903099989,-3.8959367911936265,0.0,-5.13008403052849,-39.66103338438378,-28.86424270030065,8000.0,-17.22098003028865,-4.090684995265235,-4.615054629582538
grad_tts,9.4389375,-25.47192590213769,-7.238293582579938,0.0,-13.252999526991157,-39.745016277746615,-31.975428111831118,8000.0,-7.142461771447657,8.612238217551607,-3.5906360509938935
grad_tts,5.6656875,-23.21074330779208,-6.250055258457098,0.0,-3.3857140186623518,-39.89221707864634,-29.161556500805528,8000.0,-16.99704568827017,-1.3084807490246604,-1.0374293390656106
grad_tts,5.747,-23.56696040069067,-4.3555312964838,0.0,-8.590004645694748,-38.13883786542698,-29.564547727593897,8000.0,-6.48279863664186,9.08510398324325,1.6779803025676188
grad_tts,8.8816875,-23.801887601838278,-4.778427190244234,0.0,-14.945220783765322,-35.41149388383926,-35.904192885755464,8000.0,-13.574346265991522,-1.9191979899608356,-5.10242781332483
grad_tts,12.10925,-22.558087255801897,-3.894654957083933,0.0,-7.304867713836753,-38.17400808134539,-32.754229829369635,8000.0,-8.16748334679692,11.612429402873637,1.7067134473502108
grad_tts,5.9791875,-23.322628936172258,-5.335143826906733,0.0,-7.835036775387245,-42.007841363469055,-28.79877135804591,8000.0,-10.920255956284258,8.981963981759876,-0.13205146874906148
grad_tts,7.291125,-24.335013610229616,-4.703668330779151,0.0,-6.963323131441108,-38.47962081488747,-26.53832512488545,8000.0,-10.114740588046473,7.064823583854611,-1.082703136020939
grad_tts,4.29575,-24.269560791209862,-7.933546968757474,0.0,-4.796403597148927,-36.18436769275419,-29.164965819669852,8000.0,-11.665078705935684,5.818989684469258,-2.6693338975279772
grad_tts,4.8181875,-24.734417229680194,-7.728632624653064,0.0,-5.519525688532337,-39.56428675452988,-40.19680053328096,8000.0,-22.832242111132132,-10.107227734197238,-0.11673374945465298
grad_tts,4.168,-22.390804100305004,-6.531520850883078,0.0,-10.198611912590714,-45.0168095494909,-25.902366527600346,8000.0,-5.2863550080937145,15.268226757744266,2.843349859254907
grad_tts,3.866125,-23.124432950510023,-4.2277431796167235,0.0,-16.899805676298328,-41.46005455428833,-28.553775649932398,8000.0,-7.919001061516148,10.28439297363898,-1.2406315473096896
grad_tts,5.14325,-24.67167887084053,-4.836823929242973,0.0,-22.61170231569088,-33.63054257473182,-28.443044883298935,8000.0,-12.832823186135442,2.106923752947999,-1.1476596001377715
grad_tts,3.9125625,-22.853087365452467,-5.080606223286235,0.0,-5.641275329892661,-41.2017611496542,-28.931386800464928,8000.0,-12.181324782348554,5.186060089823421,2.064011459823341
grad_tts,2.751625,-22.092363937655577,-5.101858889921988,0.0,-9.872215597444516,-40.096388960906935,-34.608954202162295,8000.0,-13.119193015454428,4.093091856099164,3.8894308702323386
grad_tts,4.388625,-23.632332652790396,-4.710566628633595,0.0,-8.344243447492364,-40.95423116916783,-39.26517431906489,8000.0,-12.0260035375777,-2.210913649429564,-2.9880598726769634
grad_tts,9.973,-25.20991250565848,-7.057486893188226,0.0,-15.566031064115812,-35.69542959178288,-36.12429807342037,8000.0,-12.591125207418706,3.801067784008694,-1.7999086599657446
grad_tts,5.6540625,-23.604863138547696,-7.173478945132934,0.0,-5.7847588824101415,-39.11941488380906,-33.45537601010841,8000.0,-10.892573817034709,12.198261832720313,2.0083074133690033
grad_tts,5.8630625,-24.225025782473836,-6.0613886295891,0.0,-6.382871687067151,-40.75236066244514,-28.333391393588972,8000.0,-11.538848376807245,0.40585615096077277,-1.271923699382718
grad_tts,8.6843125,-23.694459074534798,-5.83174746985083,0.0,-7.399040448878665,-39.11096915781896,-40.915045752375235,8000.0,-8.68243531273027,10.501145811961173,-2.2186343682395773
grad_tts,8.614625,-22.288581026304797,-4.17926829244077,0.0,-6.19769439729059,-39.207489879796725,-30.20193199443644,8000.0,-16.641664320844555,2.144627145462735,0.17031078930550336
grad_tts,8.452125,-25.31714233916795,-5.445985894452319,0.0,-15.348418769628523,-38.95571583492912,-34.30331858937495,8000.0,-9.54764378951215,4.078293478177734,-2.7360882222892258
grad_tts,4.9806875,-24.502351267452156,-6.0509917386834875,0.0,-14.373915609545449,-38.85786444780354,-36.56461037170669,8000.0,-9.242819362476126,6.759961623378949,-0.6290045953614296
grad_tts,6.1416875,-23.276323109197392,-4.897965506142895,0.0,-10.346141595734426,-40.96937889116964,-33.80503696797313,8000.0,-8.767729467404088,11.936090529019694,3.9408012633683853
grad_tts,7.651,-24.895808763377424,-5.264831135446697,0.0,-16.233105820683292,-37.12944555139732,-29.57919116903291,8000.0,-9.582819500248213,3.8296665037867683,-5.894421749992212
grad_tts,7.36075,-24.043962307195876,-7.39302327752596,0.0,-9.444964463235642,-39.213586705967906,-33.838151775537646,8000.0,-10.895239096081475,5.137690815734324,0.5787065221665628
grad_tts,3.901,-26.815514247155967,-9.3411696096523,0.0,-4.873583009420692,-36.44774003231109,-32.40907900495138,8000.0,-9.48968519168556,9.581673135972252,-4.980906722288708
grad_tts,4.35375,-24.677987849397894,-5.810308981666604,0.0,-13.498011610034549,-37.14569993525927,-37.70031096296623,8000.0,-5.77773582472571,12.38666589630025,5.808841934920849
grad_tts,8.452125,-24.67030238619452,-4.953200143807747,0.0,-9.47193353063993,-40.095531982182465,-27.984661831186187,8000.0,-6.536990029833582,12.078702646089688,3.3414824065337285
grad_tts,5.921125,-23.63648089086402,-5.742745317625798,0.0,-20.074563766424742,-40.58608837470452,-36.103364540906966,8000.0,-11.918964386690789,5.416474783764336,-5.645678900846818
grad_tts,2.647125,-24.38773477250799,-6.945924841711745,0.0,-7.55611103225624,-41.331940284063634,-33.6671751727316,8000.0,-8.946467120865513,9.547530581213394,3.3361183283231384
grad_tts,5.51475,-22.72918392784621,-4.6857999670532,0.0,-13.164955017256371,-42.184962666598395,-34.80007787594079,8000.0,-12.695285665720988,8.40915170862467,6.781255003603846
grad_tts,4.586,-24.685957499399883,-6.8476193576966,0.0,-5.204129342644919,-39.87456971685145,-28.67044692173568,8000.0,-5.037227092408713,9.09672369966124,1.4267450223682872
grad_tts,5.5960625,-25.18275622816574,-6.795411863803228,0.0,-7.678099134464979,-39.99164520277917,-31.253610849345975,8000.0,-7.122734820412447,15.259743117006053,6.674392293718455
grad_tts,7.5349375,-24.738310126703468,-6.1428397117768,0.0,-18.370226275607315,-34.31950127598946,-32.56039004778611,8000.0,-8.418884285766921,9.172823280246043,2.909325448523269
grad_tts,6.130125,-25.08950782375203,-8.726555430656893,0.0,-7.0866379645665845,-39.13343699653471,-37.5723387167851,8000.0,-8.04296330637608,9.811115971440067,2.4632977864418706
grad_tts,6.4435625,-24.998397106461233,-6.5878444195263475,0.0,-11.402804076942612,-42.46904954604477,-38.333583444099716,8000.0,-17.457793766184245,-3.2837506406731265,0.4005190408913535
grad_tts,6.2345625,-22.942601225014158,-4.529191264955502,0.0,-16.08802136089246,-34.549811225433714,-27.537794327817632,8000.0,-9.863073376630531,8.409620588434862,-1.910070425916473
grad_tts,6.582875,-25.263029704135068,-6.220491779990571,0.0,-9.030158656298045,-36.16090896281649,-27.93319138382159,8000.0,-12.216919379494854,4.878801607143366,-0.23853833919197598
grad_tts,6.9195625,-25.217867332175388,-7.18763953346469,0.0,-3.3006451971301374,-37.74039012211921,-25.46259267284067,8000.0,-11.312589464989756,3.1563533597221323,-3.3312079165144937
grad_tts,5.6540625,-24.598235492450797,-3.216646654264043,0.0,-7.761733701829922,-37.35854572428225,-31.188724569565494,8000.0,-13.898482791435278,4.283017193019319,0.6838329284516362
grad_tts,6.4551875,-24.16102560288946,-4.747493877012835,0.0,-16.450394174230073,-39.92496679453298,-32.09157289264964,8000.0,-14.29488770363222,1.7726657836232675,-5.581853375625123
grad_tts,4.7949375,-23.656406417955118,-5.344655722020252,0.0,-4.863384558933159,-37.327102979404444,-32.4300152623743,8000.0,-8.301930165993582,10.282216646076002,2.2787603079042142
grad_tts,6.8035,-23.47458950896144,-5.25206630440065,0.0,-6.603898478721408,-35.184650628590575,-33.396966007268674,8000.0,-13.126507894772807,3.9559707477714383,2.2424052229801816
grad_tts,4.2028125,-24.59733824976101,-8.441004006032298,0.0,-11.166614110879689,-41.08867288678981,-33.17058821116824,8000.0,-12.441819876297828,9.160043732906871,0.07075000723417446
grad_tts,7.476875,-22.954089822521247,-6.189088114690441,0.0,-22.021241613265232,-41.365460734729254,-33.427795422437796,8000.0,-8.951230182598422,11.853234849036951,3.598285301414215
grad_tts,3.308875,-23.517217465653726,-7.057622773408925,0.0,-18.677492411060516,-37.185471847082994,-31.1788278969123,8000.0,-6.548785746165905,10.05473317039985,-3.3051704527171992
grad_tts,10.3445,-25.131223200313,-6.738426622704425,0.0,-4.089780832716311,-40.665066521816314,-34.937433595296284,8000.0,-9.608090630480127,8.61924318579537,-3.599820184890852
grad_tts,5.6540625,-23.63825792563581,-5.250884768337225,0.0,-8.011783787295755,-39.83563558693528,-35.281720939357314,8000.0,-11.07399438160401,8.388098908484658,0.28137350212966084
grad_tts,2.9721875,-23.341322167748487,-4.979991767563997,0.0,-13.233003815931344,-38.54053927283498,-27.54108547345618,8000.0,-8.080669519884843,13.922259843710286,11.230898773039797
grad_tts,5.24775,-21.810771501586185,-1.7110202025904695,0.0,-8.133628653184374,-43.00005192391252,-40.68854016325321,8000.0,-8.669980930748295,10.492733823451111,2.775501808224071
grad_tts,7.0473125,-24.17412268091619,-4.332699612113717,0.0,-6.568941730709447,-36.5657027743764,-35.35829432152471,8000.0,-14.75035859123205,5.9930288831435305,-0.1364783112662593
grad_tts,5.445125,-24.697048343919615,-4.8728365521836245,0.0,-11.212970129675739,-39.268360939701104,-40.933914463330105,8000.0,-9.568003825684805,3.512572136526444,-1.4773370931787184
grad_tts,9.2531875,-23.33321216806784,-6.12277506150293,0.0,-7.0680898763334845,-37.91161876543016,-29.977227361498482,8000.0,-11.625687328178692,10.152417202836247,-3.112763564390356
grad_tts,5.6773125,-25.73668212721177,-6.226767971653646,0.0,-11.793299172262586,-37.78594146126504,-25.914888103665028,8000.0,-5.578744214530765,13.181620059117805,2.3683206408926125
grad_tts,11.9235,-24.541260735682386,-6.132541411425365,0.0,-22.30670296879067,-40.32868395936106,-31.739279600704617,8000.0,-13.066542482557985,4.777908828777143,-3.9892249226619825
grad_tts,5.7934375,-24.802400118853242,-5.405847985112363,0.0,-10.04235598093187,-38.233709513410645,-29.955976707048578,8000.0,-12.380303223929118,1.4709869992265112,-2.9362548293139383
grad_tts,10.3445,-24.884481562677824,-5.5585202290729825,0.0,-7.111943742936383,-36.49798061432942,-32.184475820265334,8000.0,-10.794481578435608,4.047539265082854,-3.624831940250921
grad_tts,4.7485,-24.74772569949745,-6.78240228933419,0.0,-6.452652316224661,-35.492026452811714,-27.720206460540272,8000.0,-7.989690102396246,7.929980881407765,-1.5236918187650232
grad_tts,6.2694375,-23.355678207867637,-4.052590306185299,0.0,-9.6452387625514,-35.49645024912701,-28.775926176810312,8000.0,-12.508895401137039,8.673158274319746,3.122589452989544
grad_tts,4.6324375,-22.984613844596872,-3.131430559727639,0.0,-14.878325725205954,-36.564650941560316,-29.50392993576365,8000.0,-15.659553912594042,-4.612448436182753,-4.835856534244755
grad_tts,7.5349375,-24.06411386546145,-5.657099548409424,0.0,-4.69230287096433,-38.13071763397928,-32.325756670989044,8000.0,-9.78188542111348,6.686069090410996,2.0520782778169604
grad_tts,8.2083125,-24.22840142105073,-5.320237918250669,0.0,-11.06443335639121,-39.553221146869845,-35.49372090526552,8000.0,-13.92208037163654,4.476812018731387,4.470865528368613
grad_tts,8.7655625,-23.39326783047281,-6.0546776155889726,0.0,-10.547515183536113,-40.61422240109147,-33.08116307861441,8000.0,-8.566208357367806,10.243619755804644,-0.29512920715676927
grad_tts,5.35225,-26.37547570077539,-7.4310473142938935,0.0,-4.845709250739276,-34.99791566844156,-31.851927427023014,8000.0,-8.295664590449753,2.0879447521447005,-6.806236436130817
grad_tts,5.03875,-26.68000310063109,-9.233705778152597,0.0,-7.101255380540227,-34.1888986928409,-32.819895611212345,8000.0,-11.69785065449188,-4.907285214301112,-4.119522426801197
openvoicev2,6.98925,-21.504698731661,-5.047296569728208,0.0,-59.26272585860836,-63.439240052560834,-40.47688909645665,7750.0,-20.380724326612025,-18.6331872583294,-25.380452963081325
openvoicev2,6.606125,-22.260489437295696,-3.082627182104326,0.0,-48.39629168838083,-67.1079327196576,-60.81203662735247,7750.0,-14.231177534955016,-8.781054741915632,-33.6199305352574
openvoicev2,10.832125,-27.14133837681355,-12.181558778804018,0.0,-44.72003214333063,-45.81976506005971,-30.806765767084467,7625.0,-17.273351623209585,-16.10643859673884,-41.96817912307219
openvoicev2,4.8065625,-21.25779340230517,-5.24509305937584,0.0,-46.98596627120038,-53.70980549128164,-43.111043794310234,7781.25,-20.036016491670473,-7.406622225348414,-27.595754036403626
openvoicev2,5.8863125,-27.697973046211235,-6.08158818712057,0.0,-26.010963451314787,-49.87235524233117,-33.92581057589402,7625.0,-17.10273364063046,-19.206172750108905,-36.655173263576756
openvoicev2,11.63325,-26.524788777619897,-11.673154147746978,0.0,-45.063260614648556,-52.27071087555389,-35.010224733014056,7734.375,-23.661439148655965,-8.538822718341564,-28.87148713563586
openvoicev2,5.805,-26.531505164794623,-8.624282443773374,0.0,-50.537443039818434,-48.0536892429004,-40.91923806597666,7437.5,-18.673587553315734,-25.670492210691386,-42.72995209002971
openvoicev2,11.343,-27.091625944518714,-4.505435120183089,0.0,-47.413002001783966,-41.838287411667665,-32.02217796885945,7609.375,-15.522061627296196,-15.457522355966546,-35.82354928789809
openvoicev2,9.299625,-20.67787678321736,-3.450201994926995,0.0,-53.8234484337633,-68.67758756005263,-50.96767718582973,7656.25,-16.774649088114323,-15.328222000934552,-35.82203053144808
openvoicev2,6.5364375,-19.071200066121715,-4.7154926951707665,0.0,-45.78919969076987,-67.22975953502842,-57.29269673050519,7781.25,-19.12773619555334,-9.10511331835098,-34.92541374049244
openvoicev2,11.6448125,-26.567256395301598,-7.213463864827601,0.0,-53.25302466371156,-47.47904783672608,-32.568088843812305,7671.875,-15.908166917735443,-10.57044699794342,-34.04105974487774
openvoicev2,7.2098125,-21.57194098097178,-5.581314161545594,0.0,-50.300334399462756,-58.02055392080452,-43.50398455849059,7640.625,-20.229031405715283,-23.27809451603939,-32.09832006274448
openvoicev2,5.839875,-27.68892587088621,-7.941291238910648,0.0,-48.313987515842925,-55.371826934710654,-37.01815503576607,7515.625,-21.29437272356543,-22.766360052916596,-37.309481451807855
openvoicev2,8.219875,-22.987821446434786,-5.852700075192341,0.0,-45.26276599428166,-47.465972552546276,-33.59601215736691,7875.0,-12.012074864582289,-4.4809487192638215,-23.129563067136438
openvoicev2,11.331375,-27.009042135514303,-11.853077097430747,0.0,-46.02320263739661,-41.722840437865486,-27.72707714644997,7734.375,-15.008315710830779,-8.382413689457607,-35.215819051380144
openvoicev2,9.57825,-28.287175513516594,-10.423372026954196,0.0,-48.42380349590084,-51.92063399901444,-35.48666955163354,7671.875,-16.421022328035242,-14.385639344337363,-33.86867832288462
openvoicev2,5.712125,-25.526934550187228,-9.905829236968943,0.0,-46.90068303101855,-44.79887693367238,-36.71416503230894,7734.375,-19.29586076079154,-3.6329974537014067,-36.18871678353364
openvoicev2,10.9714375,-28.301303865944753,-10.402630320993516,0.0,-45.51212659535166,-49.31701513464125,-35.62980443980409,7750.0,-20.416756402826394,-4.297846881996989,-31.266281493303723
openvoicev2,5.4683125,-27.669720577087507,-11.069850839204625,0.0,-41.19897251156239,-47.796563052706986,-41.49306679344964,7578.125,-19.104284871252894,-20.261535249181243,-41.60328062371843
openvoicev2,6.57125,-21.039638159918717,-6.016201051426515,0.0,-47.39912444609854,-51.04674362947212,-39.92558356926068,7796.875,-18.37428970104115,-6.147359369447237,-29.448581210099306
openvoicev2,8.2895625,-26.148486229696744,-6.838850103700365,0.0,-52.52354103738227,-47.98945823306107,-38.58502369565802,7625.0,-17.336104908068307,-13.696784947476303,-36.04984609018507
openvoicev2,7.186625,-20.40797010571338,-4.625359468967186,0.0,-51.847450765558584,-57.547085602160145,-44.60089695191073,7812.5,-19.730387737440765,-4.539785117385691,-28.12106909107016
openvoicev2,9.021,-26.540104801501833,-9.734189234056096,0.0,-33.959057589495615,-53.249302776721834,-43.468741593955755,7312.5,-24.797227057388874,-35.54912769523745,-35.72069308545478
openvoicev2,6.896375,-28.907673738735173,-6.876832794081544,0.0,-40.37698564382649,-54.42088169696953,-42.76083855672486,7578.125,-21.365558529878896,-19.8599539127988,-34.367859070493296
openvoicev2,11.5519375,-23.00287229414952,-4.098985637670589,0.0,-44.27232129312469,-48.79475002384535,-30.678410399512497,7875.0,-12.234694368321605,-2.4484865107564033,-21.92445093380212
openvoicev2,7.4304375,-27.177752537139455,-10.510802053767932,0.0,-47.413783377167476,-43.65663286534016,-36.01907389085904,7515.625,-20.687855947137955,-23.09214622434891,-37.698931853983325
openvoicev2,10.9830625,-28.166670509693496,-7.565005070950493,0.0,-56.02714786242285,-45.3594613607076,-31.01349771886524,7500.0,-19.993637253124838,-21.768368827069303,-37.77406825995466
openvoicev2,6.687375,-20.905704857807383,-2.961975436672209,0.0,-53.41157597897049,-68.28606922759218,-63.41556157350571,7625.0,-18.33647417937511,-16.410988831446815,-37.84365631213083
openvoicev2,7.825125,-27.258720073913672,-11.379329279271651,0.0,-38.490443119763064,-43.553957257405834,-33.67659676582752,7781.25,-11.573179395948486,-6.598875166801093,-35.57264299344745
openvoicev2,9.973,-20.37700416268697,-3.2133830323769894,0.0,-43.95598661072395,-67.24408444892161,-47.85487212024907,7578.125,-18.438570279117464,-16.974158942129066,-39.566912288218546
openvoicev2,7.291125,-26.215587360873286,-7.872267499030768,0.0,-56.077305121299034,-46.9320246523658,-31.552056426355794,7546.875,-17.02440574058496,-21.21704718000135,-37.0523083701416
openvoicev2,10.1239375,-29.741808995471967,-7.086334197779086,0.0,-45.50314674892978,-50.67178490143853,-32.0028700419122,7718.75,-12.01396363418273,-7.889638518035923,-34.435706755175055
openvoicev2,7.5465,-26.01812784892588,-8.506528459622958,0.0,-41.86588476325759,-53.91209864802139,-28.611159181902096,7515.625,-24.251482311130303,-20.67839025739663,-42.56784414720536
openvoicev2,9.7408125,-20.95593435254649,-3.425833564451943,0.006172839506172839,-45.67618787920739,-73.80196929000036,-45.07844026897082,7750.0,-14.933151841231293,-12.01003804844592,-30.98261054594495
openvoicev2,6.57125,-21.90150828024365,-4.0795111628612455,0.0,-43.31054621588484,-49.74125498827044,-35.538768285770885,7828.125,-13.673858866774978,-6.051736779837725,-22.27070163623847
openvoicev2,6.49,-24.041733396488997,-4.396816188469274,0.0,-49.094161370019414,-56.52404392165739,-40.831655586196646,7765.625,-13.588999531729371,-8.562903666765152,-30.01238117191096
openvoicev2,7.2795,-25.394834841423865,-8.810068338890725,0.0,-42.55599918101497,-48.9331919971912,-42.74776612644443,7468.75,-19.14428231898853,-24.209414667588447,-44.027323881473166
openvoicev2,7.4884375,-29.74525038092141,-10.786181833602244,0.0,-38.75923288944374,-44.213790016834494,-35.63626757462275,7750.0,-9.434187917619113,-13.65512258844818,-37.482201552574615
openvoicev2,9.47375,-27.059314959927683,-10.308772540464906,0.0,-47.03319384903821,-53.61013712069766,-37.209145108470125,7578.125,-20.44235739584169,-19.125247046431383,-40.72994610981591
openvoicev2,12.1673125,-27.13716675731401,-11.641984180465633,0.0,-45.20311861806826,-38.294242669055826,-27.838918933850465,7750.0,-15.05135447768403,-1.5463762938637444,-36.45963833199269
openvoicev2,9.218375,-20.11902101809351,-2.3790909179839996,0.0,-46.78269001713613,-66.28291172787733,-46.99267558899533,7625.0,-23.510106405611374,-20.48464958635072,-31.950564713064693
openvoicev2,6.6641875,-21.64348230087631,-4.565327742036745,0.0,-43.72725682066918,-57.279446902030294,-47.66995395128868,7921.875,-9.43191156432934,-5.848491278914331,-27.264007975729974
openvoicev2,3.7616875,-24.863126080225722,-11.952036337869906,0.0,-42.330077476662964,-47.26633876091606,-42.75901813014642,7953.125,-14.979307638459467,5.434941023232909,-29.323102940619705
openvoicev2,6.8499375,-27.317845028882154,-10.82046567618474,0.0,-46.98944856894393,-44.47032022624258,-35.927621924442654,7437.5,-21.095268373229075,-20.187162377815454,-42.764783955617006
openvoicev2,7.4304375,-27.575374607851334,-5.259419999756332,0.0,-42.175977727196205,-46.915407990225866,-41.06921918013163,7718.75,-13.225002978559722,-10.473947145769863,-32.97219880462191
openvoicev2,6.8035,-20.35523442917483,-3.4752561825058548,0.0,-54.89683481218171,-72.4540601663667,-58.87357649524856,7750.0,-17.555524288290606,-7.891793097397873,-31.5262060496688
openvoicev2,11.9583125,-25.77714452637462,-10.373112043357436,0.0,-41.05577561557031,-46.985594792301626,-31.223712024838104,7750.0,-13.353264812950165,-14.681008775553636,-37.63130040138316
openvoicev2,5.24775,-27.534308314216123,-11.633713458693208,0.0,-51.93330606458083,-44.19361175173421,-38.90962822539919,7734.375,-13.442500716720637,-11.480011037793531,-37.677929970657004
openvoicev2,8.6494375,-25.38239145488216,-6.647613013645289,0.0,-49.210972430140785,-50.29750408353374,-37.97576687541647,7500.0,-21.755091729421324,-21.674855474138717,-39.70929516993111
openvoicev2,7.558125,-27.11258755816523,-11.913124091064123,0.0,-44.70889960893787,-45.21074409742046,-34.8787423376488,7734.375,-13.651254249743076,-10.92049602252954,-41.2328489186445
openvoicev2,6.6176875,-26.22116490281917,-7.914396956127346,0.0,-44.53720201612534,-52.67882054522885,-47.60713631024536,7453.125,-23.030127878850884,-22.372416619496192,-42.9886269130064
openvoicev2,5.9095,-25.166030414418646,-9.690679860913118,0.0,-42.89954112221501,-46.50430632739625,-37.50883287153567,7812.5,-16.75689101160323,2.6970369919054065,-35.74591982180557
openvoicev2,6.315875,-29.842205334426136,-13.683097121545227,0.0,-39.610226826831685,-43.56350194244579,-37.64124323041287,7781.25,-15.619819983197253,-5.246784370318252,-34.625496761827364
openvoicev2,11.4475,-29.200062452661896,-7.190008019422917,0.0,-45.54833586921852,-41.20441046051525,-29.83693167713128,7703.125,-11.560550538431983,-8.333693711945543,-34.900986787832124
openvoicev2,5.747,-21.52219105069969,-2.4220091835178197,0.0,-36.73471727047735,-57.58237550134503,-55.280961135989514,7750.0,-14.598127096755128,-6.562306415059275,-25.02335813523205
openvoicev2,7.94125,-27.260056825216896,-5.206220764791246,0.0,-12.06433218658987,-56.87873306953546,-38.46630386374423,7671.875,-21.001291173349003,-14.511057108364284,-32.51873905829086
openvoicev2,5.8514375,-30.126877745709564,-14.032256830786276,0.0,-34.12990133817449,-37.71900087166911,-34.20461674636968,7859.375,-8.832544193184127,-1.387811923285625,-29.35493390477852
openvoicev2,7.8135625,-20.310803832566883,-3.3121261537056386,0.0,-48.6026582289764,-65.99071795686218,-50.66105953743085,7593.75,-18.82018172071666,-22.844617423336324,-36.950599667860956
openvoicev2,6.78025,-20.36090998310072,-3.3870791632446107,0.0,-53.89192545226486,-72.07205265458171,-65.08752575731715,7750.0,-17.48510961299383,-11.058303768941471,-31.079364380409473
openvoicev2,9.2415625,-21.955753932855366,-6.230778106481013,0.0,-46.6101559698003,-50.698507354293525,-31.14308188691317,7953.125,-11.277999075037037,-4.700886496657027,-21.689023486930516
openvoicev2,6.6525625,-23.988750650548376,-4.2817173841268135,0.0,-52.560732433868395,-56.10898064348628,-42.19572500382209,7812.5,-14.006400753298493,-10.163613542893131,-29.518232489464637
openvoicev2,12.0744375,-25.867333112911837,-8.668288301572673,0.0,-48.5308131049715,-42.89486674300324,-30.14235488587726,7640.625,-20.294252697004822,-12.720035954704073,-39.84734088909454
openvoicev2,5.8746875,-26.35254931969343,-9.309413490810517,0.0,-48.20073879136913,-49.94441662377612,-42.7147173679403,7718.75,-22.462731115069566,-7.696261067383276,-31.704317480521354
openvoicev2,5.3986875,-26.258948754254256,-6.107479897842943,0.0,-26.54327276038368,-61.61545179648363,-44.21654455370801,7593.75,-17.451174470217673,-20.352621219844508,-34.391593239945394
openvoicev2,6.002375,-27.323161261274798,-11.192938463765046,0.0,-47.277384415626884,-42.58824236677188,-37.14308269290056,7296.875,-21.505613148856625,-37.17065326533849,-35.736527435064474
openvoicev2,8.5914375,-20.2161721624125,-6.111099581965728,0.0,-40.336251941155055,-56.68569208793689,-38.000137733701216,7890.625,-21.074397707777308,-1.6795745873314942,-24.675571491571517
openvoicev2,7.6278125,-26.31181320037839,-9.141617498876947,0.0,-47.11533451733887,-51.39211286581291,-42.81876627767936,7640.625,-13.86605168602351,-15.201790946571293,-42.23639123384509
openvoicev2,12.016375,-26.059035550983708,-7.949651294934766,0.0,-46.3059897249393,-51.59720119880922,-37.821196575056895,7734.375,-16.072249248800503,-8.21268444096917,-34.7637880740383
openvoicev2,11.9350625,-20.574197633989137,-3.843201142480153,0.0050335570469798654,-46.0591798744198,-74.541990518705,-47.318268514650825,7750.0,-15.474416121547293,-12.652131127708046,-31.711903782917716
openvoicev2,6.977625,-26.034383254494344,-9.416022570958717,0.0,-49.45269396831717,-53.60316345600631,-46.081324171171055,7656.25,-13.674924339755883,-15.486002750138034,-36.44897799937425
openvoicev2,11.911875,-19.592870461666976,-3.2918563472407665,0.0,-41.833299315437074,-64.1189555735641,-36.823569667320754,7750.0,-16.27041961433836,-14.766246183190631,-38.33318966472802
openvoicev2,6.4668125,-21.342193455794597,-4.0149240578733645,0.0,-56.48567454531628,-62.53817972219792,-48.107189203847156,7671.875,-20.011617700763452,-16.989533864365193,-32.79298069775978
openvoicev2,6.002375,-26.284989464975652,-11.09517970692204,0.0,-15.383497398929041,-51.597928633360624,-39.878221744086446,7734.375,-25.476238698275004,-6.782540242071633,-30.89877146887443
openvoicev2,12.9103125,-23.486443931948347,-3.3711106013401535,0.0,-47.4544252246442,-56.89135489520535,-36.41676609741559,7765.625,-14.113872616562475,-10.537622235651341,-27.85843336079511
openvoicev2,11.9466875,-22.39710054649298,-3.371688554647347,0.0,-56.21324699902345,-62.77758674115719,-31.489612947243394,7765.625,-17.460577441916634,-16.45487191110199,-28.05626840092846
openvoicev2,10.57675,-25.846491225088158,-9.740286808860734,0.0,-49.14586743182489,-46.39642059038852,-31.36811299843024,7859.375,-15.970976665329346,0.9189258937197948,-31.013549547016744
openvoicev2,8.7539375,-20.580935571326386,-6.994017003745575,0.0,-51.77736692566829,-58.67027378876496,-35.772287535017284,7718.75,-22.082063837645805,-18.852537802081045,-29.638435267750225
openvoicev2,9.6363125,-20.170821832244705,-3.6271371505013255,0.0,-47.685708692607896,-72.52867222557083,-36.52436723799852,7750.0,-19.18943956645282,-12.540729687710375,-33.56002917175914
openvoicev2,7.291125,-27.417264817414445,-13.604715457797923,0.0,-40.218411238988864,-44.77981725383055,-33.538129348895666,7734.375,-10.269115449783051,-12.5176031356065,-40.278124905395615
openvoicev2,6.8035,-21.00314301106238,-4.174116307122263,0.008849557522123894,-55.67335354684421,-73.83868674780066,-65.87573494253688,7750.0,-15.026984463657534,-10.94782718316037,-34.0035414447103
openvoicev2,6.873125,-27.184678771627556,-6.309882264471093,0.0,-28.859396894169752,-58.612469172922786,-42.97385093184826,7531.25,-22.235495761250057,-20.48791329125561,-36.43097810552298
openvoicev2,6.2461875,-21.11359316142294,-3.785919155210633,0.0,-35.837110761815,-57.97692772931905,-53.144518122945506,7875.0,-12.45644207352477,-2.862040820369174,-24.15609740143683
openvoicev2,6.1533125,-21.244549781094648,-2.6537108185381437,0.009787928221859706,-53.09256763750177,-73.80209076116606,-69.5533324644492,7750.0,-16.415088466720682,-14.011740509968043,-29.607309830618007
openvoicev2,7.15175,-28.83797277435262,-8.255151513882256,0.0,-13.067429194130415,-43.77048154131083,-29.944788032985887,7796.875,-9.70086514817703,-2.5504330457676048,-27.202512189355097
openvoicev2,6.966,-25.680233408560763,-7.913710254060065,0.0,-57.8489246083911,-48.64055896231511,-35.7784661469848,7578.125,-17.260569143703258,-17.509258121052397,-36.999720659623875
openvoicev2,10.8205,-26.91414052813316,-9.932741197140556,0.0,-47.25895389040329,-44.38739150353146,-29.39811646578457,7734.375,-10.217308261377553,-10.829919031840717,-41.19279719618187
openvoicev2,12.4226875,-26.01085787575314,-11.517193451953016,0.0,-51.29018860067778,-40.34574114355645,-27.43511527597933,7640.625,-16.186966733358886,-17.232433102076627,-40.65642662628309
openvoicev2,5.8863125,-26.84380914948589,-4.125775189379164,0.0,-41.25817004978971,-46.74135594399577,-40.998623788878845,7703.125,-11.810161617041977,-10.354010332771914,-35.20280297109033
openvoicev2,6.3623125,-19.74108803377449,-5.383304009218749,0.0,-53.00800572486523,-56.67451370655505,-41.25944246252905,7937.5,-21.138507774841194,-3.9600039220910617,-22.128555424561092
openvoicev2,8.1966875,-27.425684173799837,-9.080503956293246,0.0,-44.27564103854944,-50.5647493507025,-43.0327335428472,7640.625,-14.984968207121554,-12.47650829784213,-40.607047982324644
openvoicev2,7.058875,-22.122140413902773,-8.771892261775374,0.0,-42.98789778780598,-43.71613948459881,-29.428978883257255,7859.375,-16.697900910267236,-1.1320991286395525,-37.32172511461387
openvoicev2,12.411125,-22.431552753727196,-4.310565402302185,0.0,-58.21448016108734,-63.77793051682622,-34.35691514620352,7718.75,-17.507910297588126,-15.94678799311157,-26.999231131962418
openvoicev2,5.9559375,-21.229736918339206,-6.772794309894375,0.0,-51.82980086305679,-55.79525746909347,-42.61775530499339,7781.25,-16.96008394678765,-13.822994123065065,-27.6092123590914
openvoicev2,5.735375,-26.231746335941637,-9.692858819797221,0.0,-45.432384209144914,-38.32897046913095,-35.65686302872691,7515.625,-19.581209777560346,-18.605953344273736,-40.423020220984355
openvoicev2,6.9195625,-26.78660165961095,-6.901677540278772,0.0,-42.21231182197184,-47.791315890670965,-42.02726218994221,7546.875,-17.096788514708955,-22.709053676355026,-42.93163122834258
openvoicev2,5.445125,-22.3680396057998,-3.8357531448180557,0.0,-53.54010608040615,-61.08447948254816,-50.72737113299273,7718.75,-17.816219240843495,-15.140078210774696,-29.473560191698652
openvoicev2,7.5929375,-27.22612028465153,-11.26536408100443,0.0,-41.79949014096562,-51.068364869934925,-41.55838959736245,7812.5,-22.29547428469047,-8.493155417866845,-31.252134189341504
openvoicev2,7.3259375,-25.515561415730783,-9.683553343116674,0.0,-53.21004778247544,-43.28799836513393,-30.891063586840882,7687.5,-14.225743042182437,-14.071432433327175,-40.77714191729531
openvoicev2,7.3955625,-21.31108273200352,-5.913525190383605,0.0,-50.06975982322369,-57.231746590710955,-44.69515303458732,7640.625,-21.719320413534994,-23.68860420242877,-34.033864215105154
openvoicev2,7.0240625,-29.57016520455189,-9.743137589132578,0.0,-25.138892436041203,-53.34751068695506,-31.453501065882847,7531.25,-17.500368051169254,-24.52428475854063,-42.888321469440754
openvoicev2,7.0240625,-21.154290238732255,-3.2987586157933766,0.008571428571428572,-48.58554856508072,-73.80137719453786,-56.69917370320838,7734.375,-17.834604641206866,-14.43996133594549,-31.34644734670625
openvoicev2,10.5999375,-22.75731165331009,-3.560940259348097,0.0,-58.7025202797208,-61.87218455436974,-37.93937085930095,7718.75,-16.229961049542474,-14.785675735838446,-26.704249332695326
openvoicev2,8.603,-26.0385860272968,-3.894991443643362,0.0,-7.807007949999303,-60.298258636536566,-34.36573720395107,7593.75,-21.570573071971523,-18.28812980373428,-28.73374026059092
openvoicev2,7.5349375,-20.525659787837306,-4.308912479208005,0.0,-45.054132111112786,-66.53805618902442,-49.258806014613754,7562.5,-21.490118335130177,-20.948729460065195,-32.87177339183384
openvoicev2,9.589875,-21.0322045831971,-3.7972616587432997,0.0,-46.40025726511882,-68.40651346862123,-49.647778247414514,7734.375,-16.415603739586288,-11.988021185435798,-33.627359314107025
openvoicev2,7.09375,-20.226558687314057,-4.194888495074635,0.0,-40.86589134243411,-72.09209623074445,-46.71292405641371,7687.5,-21.97603975564796,-16.136869472157308,-34.07669722611941
openvoicev2,13.2005625,-30.60532286064076,-12.089972415619064,0.0,-33.62796400613888,-36.040585686526185,-26.929540280583115,7984.375,-6.423594718783249,-1.7155502860253478,-28.779200044716625
openvoicev2,5.4683125,-26.038301092034995,-9.371928789056406,0.0,-48.028517326398,-45.35437721432804,-38.34019174815862,7578.125,-16.059910335703627,-18.391545484674722,-41.332972044388214
openvoicev2,10.3213125,-22.946684039585072,-5.436095581619877,0.0,-44.34261667564219,-50.36912652199196,-36.38602617698692,7828.125,-12.827769547389067,-4.090944548104098,-22.836512872821146
openvoicev2,6.5364375,-22.118112513336804,-2.306192829321139,0.0,-50.969112919536926,-67.98454260925783,-61.54004175954083,7750.0,-12.889036628815361,-10.260228419407383,-31.295159153760807
openvoicev2,5.5728125,-27.704817718744867,-13.281117525224088,0.0,-39.668828627076465,-43.51208845248172,-40.076281819067404,7750.0,-16.038617189430617,-9.152597999575875,-34.75499745397417
openvoicev2,4.736875,-21.390942627145897,-6.0888246676373345,0.0,-51.16699469271785,-58.22927203568318,-47.80292977739343,7859.375,-19.77465040495295,-1.4249519668826665,-28.284082697535936
openvoicev2,6.397125,-29.2710189928557,-7.482882449754888,0.0,-44.718223974341996,-42.65346465662378,-34.61177145835849,7734.375,-8.785803293797805,-5.464815546734016,-35.50762153545393
openvoicev2,6.2694375,-28.21804407961256,-7.693737110902754,0.0,-45.89973134987755,-44.61073467749589,-35.26731768829511,7687.5,-11.951438941512855,-12.779030853792143,-36.01671012238574
openvoicev2,6.6409375,-26.635885390176036,-9.146580133016911,0.0,-41.16927428203175,-40.049923603000735,-30.782163127020464,8000.0,-6.537191631472169,3.5947932557818447,-23.530713817870407
openvoicev2,4.841375,-26.896059006613914,-11.90497655110507,0.0,-41.72112567548261,-50.178562927870274,-42.31247834931127,7765.625,-21.222099030991068,-3.9977294947705957,-32.03816137847443
openvoicev2,6.30425,-20.22295887049021,-6.4295543772172215,0.0,-51.60073806286546,-58.01705993486547,-45.93622798580223,7843.75,-20.942786689955767,-5.851021883358243,-23.111707610260538
openvoicev2,12.4343125,-29.24440288582739,-11.972629679582834,0.0,-43.64483430893017,-48.14975884876198,-36.700675338357144,7703.125,-13.58422008384651,-10.392450571842105,-40.676129948325425
openvoicev2,5.062,-28.484466903185503,-9.274640347286756,0.0,-28.29111675324037,-44.704301911731534,-36.70430639156773,7750.0,-12.347209471249393,-4.974421460654895,-26.86909126119876
openvoicev2,10.4258125,-21.268542635020587,-4.342226809267971,0.0,-48.34677811779446,-67.62870832552115,-47.24368244539971,7671.875,-15.814529351478072,-14.647524822541627,-35.79835191270914
playht,9.472,-22.545318826545923,-4.453740203644831,0.0,-14.230851246040103,-38.920663064750045,-31.95819748290756,8000.0,-16.104789696453963,-8.327671428149031,-5.659947637166596
playht,11.136,-22.518811921554462,-3.272398873777394,0.002697841726618705,-30.07484866668093,-70.7910323786513,-41.57219764948085,8000.0,-21.827792236974673,-14.90503313261469,-3.58809546439349
playht,10.5386875,-23.943952346750336,-2.0164503804823783,0.010456273764258554,-14.174876825366113,-79.76190791523689,-42.16034819855554,8000.0,-21.66601004809644,-23.02028606331787,-5.182213710561612
playht,6.3146875,-24.16623222912142,-6.870107072956603,0.011128775834658187,-13.427000381750343,-68.70113002851168,-32.3389893741264,8000.0,-14.48809615811551,-5.691626853498235,-5.583376664358951
playht,6.6346875,-23.264074902172858,-3.549465076024933,0.012102874432677761,-18.892110339507674,-74.77838406808624,-34.43691499781269,8000.0,-14.006259121971773,-11.4376814176481,-6.016276667750944
playht,8.4906875,-23.92994682473565,-1.4602105054880534,0.023612750885478158,-26.61988056165687,-76.61740025481825,-44.36487983255574,8000.0,-15.811673691402014,-16.888563011952428,-5.340231178739373
playht,5.984,-25.193971202740855,-3.1165199419757075,0.016778523489932886,-16.74090515252158,-80.1429327405112,-40.563830987127574,8000.0,-18.78742364732591,-12.433725379496622,-6.487723819834471
playht,5.984,-22.56559857577188,-7.473683680114275,0.013422818791946308,-19.586629175891,-71.37425105098907,-33.94244017522239,8000.0,-17.087188744185255,-3.8579762434144627,-4.691110306935819
playht,5.664,-24.183510744675473,-1.570654842392324,0.015957446808510637,-32.020795195562854,-78.15091489105589,-47.88412017393825,8000.0,-14.065670890447706,-15.992805244947263,-5.039159384503009
playht,10.069375,-22.536665063479887,-1.5368215646635246,0.005970149253731343,-19.814372239970837,-65.69712117246053,-30.58837749587378,8000.0,-16.923689962691803,-11.759716179572493,-5.5732693712790535
playht,5.941375,-23.616236941421953,-1.415594719120984,0.011824324324324325,-16.070123805618675,-70.3749670473281,-42.415313219450695,8000.0,-14.742726445054352,-11.01775522765891,-5.297168466554844
playht,6.4,-24.841062032344723,-5.91415487156623,0.0109717868338558,-35.20578137981005,-69.35684210428659,-35.36601978468242,8000.0,-18.42165652028025,-15.409965598494693,-6.590264321181465
playht,6.7306875,-22.247544693579428,-7.313323491371957,0.005961251862891207,-25.241456462713053,-56.96625641060876,-29.52661330350324,8000.0,-16.894412494018994,-6.959788821200604,-5.873035176309166
playht,6.4,-22.39137193063193,-3.6899960073431566,0.012539184952978056,-25.483575425642158,-77.36038805665808,-39.09632156715353,8000.0,-19.14148961646587,-19.25940306202113,-7.238850947828084
playht,8.213375,-22.524412181676922,-3.096921382679035,0.004884004884004884,-26.0525388825163,-64.14688233935237,-34.461418337715614,8000.0,-14.562391965859952,-12.213795160765017,-4.907344646208138
playht,10.0266875,-25.290134360764394,-3.736469867728954,0.0,-15.775727424151984,-62.52252371364922,-46.43584239091581,8000.0,-16.26140206167637,-14.888168864567959,-7.08659871990325
playht,5.2906875,-24.099303132670066,-1.407827603004118,0.007590132827324478,-15.977912003062169,-61.79177628529564,-40.02810624489419,8000.0,-21.007883793751738,-14.21131291121106,-5.238276633028747
playht,8.5866875,-24.14831485966492,-3.623159049962922,0.015169194865810968,-26.09194428916852,-80.21294405169964,-46.4736592045099,8000.0,-12.587430096079899,-13.265112735515444,-4.2427075453365575
playht,5.568,-24.20539331066562,-1.4077602283848558,0.018018018018018018,-24.769192477202562,-78.1902706427093,-40.13062327880324,8000.0,-20.63731069376921,-10.827896679070236,-3.280191846834697
playht,5.941375,-23.784295213813422,-1.5752997847456462,0.010135135135135136,-27.638508364951225,-73.36383083590782,-43.62769631387171,8000.0,-11.968091321676631,-13.444956133733676,-4.488843402327504
playht,6.0266875,-24.180810505322423,-2.8862882308244986,0.013311148086522463,-13.505877895138084,-73.68262874272517,-44.44914318530601,8000.0,-13.452922229509618,-7.8281256954323695,-4.6097032276873975
playht,6.357375,-25.861929510325492,-2.186125164064196,0.0015772870662460567,-20.99673208452774,-60.20136459454808,-29.181540842527323,8000.0,-11.909825969140101,-12.95723685204851,-4.0531396222586125
playht,6.0266875,-23.595757720308292,-1.0847704228475938,0.0,-11.548756843371166,-47.643054098636675,-39.05024914180999,8000.0,-12.745264421087278,-10.481703247849204,-4.73571626907075
playht,7.52,-23.30200744044472,-2.0467419892722307,0.014666666666666666,-27.32609670012783,-80.8254204563923,-62.19178747997964,8000.0,-20.461288380510624,-16.32348949414316,-9.51054007020582
playht,9.141375,-25.117603842860255,-5.927733689039702,0.003289473684210526,-14.236773796425542,-59.10776121784269,-47.338645472091656,8000.0,-21.193747983375587,-25.82118331660078,-5.903036055215452
playht,5.984,-26.082793786987693,-6.108077392544855,0.013422818791946308,-8.807115686508798,-71.2184716146113,-43.596632497364055,8000.0,-13.515784933914958,-5.429684414210776,-4.373840541399289
playht,7.7546875,-23.790581824634764,-4.7929585577399445,0.009055627425614488,-22.213153987279593,-71.44637329671265,-48.96779643401136,8000.0,-21.55800723781271,-24.66314771213603,-4.872065012656265
playht,6.3146875,-25.524620269050786,-2.885314910491475,0.01589825119236884,-25.358655396400884,-77.86811394761808,-47.00565988350502,8000.0,-10.540054577254743,-7.557935099342153,-5.297568032407824
playht,6.4,-23.12108481713018,-2.7241536520793908,0.006269592476489028,-28.335559908700965,-65.0293908459131,-34.14299583950844,8000.0,-14.553452309900791,-10.100355866320044,-6.408109534764428
playht,5.984,-25.26653259365918,-5.259555369682241,0.015100671140939598,-20.881674725457156,-76.24559144790403,-32.12011289479504,8000.0,-19.20091583566157,-17.243181017226497,-8.097011027679514
playht,5.664,-22.47166913116756,-2.2328735501859027,0.015957446808510637,-28.492941947483853,-78.35554314668104,-50.37148879478825,8000.0,-21.327860656633973,-13.77444957869556,-9.877858944753768
playht,9.4186875,-23.59239580115861,-2.7464433786540376,0.0,-24.076892328333102,-53.783097996455,-47.659216903113645,8000.0,-24.06483791628397,-26.284927407976618,-3.843147356886547
playht,7.52,-24.730792686454585,-3.6695832325029105,0.008,-29.141035746622713,-66.96427355764604,-45.11302821257969,8000.0,-11.864358229389396,-12.157025282568675,-5.8162890296684395
playht,6.0266875,-22.998346557506903,-6.921439780832177,0.0,-18.750355308908404,-27.425768765527998,-31.921622823240234,8000.0,-18.765662303113523,-3.725084782005446,-6.072551064715462
playht,6.3146875,-24.189283048825665,-2.377922525305937,0.012718600953895072,-3.847402256489616,-71.28019450121081,-41.24539460012173,8000.0,-23.234000873904442,-27.075882046925813,-4.980756487026881
playht,8.4906875,-23.901726667677483,-3.520376063661544,0.009445100354191263,-17.060659124513254,-77.01536918759766,-59.352810720511755,8000.0,-18.29629903274237,-15.036451951338748,-9.527988723576655
playht,11.8826875,-22.289581899971118,-3.1046850219036055,0.0042158516020236085,-23.345367691313424,-59.59218204700578,-32.64462309438228,8000.0,-16.92544766252432,-7.850892300885633,-6.4683160724329625
playht,8.5866875,-26.271535689813135,-10.355166400300877,0.007001166861143524,-26.836398981781457,-58.96652033301494,-41.73780660687448,8000.0,-21.812767352617293,-6.243920317210936,-5.51019501037284
playht,6.773375,-24.3287359305252,-4.745952092914518,0.011851851851851851,-25.652115452042374,-73.75764485897193,-36.51598074181908,8000.0,-21.222209177226375,-15.866053779280726,-5.639791400629392
playht,8.1706875,-23.920897177934105,-1.3307560478308977,0.011042944785276074,-21.936292983083035,-79.01842062881173,-38.637846188236736,8000.0,-11.50190730535055,-9.942596531838959,-5.31302669941477
playht,5.845375,-24.379343887845778,-5.336057187637868,0.0137221269296741,-14.150423136567802,-71.37688746145264,-30.20610168608261,8000.0,-19.93003288758093,-16.30158613089862,-7.73152061695356
playht,6.4,-22.956315633795626,-3.3922375595115293,0.017241379310344827,-29.384733012035532,-81.26586445797145,-60.699698140296796,8000.0,-20.52764318202523,-13.884466805133698,-8.68644480280004
playht,6.357375,-25.011347563343254,-2.998939280192631,0.015772870662460567,-22.9463495336657,-79.15694171614551,-49.20639126544964,8000.0,-23.182529325550327,-27.964377539215306,-6.3879269825471425
playht,7.701375,-24.101409202929812,-1.5571310397762794,0.009114583333333334,-41.20451124487527,-71.71337247866903,-46.12540932879563,8000.0,-12.30544494244269,-15.078263238808205,-3.526295396807086
playht,5.941375,-23.82901198167575,-2.8625602985931593,0.02533783783783784,-28.096974658320097,-80.18802355225506,-52.84159428615571,8000.0,-19.5381805130369,-16.04133882430743,-10.542423593616192
playht,7.2426875,-22.108950202828023,-3.095764862648902,0.012465373961218837,-8.964034267905646,-79.1914218697541,-28.69040275114922,8000.0,-14.916248862392834,-14.689136262181485,-4.374623965018493
playht,7.1466875,-24.634730950906018,-5.2153381845766,0.016830294530154277,-21.201803410683432,-79.7067949908643,-39.632713809019826,8000.0,-18.693500213144034,-15.73614759743623,-3.807174118859507
playht,11.509375,-22.604754508802873,-1.474719097357029,0.009573542210617928,-21.473745323087034,-81.65684739385495,-55.164734586669496,8000.0,-21.66825228846762,-16.254184187833445,-3.55291482727678
playht,6.0266875,-24.588768136303344,-5.146656215016518,0.018302828618968387,-15.427547879818125,-80.28922529709645,-53.812007202698695,8000.0,-16.47702508440161,-18.014025451239497,-10.498571083033497
playht,10.0266875,-26.335577154948595,-6.898200098216453,0.005994005994005994,-17.169116240350704,-63.404537739195234,-36.98542773036958,8000.0,-19.30877000926496,-5.6517832114392235,-5.256775492583756
playht,6.08,-24.940147904298634,-4.596068043746565,0.019801980198019802,-26.56664558561505,-79.18394191123872,-31.7792214638446,8000.0,-11.120580160405694,-12.374394321963152,-4.793713584244102
playht,5.888,-25.657223157228177,-4.251790410991628,0.017035775127768313,-26.259636485954566,-78.6941586386539,-35.91722408840735,8000.0,-13.382211981130077,-18.435787167093586,-3.67369507946799
playht,12.4906875,-26.204145216286825,-6.693858987263344,0.0056134723336006415,-32.99885879132202,-66.41982576130249,-40.4438126521554,8000.0,-21.22288161076805,-7.670094089915835,-4.549672560533409
playht,12.3946875,-23.296692296816236,-1.5240343611795202,0.00889248181083266,-29.750887464625247,-81.90085237385834,-53.675870054704475,8000.0,-20.80456122895903,-12.098428669181267,-5.451929233143574
playht,13.141375,-25.805603498947356,-5.064505671687884,0.007621951219512195,-15.29216114440165,-77.64261726483018,-42.137689813286215,8000.0,-21.671328691665003,-4.860362880192113,-4.2298717236630665
playht,6.496,-26.2093477316038,-7.33081002171936,0.012345679012345678,-25.524697083926206,-71.58737711610068,-36.62081864229157,8000.0,-11.45921567637712,-7.985089365766498,-3.9044037709137456
playht,6.773375,-23.92008745665155,-4.462361224891865,0.013333333333333334,-17.321156078042875,-79.5068774724709,-56.6243527379456,8000.0,-18.468431007193956,-15.331047605932532,-9.399657207402967
playht,5.1946875,-22.73096398742135,-1.0714018691839626,0.017408123791102514,-18.742921080352183,-75.85659235249108,-32.72607804170009,8000.0,-13.874987907390512,-10.238222516740983,-5.382144202411581
playht,6.1226875,-23.45944740493589,-4.96957979536588,0.019672131147540985,-14.124872395480047,-81.60308429439803,-48.79139033643847,8000.0,-19.650689642128526,-9.131410693034162,-10.54055490493775
playht,10.72,-25.272375007210037,-3.834444152854405,0.010280373831775701,-9.031594670874508,-78.97313610224855,-48.02973885406614,8000.0,-12.694366145809568,-9.138039635622803,-4.829505207532428
playht,8.0746875,-23.943201735061503,-2.131998490002633,0.004968944099378882,-30.252181140693324,-70.60424084473539,-37.36641493910156,8000.0,-16.71896189526735,-15.388178336526877,-4.375367755542499
playht,11.4666875,-22.19543838902291,-5.419788132977383,0.007860262008733625,-19.31641971221577,-77.18705988337373,-31.771233788685493,8000.0,-16.560999746449404,-10.259222074983285,-5.351918517189077
playht,6.357375,-24.730470510080785,-4.036048608414316,0.015772870662460567,-32.72803833230595,-78.5591867541956,-46.216778875364675,8000.0,-12.841582509898736,-12.515671402155654,-7.676860031318881
playht,11.232,-23.131782283444643,-1.2330990623214502,0.010704727921498661,-24.054612449507207,-82.4461299476116,-43.953407307849574,8000.0,-20.23678631064103,-14.000964386712198,-3.6501969387693975
playht,12.4906875,-23.91890951759555,-2.07918854423951,0.00801924619085806,-20.143364822809875,-80.94996408166658,-49.74359826372387,8000.0,-20.298981336658876,-10.448734873648405,-3.533880388643624
playht,7.52,-24.666049833860427,-4.95167345353636,0.0,-23.647095444261854,-52.486146071293646,-40.355900451309495,8000.0,-16.59784299593347,-13.60689292919946,-4.959044326262045
playht,5.8026875,-26.56920982089995,-4.255445422069858,0.0,-10.933646394973724,-52.513785689007825,-37.20762909528262,8000.0,-11.312782219873618,-8.1577110459178,-4.8746991738124805
playht,6.8266875,-25.49511836898158,-6.530700310104065,0.014684287812041116,-18.48434495449377,-78.09302743811193,-35.40906808442234,8000.0,-9.685790229737307,-6.391705505710085,-4.799551976075037
playht,8.864,-24.810876253736225,-3.9086692018563554,0.007918552036199095,-31.477622531433553,-72.52577695997991,-49.369613523292486,8000.0,-22.341395917308745,-23.43702643391748,-5.7228515989838655
playht,9.045375,-22.90360534356479,-2.6500078581265734,0.013289036544850499,-11.85685919182204,-81.48241683319957,-60.21718844830971,8000.0,-20.503577835512942,-13.68598643317305,-9.949209120932764
playht,11.424,-26.156183139045485,-4.177102875006877,0.0061403508771929825,-2.591923313804987,-65.96553496874549,-37.34582721842767,8000.0,-20.82332500349287,-12.151825059857941,-4.862149252101204
playht,6.4,-24.88287461351391,-2.1870985222578883,0.012539184952978056,-5.545916588102443,-75.8358048747729,-48.53981333412662,8000.0,-14.343006428981816,-14.032707701920614,-3.979123562696188
playht,5.056,-24.28527795681017,-5.231245169870675,0.017857142857142856,-19.786445268105993,-73.24604423791327,-36.590662191058996,8000.0,-9.708858767994343,-9.113959108655749,-5.692729661759294
playht,6.1226875,-21.691838472311552,-3.4670817143767163,0.01639344262295082,-19.484099848199197,-81.72350368917357,-31.35068928341285,8000.0,-20.531176173171183,-10.38228381085981,-5.3809281982503165
playht,5.056,-24.469932387247802,-1.7849206115344507,0.025793650793650792,-24.71818461301371,-79.04293331738202,-36.01140247276093,8000.0,-12.687976800769938,-12.363157832062889,-5.518589475758098
playht,11.328,-22.662261042742166,-4.46034885669053,0.007073386383731211,-18.582039019498918,-75.38968412775655,-36.44054371674896,8000.0,-17.921766971162377,-3.17056353040185,-4.507592518413091
playht,9.376,-23.44334344955113,-2.1435191153587594,0.005341880341880342,-28.794678546199783,-64.99200649637993,-47.39863534592691,8000.0,-22.073334909992013,-13.406938175992721,-3.814953741806562
playht,10.9546875,-23.96698171743397,-2.526164786494583,0.009149130832570906,-22.18831403334408,-78.91381031481593,-44.924109831005055,8000.0,-22.422782089324812,-25.41999250668851,-3.9578026691324055
playht,6.677375,-21.26757606407095,-5.267323143288385,0.018018018018018018,-9.083720861334733,-83.16816375988962,-34.70289628641012,8000.0,-18.95428780924607,-2.9039430856883257,-4.452186378638366
playht,5.472,-25.06588784484707,-5.702129198822089,0.022018348623853212,-7.030947444896281,-78.60720492341348,-35.95033768463385,8000.0,-10.683593243081084,-12.110475848589402,-5.213039812660355
playht,7.285375,-22.17905808732305,-1.2232360896968957,0.013755158184319119,-17.138846809331902,-82.41754035138382,-48.44093763458081,8000.0,-23.063733019310583,-14.9444753116099,-2.7457769251546296
playht,6.869375,-22.708172985119063,-2.601981462000839,0.00145985401459854,-16.99446650114956,-58.54068427246437,-51.814537650614845,8000.0,-21.251368025769573,-12.202185125009827,-7.512931721854244
playht,6.592,-24.692698386063906,-0.8524118504680491,0.015220700152207,0.5296346522902482,-77.98444614145504,-31.56093186739095,8000.0,-11.051126428948713,-6.608356202278138,-4.881155120153814
playht,6.2186875,-26.25991821932018,-1.5306448442117522,0.008064516129032258,-35.268645498138355,-71.06279345349148,-47.02736912512708,8000.0,-12.470250245057379,-12.879187487440575,-4.034127271305536
playht,14.293375,-24.491110671663048,-4.103171101609315,0.007708479327259986,-30.746455662759953,-79.36066633921153,-45.79452707275145,8000.0,-18.57839899866945,-18.142751811237574,-5.682182298193183
playht,5.2906875,-23.461459232031405,-2.101507331243097,0.013282732447817837,-11.29878550373504,-72.40432909432971,-26.139119604427176,8000.0,-11.436176116323487,-7.673664697279513,-5.4689868216521305
playht,8.5866875,-24.949067403850428,-4.232722895744035,0.0,-37.43955812695606,-48.51707319280203,-38.84553165620528,8000.0,-10.229496517029403,-9.392365261524077,-6.130610854096709
playht,10.069375,-23.09505884373481,-2.3713241420942768,0.011940298507462687,-24.08716689096141,-81.31967821224943,-36.884300130045844,8000.0,-15.836961838520807,-14.23064008644397,-3.4376536344163497
playht,5.472,-24.298794254935196,-5.648432851082602,0.003669724770642202,-9.641807196992236,-63.1160540473694,-51.89692092018052,8000.0,-17.519445926034862,-18.834749246760474,-10.64208681990803
playht,8.768,-24.827938336262548,-4.606901884607683,0.005714285714285714,-10.613338407882697,-58.92205700549517,-37.995113048874494,8000.0,-16.896270770180678,-13.258514479951302,-6.46509965513637
playht,6.2186875,-22.479193059172676,-7.962067434534426,0.014516129032258065,-14.190121923638124,-76.31165981716754,-30.537885229008452,8000.0,-19.215826109008738,-10.285896423961617,-4.982183191810293
playht,9.6106875,-25.632855999912465,-4.9953622757403595,0.0,-20.156038858464257,-52.09034729810654,-39.907998179442586,8000.0,-10.286928401220123,-7.237519920060151,-4.821270208110391
playht,7.4666875,-24.372043482035558,-3.485988733174982,0.0174496644295302,-35.857550225762,-77.77633187113278,-51.6719579635641,8000.0,-17.094424577615726,-16.171632416718012,-5.1110541909772
playht,8.117375,-24.005095088396168,-5.146092747934877,0.008641975308641974,-31.303020038757886,-74.26270996641125,-56.75789844302977,8000.0,-18.50521805005181,-18.08487812453272,-9.668698272803184
playht,7.189375,-24.03368247968519,-3.8185052787047096,0.008368200836820083,-17.384617103629022,-71.01681965234542,-53.41673147902161,8000.0,-24.0854781502765,-14.007254688405517,-4.16605452247677
playht,4.736,-22.192396072498212,-5.209743404917137,0.0211864406779661,-24.07349435157793,-79.83462562090321,-31.809009812151114,8000.0,-16.756819434944106,-10.37003047120134,-5.2517483980996715
playht,7.189375,-24.11407449825613,-2.433316812384256,0.01394700139470014,-34.93026163679043,-78.49865947010282,-46.725930120915734,8000.0,-23.467244280410846,-28.247582920757786,-6.04562646257726
playht,7.189375,-24.337573047175546,-3.591203361288656,0.022315202231520222,-39.176238768451576,-77.9464939727145,-58.62024268644132,8000.0,-16.96613613224931,-16.992680212491933,-3.844911717019741
playht,5.888,-25.679641116697947,-4.961150663975094,0.01192504258943782,-23.10546387002151,-72.30826365106572,-33.296880842942876,8000.0,-18.863070185121018,-12.28518676231299,-2.989241810397999
playht,9.237375,-26.041334232902788,-6.902276798394794,0.004338394793926247,-26.19769798935327,-55.80824912978251,-34.13048151577196,8000.0,-19.964245223561285,-6.712308321178035,-5.265813446146581
playht,5.845375,-24.504072849403823,-1.7281576007538992,0.018867924528301886,-15.41165072394552,-78.1629406995981,-36.906117887156164,8000.0,-14.952887075721527,-13.835919189632087,-5.087874949024581
playht,8.256,-25.158052486769424,-3.30551155580527,0.023058252427184466,-37.02218643657736,-79.49588924471635,-61.85116753373105,8000.0,-12.83681210055829,-14.548905224940683,-4.793094955941669
playht,9.792,-22.08406071820791,-6.675365656974802,0.0,-32.627862021159046,-34.5594531126179,-32.916354551672356,8000.0,-17.254499694283638,-6.838735144183275,-5.2924051518290725
playht,5.749375,-23.899833405666463,-4.497566981948232,0.012216404886561954,-28.74184015617502,-69.72500013956879,-29.886942704939255,8000.0,-21.14611564338007,-15.259610796715577,-6.525710789595863
playht,6.1226875,-24.687211109766146,-4.3539091841275654,0.013114754098360656,-23.12739303440407,-69.59512292242432,-47.22545923071493,8000.0,-22.251504972276486,-27.08692430201421,-4.161944170384359
playht,6.1226875,-23.14404959120175,-2.5995729232487133,0.022950819672131147,-40.59876306430583,-81.9452352362304,-60.040907353224185,8000.0,-22.06403964134966,-14.878172695560835,-10.041491534279885
playht,12.672,-23.94182975373452,-1.663355707370027,0.0071146245059288534,-21.574640729833842,-79.39011470561202,-48.43565237213228,8000.0,-21.252421890555155,-11.649641565911068,-4.511340962577293
playht,8.6826875,-24.319471302011774,-3.592022760270854,0.008083140877598153,-21.1582230872384,-68.55441166383119,-39.46096474771626,8000.0,-22.12024141864873,-25.64741589106731,-5.920283752817454
playht,5.472,-23.983351838631716,-4.253221674914934,0.011009174311926606,-25.113819725257812,-72.90395301052959,-43.90083235852587,8000.0,-20.01098065856724,-11.748458580438935,-7.500695163881261
playht,9.472,-26.089383077642886,-8.310254006195004,0.008465608465608466,-19.909405088367684,-71.45374007520968,-39.85654145427948,8000.0,-18.654438349233928,-5.3991752162815985,-4.791975588562778
playht,7.701375,-24.08381906492995,-3.1083745170282495,0.01171875,-22.344213502206618,-76.27219773208637,-43.51745944890125,8000.0,-11.839351159416509,-12.50761445627986,-6.489964091233659
playht,10.485375,-22.44706796047087,-2.055931720594639,0.008595988538681949,-14.93158992106817,-77.98471982501599,-39.393845371912946,8000.0,-15.932023790906896,-11.623907957630479,-4.709603195520799
playht,10.0266875,-23.55284013812954,-1.979513883710309,0.012987012987012988,-23.64826936433529,-81.42759382492973,-53.97312968738083,8000.0,-13.51985304031276,-11.334438182301724,-4.753675557554338
playht,4.917375,-23.678977789093697,-5.582847521685793,0.0,-36.320844782957025,-61.39645445892759,-55.60614354961875,8000.0,-20.826518039326345,-9.812192728099461,-7.721355938616512
playht,5.845375,-24.380294448167913,-3.0874265450807394,0.015437392795883362,-14.802162187404871,-78.10314871154304,-42.667526136570714,8000.0,-22.701469382957953,-14.435732733850251,-5.749682122681847
playht,6.6346875,-24.944235321282168,-3.331956453804189,0.0,-7.767687152129483,-52.642695134054726,-30.6868576857644,8000.0,-12.31003583584247,-10.84012093245262,-6.10456227370981
playht,5.888,-22.094074356443933,-1.1025026919551357,0.02385008517887564,-11.205728866080955,-82.82800164369182,-44.723863586658055,8000.0,-15.14293658705845,-11.17569461648798,-4.982977115415842
playht,7.2426875,-27.557946503548262,-9.879988308547302,0.008310249307479225,-16.139740164395604,-61.47241347140609,-40.348419899780005,8000.0,-19.62392021083376,-7.203454278799768,-2.824687213028568
playht,10.3466875,-26.83793360351627,-9.600325446699921,0.008712487899322363,-22.73553608227016,-72.20902215775443,-41.93085182285096,8000.0,-20.895777937537197,0.4039080819329399,-4.342739248474075
playht,7.424,-24.158978002294234,-5.217698361393249,0.008108108108108109,-18.199969995912912,-73.5642462761817,-39.14862128986758,8000.0,-18.834865324398393,-12.781035050104585,-3.570222025486686
pro_diff,6.4319375,-24.83094442568504,-6.9558348292079035,0.0,-2.4555335521381494,-49.182355070837005,-31.455602968971338,8000.0,-12.604687676867158,2.4569594589315216,-8.114594916077124
pro_diff,2.9489375,-23.78418399228048,-7.843390920265137,0.0,-6.097479846072716,-49.15008121687384,-25.172179499538736,8000.0,-14.854788710813345,-0.6858712476774755,-8.640019520082099
pro_diff,5.6773125,-25.243609554320834,-5.963724432808135,0.0,-9.683235491354388,-47.68513792090939,-31.06839478419431,8000.0,-10.277328843825636,6.886594420123856,-6.559546099761192
pro_diff,5.4915625,-25.28391960198368,-8.53785034238536,0.0,-6.928421195506061,-48.0539811551143,-48.412766443048184,8000.0,-16.949056204198783,-1.5519643776311227,-4.684065685885237
pro_diff,6.3855,-24.742817028634118,-5.9323660927587385,0.0,-21.347202561518394,-50.758658610165305,-30.235117781151665,8000.0,-12.517168112503121,6.235860685194879,-6.3682784448414225
pro_diff,5.5728125,-24.422725859668674,-5.891675589416817,0.0,-21.444039862664955,-46.94463928390226,-31.442076056420152,8000.0,-12.344203115377638,5.318844339449626,-6.254098639432748
pro_diff,3.8196875,-25.940289671181947,-9.529349399175208,0.0,-3.678653923019141,-45.86357175681302,-42.793652479080286,8000.0,-11.425088859421258,3.6992525598062187,-4.72442686441223
pro_diff,7.6278125,-25.147212934701994,-7.9556585056204385,0.0,-25.923386993676214,-50.15010109232992,-35.46835774631144,8000.0,-16.275566945297022,3.317982350375253,-5.607981279777832
pro_diff,6.0604375,-24.124741591991725,-6.450545110935609,0.0,-10.761197419136021,-44.438997893069086,-30.679448228989795,8000.0,-13.519855393536716,6.65603686176955,-7.03360795252425
pro_diff,6.78025,-24.596349254515136,-7.715845501054978,0.0,-3.0096477332011986,-50.06776078933426,-33.61489862930115,8000.0,-14.227924492076767,4.220625570608476,-4.6666417490931025
pro_diff,6.88475,-25.601708184317307,-8.094385769767392,0.0,-3.6387408713104747,-49.12729381151942,-35.19690553448922,8000.0,-14.399995900486452,-0.9595574895910701,-7.560859334465206
pro_diff,6.130125,-25.22671885924233,-7.435219006415872,0.0,-2.6594073874469863,-48.11718304429597,-34.74382101011349,8000.0,-18.5880697828564,-2.6229762896373856,-5.404083600277936
pro_diff,6.791875,-25.171791298537634,-8.47396355861673,0.0,-2.800230202223105,-45.764745127778454,-33.84292108650999,8000.0,-12.302568955764727,6.021936373665156,-6.666472943453485
pro_diff,11.017875,-25.12033251303219,-7.392654421038101,0.0,-4.23589477373379,-47.28415724768114,-31.12184266824241,8000.0,-12.125530691497652,7.592929383460259,-6.688626977795153
pro_diff,5.7585625,-25.65110854118233,-6.996876197467076,0.0,-3.192450603233013,-48.75775540344122,-32.37277473311257,8000.0,-12.120573440958175,3.7449546689854074,-5.599022933187129
pro_diff,4.2725,-24.9257196747321,-4.27385191072254,0.0,-5.504916238811607,-48.18680938939468,-32.555827098354854,8000.0,-12.056414876425954,6.3984252087590505,-7.63823046190722
pro_diff,4.969125,-26.080752813984247,-5.52252984752692,0.0,-11.104051724317774,-48.52648103628934,-31.362908443026985,8000.0,-11.901930937205528,3.39651006835728,-6.610542351785128
pro_diff,5.7005,-24.632586204989252,-6.388538534102431,0.0,-6.401966401358852,-48.49807416533923,-33.18557326541671,8000.0,-13.528261648445387,3.7147761286995973,-7.565904457077679
pro_diff,4.446625,-25.02230956143082,-7.026703270912966,0.0,-6.212453923964777,-44.60932981531808,-36.32510565313099,8000.0,-11.671248631950967,7.372425919595372,-7.733821135903796
pro_diff,10.5070625,-23.884723870375684,-6.255725714055485,0.0,-5.804223875935801,-50.93047166288087,-28.797835374334674,8000.0,-17.366650750497286,-0.15668322407853452,-6.0867573721491866
pro_diff,3.8429375,-25.207328858376222,-6.345894153116136,0.0,-9.933045933292995,-48.02024197138457,-28.4185907011786,8000.0,-11.465787422496021,5.497657701681916,-7.634431843489985
pro_diff,5.805,-23.718740476872952,-5.958325989529295,0.0,-6.468825534147349,-48.46109607651,-30.675342438910214,8000.0,-16.027000147363346,1.8232332602204764,-8.530577984322221
pro_diff,6.9079375,-24.08520273187382,-6.4985128547930415,0.0,-4.1173784616244795,-49.32887067637732,-33.975077003881815,8000.0,-18.581970091771083,-4.522246777060936,-8.175089783816837
pro_diff,8.5681875,-25.299329806879737,-8.614696343005924,0.0,-7.684098134980786,-48.21301959625834,-46.15801697725053,8000.0,-14.957194342669979,1.7962107576163362,-7.636002553373061
pro_diff,4.1448125,-24.959418661175278,-6.401479764549297,0.0,-10.474718916777014,-49.2712301270024,-31.00268604576529,8000.0,-16.390133349655066,0.14142535686180935,-4.923083774395799
pro_diff,7.4188125,-24.829660879060796,-4.604136384705439,0.0,-6.133702338488757,-48.90649967371111,-32.23917209004027,8000.0,-12.450122208280135,6.202001677466946,-5.543854227555784
pro_diff,7.7090625,-25.57877737641578,-8.644216404409894,0.0,-2.5852479556686845,-48.122822912131966,-25.616405178585968,8000.0,-14.84376395583778,-3.427244797775572,-8.959537621385003
pro_diff,7.4071875,-24.837275633693643,-6.926638771081724,0.0,-24.79828557222205,-50.12563499378755,-34.72286919528872,8000.0,-14.815306233160257,3.0857255042535954,-7.471958348165231
pro_diff,4.19125,-23.680660426710087,-5.0823306156712285,0.0,-7.254112475761538,-52.63928390037442,-32.22488269015348,8000.0,-10.73352103655354,8.42829549415439,-10.545229869008494
pro_diff,8.2663125,-24.575256809749966,-4.615339172970856,0.0,-1.1643227914007248,-49.49196860563899,-28.8016289063309,8000.0,-16.71372631561249,-1.3016629531019959,-5.296454327521431
pro_diff,8.637875,-24.742428013631596,-4.483784829091427,0.0,-1.8348795192772087,-50.65810586388927,-32.88661019280231,8000.0,-14.844670651822867,1.4368519392387213,-5.827542185277082
pro_diff,8.9165,-24.669420116500852,-5.469590188832486,0.0,-18.370336460437507,-48.01107811172525,-27.754581558577257,8000.0,-11.980860369333321,6.750161753686982,-6.186744884512876
pro_diff,5.2129375,-25.43170623367849,-5.344162998034378,0.0,-29.30248739201741,-48.20559710264824,-41.09889409724644,8000.0,-15.189229236042394,-1.618458107626644,-7.109523926728784
pro_diff,6.51325,-25.224587173177785,-7.1943749106597,0.0,-5.590176815197395,-46.09448930626521,-50.234258498772896,8000.0,-16.26575572827123,1.4196729214267663,-5.635334931741781
pro_diff,8.7771875,-25.54282943885888,-8.133058632859546,0.0,-6.382814635750467,-46.43712739677675,-24.07244028734121,8000.0,-13.662558176777047,-0.7813424328538403,-9.056987756958833
pro_diff,8.3591875,-25.288248265576442,-7.647389984043978,0.0,-23.050069390400907,-39.544886922116305,-31.205358387850573,8000.0,-14.223707882614065,0.660971167753658,-4.435505406414094
pro_diff,9.5318125,-24.278127489921083,-6.593641061325558,0.0,-6.983814244128141,-49.45080887042308,-34.19366839942633,8000.0,-15.6635071769877,0.7285955366098023,-6.486244817400134
pro_diff,7.6161875,-25.182234010596076,-7.168135988963354,0.0,-1.387202779256306,-50.59938392537695,-36.45663711537631,8000.0,-11.815429496281503,6.343621867697927,-5.751587908087743
pro_diff,5.538,-23.96456699254355,-6.612490200778195,0.0,-3.9685100866197587,-51.64404132412379,-32.063780221098625,8000.0,-14.622184452980527,3.507832158819916,-6.942138753823862
pro_diff,3.19275,-26.172003026085573,-8.221925573553237,0.0,-21.859188983286035,-46.910611327821854,-33.82232714408994,8000.0,-11.54686056629172,3.378696588773934,-7.377376480474439
pro_diff,5.14325,-24.411358866528907,-7.283415799226486,0.0,-2.280084713895082,-44.524700881818404,-32.771969393273736,8000.0,-13.067702440071713,6.611585530326799,-5.1687580424170605
pro_diff,3.87775,-24.141272231589568,-7.8603379070430215,0.0,-9.031565515028248,-48.92987277095407,-29.18176347384417,8000.0,-12.747434830543085,6.503369923272118,-6.673067132260613
pro_diff,6.977625,-24.923705606563953,-7.191956681719392,0.0,-1.8935964624890005,-49.50275005082038,-40.5743577062522,8000.0,-11.810933238520853,6.390381033021754,-3.2454559557926217
pro_diff,6.98925,-24.99000920182647,-5.994743994523698,0.0,-13.293894133841544,-47.803047431599396,-31.221919659936002,8000.0,-12.281731678834454,2.099213052781984,-7.831475867007207
pro_diff,4.77175,-25.07393040006463,-8.146166244280113,0.0,-13.693275863541718,-46.728419577052335,-33.067601153916954,8000.0,-10.02120907493822,10.23534775292375,-9.315141123827281
pro_diff,4.7833125,-25.110418009113168,-8.50805427670383,0.0,-4.080834818496129,-50.080523437480416,-27.762492442497255,8000.0,-13.585228228642634,3.8696142279711623,-6.1120270679087625
pro_diff,5.9095,-24.200892341315495,-4.847867640173468,0.0,-10.986978986470287,-48.18913772644737,-28.90353388758668,8000.0,-13.57632513455301,4.709217956614488,-8.394163393924167
pro_diff,4.446625,-23.31396667017298,-3.716215294998311,0.0,-6.593133664390759,-41.05157772157244,-28.94888786097246,8000.0,-15.498096939451358,-2.6378212440381077,-4.283031855674935
pro_diff,5.51475,-24.44991783288434,-7.746492350202664,0.0,-7.352807033530844,-43.25331512761221,-32.382353178778544,8000.0,-17.597164061743463,-1.7804540408709855,-5.061625220048512
pro_diff,11.0643125,-25.240461210758834,-6.277186615785717,0.0,-0.19255282502899718,-48.17346583833847,-31.502250534316087,8000.0,-16.157339063939638,-2.390055635345945,-6.676623701617885
pro_diff,7.7090625,-25.069205632906296,-6.504369675477866,0.0,-5.802939200693427,-48.7136171158966,-33.2998181459496,8000.0,-13.74290346551161,4.61168374339028,-5.125427913722703
pro_diff,5.8630625,-25.391468372438073,-5.091366137111091,0.0,-2.135761265118628,-47.497812008054325,-48.754134994932386,8000.0,-13.188974572697823,4.73803102130114,-3.3234737238655327
pro_diff,7.453625,-24.609852490576706,-7.245289755831484,0.0,-12.666477752859588,-51.22624994832284,-35.33437569785957,8000.0,-14.912770768406553,3.03154891197498,-2.3721387419419457
pro_diff,5.607625,-24.69937760240839,-8.150023395327361,0.0,-3.3395497812614465,-49.72784752868994,-41.818965933219495,8000.0,-20.687117746843818,-5.410753082859415,-5.689488353497737
pro_diff,7.2795,-25.008284879353432,-4.439334085361725,0.0,-2.5092170609906965,-50.2094546764322,-33.72402787897836,8000.0,-17.36843146781422,-0.552846538712366,-5.515382642652419
pro_diff,9.566625,-25.001870692283674,-6.5173408641209445,0.0,-7.885912781966706,-47.70224487080806,-33.30834827775866,8000.0,-11.625514669875002,5.413351077470253,-6.010626956531837
pro_diff,5.805,-25.091282053841446,-7.439109100858635,0.0,-7.042384926849564,-48.65180488880129,-33.30061796148758,8000.0,-15.858792399042628,-3.5429166533329735,-10.792764879573355
pro_diff,5.445125,-25.872702061031777,-8.340673587517712,0.0,-15.983129820937926,-50.208696646200934,-30.623065124106482,8000.0,-9.447371189640045,6.214938289140669,-7.412173706634576
pro_diff,8.62625,-24.569589889482867,-5.946958510037362,0.0,-3.7609290645567093,-42.94325257261967,-30.731745000540105,8000.0,-17.918163975927165,-3.681697279525501,-6.261030806434036
pro_diff,11.3661875,-24.514417828204692,-5.230917712231493,0.0,-3.990959713052,-44.83072479801723,-28.28888610695677,8000.0,-11.57023632992545,6.163253410103792,-5.989659159827475
pro_diff,5.9559375,-25.092736608146776,-6.039602709391366,0.0,-4.441053203522628,-50.401113989007534,-30.454404083819547,8000.0,-14.263810870215686,4.191799683959211,-5.039503592250817
pro_diff,7.6974375,-24.700775467720355,-5.827079352856655,0.0,-10.276337483117707,-47.94065914786741,-27.434258829695423,8000.0,-12.600912809888278,5.08132042732359,-4.341498181373346
pro_diff,4.2260625,-24.46293971496801,-6.20192785968678,0.0,-9.620753515886314,-49.30556794391751,-32.50660225062212,8000.0,-15.98741451955243,1.3160951658745859,-6.859878891653139
pro_diff,5.131625,-24.322304173193228,-7.377943177882362,0.0,-10.100612729976561,-50.57257639493371,-35.948984105330986,8000.0,-24.169988775717833,-15.348898389686397,-2.7502914458209062
pro_diff,4.156375,-24.942465550036488,-6.528661156200055,0.0,-6.614422230845339,-49.804179879206714,-27.94121324490113,8000.0,-10.812400856538076,6.068582323030149,-4.4227663651195215
pro_diff,3.8196875,-22.926349805172507,-1.6711715191993233,0.0,-10.850287229213016,-47.998232888486534,-32.473661850913025,8000.0,-13.351707832054117,7.405454033675063,-4.750530527426996
pro_diff,5.14325,-25.842998334702326,-6.250691359328817,0.0,-21.52233853742213,-47.11525195882098,-29.55917938097072,8000.0,-14.123235493300108,2.5008068876544627,-7.699892411428266
pro_diff,3.87775,-24.44435760006491,-7.483545330218046,0.0,-5.681012312998757,-46.79213645144162,-29.769335330961827,8000.0,-14.774667332777817,-0.9415156850851645,-5.940614499916123
pro_diff,2.5658125,-25.632372570107435,-8.615113908813594,0.0,-1.840750817421327,-48.77690361644464,-34.41309254993489,8000.0,-12.795424970941177,4.436833757283978,-5.091923491816431
pro_diff,4.2028125,-24.043058185181433,-5.958274909787637,0.0,-13.751237107418639,-46.662236939961446,-35.08146703720243,8000.0,-17.527414422840543,-2.0722236250701656,-8.106000890851547
pro_diff,9.2299375,-24.986390574911947,-5.965538581189045,0.0,-18.12419991747315,-47.79318877044035,-32.16017553210862,8000.0,-15.389273865524089,0.33086643645972913,-5.6784088585208465
pro_diff,5.93275,-24.91960166274371,-7.0969176905391995,0.0,-4.077152133515206,-47.01700619426555,-46.443696327507425,8000.0,-14.932711507982205,4.541218974580225,-6.485712485902532
pro_diff,6.1765625,-24.416024898603467,-6.373556913988033,0.0,-3.8020204446651924,-44.75396939536398,-24.866471554081645,8000.0,-13.875696425321017,-0.6585958578939426,-6.5454074825498125
pro_diff,8.2315,-25.693208756763298,-8.701272502798393,0.0,-3.8443577395011914,-46.89065210926432,-32.02718551011917,8000.0,-12.026834999926685,5.256028630301358,-6.44370046656821
pro_diff,8.7771875,-24.468718351893997,-7.525907715294781,0.0,-18.52561196277142,-49.16549189752172,-31.203397656757176,8000.0,-17.175968195653397,1.8138523148820767,-8.593604008221249
pro_diff,8.405625,-25.22577170470455,-7.980033795949545,0.0,-7.103513657656375,-48.56448618300128,-27.86987280553571,8000.0,-13.632869331322148,1.7604703633024954,-5.061033053841285
pro_diff,5.2709375,-25.39207772711368,-6.771402877038916,0.0,-5.438849971891955,-48.42187117097207,-37.111196501339904,8000.0,-12.378378332367028,1.6713439523436975,-7.887584200484596
pro_diff,6.2461875,-23.628944317170586,-3.767784909195665,0.0,-7.405152833559651,-45.79515236688488,-38.9530670005132,8000.0,-17.572822357643858,0.7299756883692865,-3.3686421019065236
pro_diff,7.5116875,-25.29079398220802,-7.925869080239592,0.0,-6.494823759681633,-44.17912007430286,-32.83380356917263,8000.0,-10.614547836767102,6.487390974690761,-7.975138433007658
pro_diff,7.372375,-24.785706226605054,-7.665052869837885,0.0,-5.269643689450795,-44.81473905795372,-29.98144234685251,8000.0,-15.00475385794158,0.011321996927264877,-4.190343333082062
pro_diff,4.0519375,-25.413139701563473,-9.759231724585021,0.0,-2.58403589236487,-45.85089664270052,-37.527177027162345,8000.0,-14.491410080224753,-0.4771814278481372,-9.72274018755732
pro_diff,4.2376875,-25.009336605244847,-7.928398426344907,0.0,-5.784711417813163,-48.17683667227338,-33.25784769427429,8000.0,-12.180364825539414,4.93644878845808,-6.770085094518862
pro_diff,9.3576875,-24.49061006849359,-5.101669067459843,0.0,-2.3404426148046618,-49.72735746987344,-31.832877310443966,8000.0,-13.003123602987571,5.941162982068242,-6.836490899496624
pro_diff,5.5960625,-26.19597989532857,-6.789760126340837,0.0,-11.383947357763976,-45.82765031747407,-33.722492480955395,8000.0,-13.076616920803069,3.443695219170557,-4.87269187117959
pro_diff,2.4033125,-24.119986920113554,-6.409077498549475,0.0,-9.065408280214687,-51.67438797371638,-33.8907233127499,8000.0,-15.089166823249236,4.014778683011166,-4.481164105213452
pro_diff,5.93275,-24.79202570269947,-6.363222441457572,0.0,-12.330851617174684,-49.239398099721555,-34.29942305176986,8000.0,-19.11635980343803,-0.997885092826678,-4.132567216336618
pro_diff,4.586,-25.004571896667525,-7.6554193111108235,0.0,-4.1558575944572596,-48.743024810673035,-29.47072618935263,8000.0,-11.54478928242937,4.948084060339745,-3.6889610087819733
pro_diff,5.1665,-23.49503383772149,-2.8809510743860614,0.0,-4.204550110031661,-50.13359390551168,-31.3255855623715,8000.0,-16.154053693634268,5.386005665998617,-2.970203064679623
pro_diff,7.3375625,-24.932102851382233,-5.2023403802267865,0.0,-4.284689611154793,-47.98175775888262,-31.248687867305673,8000.0,-12.509764018488411,3.936384927949838,-6.38077731610602
pro_diff,6.281,-25.103002047376147,-9.791965776521977,0.0,-11.364252152290874,-50.05890291407134,-28.389484388274607,8000.0,-11.276604713711137,5.182928517824422,-8.41578082240347
pro_diff,7.163375,-24.581562016023383,-5.268275228100954,0.0,-12.489506125168873,-49.536873517794014,-44.773360950754686,8000.0,-21.393945302375712,-6.325507203369938,-6.113288892220993
pro_diff,6.397125,-24.770556858708638,-7.439363288015505,0.0,-41.70998172220594,-50.24239617035366,-31.041718938577564,8000.0,-13.850297942943016,4.674514749869189,-5.937576856699856
pro_diff,6.3506875,-24.902947456036163,-2.751654571874478,0.0,-11.242402861047111,-42.92672740035421,-30.776934086547623,8000.0,-14.066735398759967,1.824227039434163,-6.040465799355523
pro_diff,8.034125,-25.016169734044684,-5.935369118705006,0.0,-1.6553880752838452,-40.22295129684204,-30.799517249693125,8000.0,-13.855563243791487,1.2537832212892326,-6.746244729161752
pro_diff,5.9675625,-24.234506724852743,-7.893326242618519,0.0,-8.168995037123015,-45.837781748213175,-32.141713218960604,8000.0,-18.258473253030928,0.9150518082768286,-4.049842333462621
pro_diff,6.6409375,-24.620350402090068,-3.9219830907395026,0.0,-14.458780962463607,-44.89049200287945,-29.55276838484314,8000.0,-17.747339689380794,-2.0233844493361843,-4.869663799536312
pro_diff,5.0851875,-25.98012496281573,-7.296892110113023,0.0,-3.4794225458807837,-47.19308723853595,-36.17019748721722,8000.0,-12.283608382385303,6.235748381005436,-5.258120474392051
pro_diff,6.977625,-25.038460470207617,-6.08526637304322,0.0,-2.6459092307262537,-47.34049556173612,-41.25121913678153,8000.0,-17.940955191989957,-0.8305331174729815,-3.534369073578567
pro_diff,4.179625,-23.45268310966889,-4.123208684037989,0.0,-16.431706770949372,-49.153207008953075,-34.22738390277652,8000.0,-21.205271965005878,-3.6786858470301667,-5.007422904219055
pro_diff,7.73225,-25.743701367126963,-7.564111775324472,0.0,-17.84017517745057,-44.7478659728685,-40.31512132442646,8000.0,-11.777489126447513,6.460038329554074,-5.577133408802439
pro_diff,3.0534375,-25.007566116742485,-4.60077142994152,0.0,-23.581788172149434,-48.04258853011996,-30.97090403748621,8000.0,-10.88347873465262,7.145041445833513,-5.632762425964607
pro_diff,9.0558125,-24.704102057156007,-3.919551943957395,0.0,-17.440502367930183,-48.73126696902389,-27.532306423094187,8000.0,-10.932146448149112,6.527205304039619,-7.515544145591875
pro_diff,5.747,-24.49472277248781,-4.842645766515266,0.0,-1.6799027292126105,-50.087919736749754,-49.011549584591464,8000.0,-13.51011644464215,4.292620847188964,-7.937505542786326
pro_diff,3.3205,-24.854955739107616,-5.773179527583009,0.0,-9.76295474858313,-50.02685329568515,-35.29188117404636,8000.0,-14.639589465443308,2.215294775009191,-9.984355406840471
pro_diff,5.72375,-24.3250402712843,-6.317046815352042,0.0,-9.905913984503524,-49.08342735511637,-45.760533802557276,8000.0,-13.31748856177694,3.7090923811576815,-4.0266086106225245
pro_diff,6.9311875,-24.13078695502258,-5.859224840916069,0.0,-3.8721545059385676,-47.29242569695208,-34.885095859363645,8000.0,-17.857253788139587,0.9917503258559606,-5.927533678041705
pro_diff,5.4683125,-25.59821356508794,-6.6749308498960165,0.0,-27.21848890493359,-46.441233329726444,-35.12978442099602,8000.0,-14.470029724771123,1.3420757279499043,-3.3963737692390197
pro_diff,9.3925,-24.820300548617137,-7.018373891357562,0.0,-1.5008670090358223,-49.5844907525137,-43.835133848553326,8000.0,-13.7965815985838,6.849211003955318,-4.205240449649061
pro_diff,6.0604375,-24.97314981274091,-5.926061481471314,0.0,-6.166860861238369,-50.30346635261658,-31.030255454462743,8000.0,-12.213152963721797,4.434253635031567,-6.553403988604586
pro_diff,12.387875,-24.289285442590124,-3.9982739877250912,0.0,-9.178102630040794,-50.24837176530937,-33.892007105703385,8000.0,-16.821832016144185,-0.0823653119113743,-6.9560177228066635
pro_diff,5.82825,-25.77660629638369,-5.413890128239065,0.0,-1.1652490915560136,-45.60139994810678,-33.38474271218366,8000.0,-13.062722267795145,0.7116453691737874,-7.931671448436838
pro_diff,9.3344375,-24.41092160647853,-3.485348251101606,0.0,-10.91389875638011,-48.13498734606469,-25.639817305914196,8000.0,-13.576786585601447,3.9607255022979757,-7.565754696571524
pro_diff,5.2245,-26.066719640053027,-8.655502385987756,0.0,-11.976879710012739,-46.39003802483776,-30.18058558956374,8000.0,-14.605990682082748,2.492583780458766,-3.191927738059718
pro_diff,7.000875,-24.386247821266466,-4.782690749962076,0.0,-7.185726543396633,-45.38823889121916,-35.50763398404556,8000.0,-16.899134099758683,-0.30571693181898496,-3.6158863177938088
pro_diff,4.4930625,-24.211224358746833,-7.267140015819873,0.0,-19.188039396886534,-47.17985543173947,-31.1593449213111,8000.0,-18.159904928748936,-1.856700190627265,-5.088429164597976
pro_diff,6.9079375,-25.383602227298688,-6.211398251471783,0.0,-10.144074945188763,-47.84896541823546,-25.098051643013456,8000.0,-13.809512229986183,4.400191823698684,-5.928988494807662
pro_diff,7.8948125,-24.710682195983775,-5.204901078446589,0.0,-10.39386498643557,-47.31866660814197,-30.793943729598862,8000.0,-16.176191139584617,0.9797091443097656,-8.09657504072306
pro_diff,9.1370625,-24.385138091393262,-5.0984168087779285,0.0,-3.0311147666070397,-50.76041117060689,-32.65118984710514,8000.0,-13.825121271358896,4.95335551045757,-6.021683887366599
pro_diff,5.6889375,-25.76703048793288,-7.304112463212182,0.0,-4.614329537656534,-44.47270154199323,-31.530080300024142,8000.0,-12.560873921086987,-1.2517939914390794,-8.339399918737492
pro_diff,5.2709375,-24.91304898496949,-8.662704019221106,0.0,-6.4322382811815935,-45.99063085980269,-46.54914393347721,8000.0,-20.395805054074884,-8.404128983475083,-6.2256248007360995
real,6.8221875,-25.25421042899985,-6.51919242518861,0.0,-26.753908399523745,-38.09598693066802,-37.58397808105034,8000.0,-11.298543073886052,1.743905633642889,-5.316001931708925
real,5.939875,-24.97934073662176,-9.198374198151349,0.0,-3.221515352924765,-34.70961410941529,-30.85211151792751,8000.0,-7.747247267832705,6.602659937751824,-5.81667697411924
real,7.8786875,-24.023984685212454,-2.42311779212603,0.0,-10.157824702626424,-35.9750948064847,-36.2306007474889,8000.0,-10.708671642408497,0.46022025539362943,-3.4914219683947962
real,9.0165,-22.318096230642276,-3.5538252693129397,0.0,-8.142055676306672,-43.28078733057836,-41.070520965031704,8000.0,-9.908647332838797,8.457920521681515,-0.3717591347271423
real,9.121,-23.31088530185216,-5.185231047383084,0.0,-4.09716142572147,-39.5548659862355,-37.12004494091107,8000.0,-9.516024856030533,6.269112447833912,-1.6361852172450924
real,5.6611875,-20.843550483150317,-3.094858914207213,0.0,-40.77065566643722,-44.10252840692369,-32.65291996584497,8000.0,-8.697421699332814,8.99645066643945,-7.3322354051500795
real,4.4305625,-24.927652082730077,-6.805723209336274,0.0,-0.9801704394751667,-35.87754303583058,-45.607084693701346,8000.0,-9.991491298153967,-0.3068265709251463,-5.171592364903269
real,7.2285625,-24.026582743202137,-5.675020483889809,0.0,-24.13398128760312,-39.14881215449655,-35.88793119744875,8000.0,-10.527227663300778,1.5103912742999768,-5.8424869771261285
real,5.8818125,-23.653672574300618,-6.146623884411198,0.0,-10.24907682810312,-40.846118527883014,-29.25152575359907,8000.0,-12.22699984068418,4.285546678098925,-7.678493893440134
real,8.99325,-24.061284394803568,-4.107883944162592,0.0,-36.72062589996782,-40.763115597403534,-38.75695358496443,8000.0,-8.842174209248029,5.198938305979574,-2.5775486320728263
real,8.6681875,-22.728916775012596,-4.136430047199321,0.0,-7.872642283410187,-41.05218515911966,-33.61206280554704,8000.0,-11.680515509409126,4.033073195033914,-5.0139954181491575
real,5.4870625,-23.976539767736725,-1.7020141735934673,0.0,-3.0707503158661353,-35.235249558325975,-38.6469972082317,8000.0,-14.689932427818754,-0.6981057974835849,-0.6329803925570658
real,9.376375,-24.556296912694876,-7.0249167126941945,0.0,-0.671600238492374,-43.141285670027344,-28.46692568672985,8000.0,-8.17374262976957,9.97077443116168,-1.5306773606998547
real,4.465375,-24.54292983940498,-8.240450751516578,0.0,-4.27670189180456,-39.008871786574815,-31.66404195568388,8000.0,-9.359588397870972,1.5756103250985518,-0.1493916060258229
real,8.4011875,-25.741217582800843,-6.3959862510925,0.0,-12.515388016454537,-36.669375532298446,-32.093393161435564,8000.0,-11.211586385225097,6.278203437682507,-5.400003157307175
real,8.436,-23.215839929207274,-4.484730693707867,0.0,-3.6499577027036416,-40.75548688092458,-39.122132548578406,8000.0,-8.291034340425774,5.737221012868936,-7.612849321387088
real,8.052875,-25.063645133161646,-3.7876093674030415,0.0,-13.996069822810583,-41.992866066926844,-42.31900770204777,8000.0,-12.773624893503303,0.36331777649982655,-5.3655602111760174
real,9.0165,-24.976597938241486,-7.422497131164178,0.0,-5.198602611712349,-41.93583710684261,-34.45716844013794,8000.0,-9.80655326243474,5.387413979818959,-5.936907502505058
real,5.440625,-22.86085285613078,-5.245632181149624,0.0,-6.740848218037977,-44.15491525834386,-40.58716411725543,8000.0,-13.958305515441623,1.7374568453748367,-12.752029133073506
real,8.35475,-22.70348757236428,-5.110434891683657,0.0,-9.732585979767187,-42.34949869831452,-33.470834249297475,8000.0,-16.201722408029028,-0.5967000850296174,-0.6000167371040419
real,9.8408125,-22.64976251761376,-3.0929664398249193,0.0,-4.951639470881897,-38.998405067236256,-44.78457428906908,8000.0,-12.257740494383988,5.382028563108065,-4.916183166185327
real,9.7130625,-23.91974369446563,-5.254850039032817,0.0,-4.003863718909887,-39.015289477576744,-39.86391287423518,8000.0,-14.587532446480502,-2.409730675975574,-5.178756107490479
real,6.6596875,-22.55888171037867,-4.119802249956179,0.0,-11.187636152198083,-41.58010493038416,-32.54439833899208,8000.0,-11.85984100764135,6.616009606768813,1.9945665153084278
real,7.35625,-22.722024640981026,-5.630809629422141,0.0,-31.604191674355715,-41.048741194626075,-39.89256069270813,8000.0,-14.958913528893504,4.709663311034426,4.345807367201182
real,6.29975,-25.01369862613606,-3.339396629421811,0.0,2.8554671517548016,-38.46611324673772,-41.73546801874397,8000.0,-12.02419934650299,-2.822271841241246,-7.460304861013071
real,9.771125,-25.852522799653663,-7.194385273602703,0.0,-3.179368684693433,-34.47070170820075,-31.0396879767735,8000.0,-12.347709084475326,-0.6432000768771218,-7.894655136000431
real,6.03275,-24.30295366427382,-7.3462039691497285,0.0,0.41578033205395215,-43.44799274953463,-38.41890437283552,8000.0,-12.815627513906456,1.2026783961992322,-6.293849854362968
real,7.6,-24.371757979143997,-3.365521970917416,0.0,-31.40433678313735,-41.30537964846063,-44.85069948439181,8000.0,-14.198334451718502,-0.8732809382968938,2.9051987946329803
real,9.7595625,-23.621104501669237,-5.832333154450902,0.0,-11.760802990640833,-39.472053573674486,-47.443377778304914,8000.0,-13.49894143514409,0.5162980120781953,-3.808336089909929
real,8.3315,-22.873415384461325,-2.8739765523765355,0.0,-12.416663305879936,-43.135741270316345,-49.20043872354579,8000.0,-13.351249504139261,-0.28727305783012014,-5.066713631418608
real,9.1558125,-24.761548272055755,-3.513214600216336,0.0,-5.343190819050463,-41.82322879184152,-34.325987622467075,8000.0,-11.740253270544798,2.6019797428471207,-5.171864665484485
real,4.1519375,-23.39110891707825,-5.707176304202671,0.0,-9.428076870388043,-42.09295417217759,-42.13619532019878,8000.0,-6.224513439899454,5.035625133793033,-9.687924859398649
real,6.1488125,-23.164517396254148,-7.5101582377741405,0.0,-5.394091838542682,-44.6254748684473,-31.993433549812,8000.0,-18.073623139159523,4.536717650219252,0.008463973609636355
real,5.8818125,-26.408504665408135,-5.829221047775528,0.0,-23.275526970759753,-35.82317354366046,-28.906930970903257,8000.0,-7.736495079921035,10.799758938605649,1.3023364558127142
real,5.231625,-23.808734085226305,-6.487247639085023,0.0,-2.358031369673089,-45.06549463847079,-26.787080226374115,8000.0,-11.898645029329678,3.42650858710261,0.5354347092754352
real,5.45225,-23.627767586582596,-6.659564347068175,0.0,-6.269291654404256,-40.827176517402435,-28.57473976858635,8000.0,-4.967554972748182,9.065516509575396,-8.816420701003807
real,4.9994375,-25.06506498633032,-6.186519419339602,0.0,3.246035977281746,-35.95675992181278,-33.973175034882615,8000.0,-7.272935209057877,9.335134466772075,-5.625181640579392
real,7.08925,-24.336927009230536,-7.244290326128451,0.0,-14.974520773349273,-42.36542683797457,-39.128113180946045,8000.0,-10.257315238347736,6.002028825845841,1.025553026799841
real,8.99325,-28.039749204897767,-10.016068205486206,0.0,0.15029508291802784,-33.28509301347692,-30.4892771834975,8000.0,-8.105477453620495,7.534294042845858,-3.2242143038053257
real,6.3694375,-25.78564371875324,-9.150354151557279,0.0,-3.7524321752428342,-39.40145886862254,-27.1262862927944,8000.0,-10.328696675422734,9.273431585468032,-14.125396007399317
real,9.4460625,-24.58373939628014,-6.917861050531396,0.0,-2.4442180808082945,-34.41905061188186,-34.45352361852896,8000.0,-7.007041036586507,9.757446835090946,-4.542489739657043
real,4.0125625,-22.413970120240823,-0.6215781126169022,0.0,2.966570285743847,-37.33049035630756,-23.36544511596555,8000.0,-8.860654865280154,1.7496470463987706,-7.109444055039965
real,7.1473125,-23.45207664639849,-3.3491357034334817,0.0,3.500793121430533,-40.40554652182058,-41.48230616702509,8000.0,-9.67002639078197,-1.1681989333881617,-17.661604728238444
real,6.323,-22.946783312076384,-5.038170915747283,0.0,-29.562064870696055,-41.617722266764325,-38.955241956948434,8000.0,-13.29986851030091,-3.5460970426217386,-3.511744451689381
real,5.127125,-25.73397538249834,-7.0171834953704,0.0,-3.3664175367380977,-39.983208333521226,-33.106182730615025,8000.0,-12.066494178577543,2.0261165301223585,-4.961594908624079
real,6.2533125,-23.79597606682153,-5.3957847487730035,0.0,-7.127353058030039,-37.77830199675702,-30.316282326885425,8000.0,-6.36637332643307,7.516597972861632,-12.755123399294433
real,7.46075,-24.879227472631044,-6.4727152592092265,0.0,-4.674569244423221,-36.400641754301375,-29.73434490634738,8000.0,-8.776323011539148,5.143876691554993,-11.79481038332733
real,9.295125,-25.110898953948496,-6.129965199020271,0.0,-6.319978262545142,-35.07312919385235,-31.39709290734064,8000.0,-9.907091403426655,3.7293932922432305,-1.654020612050374
real,4.384125,-26.13314703074742,-5.993076047380368,0.0,-6.775191537835706,-40.9693570305785,-27.901488710268886,8000.0,-9.74695355625009,-4.83571198181027,-10.763677794311853
real,4.0125625,-23.761999310395836,-7.728742836652511,0.0,-10.969258014654628,-36.35898652597863,-29.64364507663899,8000.0,-11.165659264146122,5.854688580140198,-1.599756801038886
real,8.3315,-22.469292740671065,-5.52501185809192,0.0,-1.8048593135879685,-44.52563901914975,-31.20922187133751,8000.0,-10.327755406416856,7.604940123562443,0.8700646258585039
real,6.868625,-22.156960660796866,-2.78257040823672,0.0,-8.871017748174028,-41.406540785705154,-46.02847175540814,8000.0,-18.582312771985727,-1.567576143971145,0.3818692428592456
real,4.686,-24.20643440320733,-4.027438863596291,0.0,-3.1092220661679946,-40.75151669357302,-31.08334123406038,8000.0,-10.460750118134108,6.846821118746412,7.251736942794402
real,8.134125,-25.07240350499035,-6.3600792564342115,0.0,-28.06141384495803,-35.4121876586306,-31.090988193111645,8000.0,-9.945905860190692,5.1888109342257565,-5.059304699083114
real,9.7130625,-24.101047442273902,-1.993511035001288,0.0,-2.971754151793238,-34.902037435447625,-34.985404387062076,8000.0,-5.877340691987463,5.544323829658829,-19.300121412662875
real,8.633375,-24.1142672173184,-3.8600642439729387,0.0,-28.50057824772272,-41.46496375354437,-31.127869805395882,8000.0,-13.318285476105814,4.057544972680034,-1.3627089141908755
real,6.29975,-23.887297538375762,-7.034443979996742,0.0,-3.2600889642180704,-37.49950344368221,-28.994377320889747,8000.0,-7.336041646011672,10.516510560482295,-3.198733263197788
real,4.744,-23.57116841484704,-3.712501812922668,0.0,-5.987516245188367,-39.838091089209215,-27.913212994030914,8000.0,-9.334211093251263,7.369566066504888,-6.903899316905026
real,7.100875,-24.922345296272375,-5.409115376384789,0.0,-12.939471314875913,-37.76897443045813,-32.546791939628356,8000.0,-14.244739745892595,-4.084238642786424,-7.145159068331694
real,9.213875,-24.495237246524127,-7.385197232855491,0.0,-6.097211481226406,-39.94596567064664,-37.71091432885858,8000.0,-10.892438669309819,5.341833757308493,-0.48846346091502824
real,7.9831875,-21.74707792116108,-1.2978585108176923,0.0,1.257001396073937,-40.863249567998054,-39.72167569202354,8000.0,-12.79672244814131,2.4015280165427555,-3.075321753365472
real,7.0079375,-22.12438086115246,-2.1550635465052794,0.0,-3.787749454177609,-44.51452239956489,-50.606673497714766,8000.0,-12.79172566470578,-1.57847208975668,-9.317976249748916
real,7.7045625,-23.99224850020032,-5.803330097288548,0.0,-4.1522956440600325,-40.81888833640461,-50.64608823438912,8000.0,-10.229381648086772,4.011943572151097,-3.7023445072202747
real,6.415875,-25.69011159018926,-7.5968059785999404,0.0,-7.3022701124576415,-37.46763490879913,-36.476610083905236,8000.0,-11.473834203192382,4.351727397199198,-1.7305216807217718
real,7.35625,-24.801755256862638,-6.075377173194106,0.0,-20.0307110325863,-37.82691732173072,-33.919067191945445,8000.0,-3.946021099438262,7.8401619781970595,-9.693514750341478
real,7.19375,-24.631326345032384,-3.5307096459147402,0.0,-32.804807452963416,-30.79093129898106,-30.790466072278814,8000.0,-9.810163307279105,6.49353540712719,-1.294142775151066
real,5.2896875,-22.728912390312857,-4.611815164504324,0.0,-11.560890667515705,-48.06763489899158,-46.28734766703982,8000.0,-14.108797783088747,3.2763315787115346,-0.8711686048347147
real,7.66975,-22.708497100197512,-3.0360071088155833,0.0,-23.905145452430403,-39.48672343618985,-33.871383643786025,8000.0,-7.442430230469753,8.480282528164082,-0.18219505890075993
real,9.41125,-25.373580947779544,-6.756537466548346,0.0,-13.502331210064636,-40.42025164938461,-44.015397345843425,8000.0,-7.7568801881647005,4.0281040218753645,-7.916425617634211
real,5.3013125,-23.923297640678154,-7.170750185174191,0.0,-3.64258876188212,-37.61583294267311,-28.885471626047146,8000.0,-8.521670000604487,4.812446233470695,-1.9616661442710566
real,6.799,-22.50802022422618,-3.434920063517233,0.0,-1.9828047255806638,-36.763555093811505,-29.826321860417295,8000.0,-11.21779710260678,3.0280238407581805,-6.46782172010586
real,4.860125,-21.598445869959857,-1.923765819363348,0.0,-2.119442957883386,-40.0435210694847,-41.735575611947084,8000.0,-13.973674372381446,2.9152175935895244,-3.634784686131553
real,6.7176875,-24.163473595984577,-6.3589767763111285,0.0,-3.173613647708251,-39.20397282255879,-36.44444932551597,8000.0,-8.092596021641235,7.126722642006634,2.8693266772250965
real,5.7889375,-23.72575084794533,-3.8683361265447394,0.0,-6.37886672680353,-41.06135418533903,-42.041658673911286,8000.0,-12.880090593451783,5.122080832100906,-1.2031617512951271
real,8.436,-21.628051893861763,-2.2195085843860745,0.0,-8.997915578970748,-41.893790317806875,-35.7282815605317,8000.0,-13.875718630053022,1.8539283482933868,-8.70868652851508
real,4.2215625,-21.94336583163798,-1.8631126813123435,0.0,-4.1333330165521325,-40.45093615238319,-31.071005030685225,8000.0,-12.226543115356698,1.698172661594846,-1.6471128626678677
real,6.03275,-26.179766704179688,-9.128338599893908,0.0,-12.86679272268579,-34.164972184591406,-34.42409861096455,8000.0,-10.59587648462066,-6.187621659811292,-8.905893461657158
real,6.2185,-24.721515355611935,-5.119032418560203,0.0,-4.417066146539014,-36.36476456325811,-29.18058744136372,8000.0,-12.788991020895423,2.748571707504688,-3.4604637877299425
real,7.1356875,-24.075959038855427,-6.31554036476397,0.0,-2.444218913056133,-39.4231616406627,-30.129119472430883,8000.0,-11.830344532682489,4.9268055380431335,-0.6091047922598634
real,6.19525,-23.899689669670927,-4.757731178060957,0.0,-23.59932245339736,-43.28792394965862,-37.52065597858703,8000.0,-13.226012355741993,4.138137308252141,-5.156218289136746
real,6.4855,-24.940331718633,-5.4710992665639955,0.0,-4.306056953634943,-37.916426913240954,-33.510621827738106,8000.0,-10.617502712414897,3.7572323431267947,-2.036299924928521
real,8.319875,-24.6351525578623,-5.4185084677764745,0.0,-6.831820915562776,-38.45309241797407,-38.31047648778333,8000.0,-10.387319424581214,1.8459255589363792,-4.564636945975984
real,7.739375,-22.332757392285032,-3.504083467822723,0.0,-0.6059037048740841,-42.35493102138079,-27.870395275524803,8000.0,-8.060835709591373,2.980202391898331,-8.053326910166902
real,7.7161875,-24.169104912947997,-5.298159138972924,0.0,-9.553079234071834,-41.9393968354498,-36.78004030765649,8000.0,-14.636896547837225,-0.24432319927863944,-4.343019699918571
real,4.5930625,-25.110684177375553,-7.48690451261521,0.0,-37.349580891996425,-40.55385088515018,-33.2780930694815,8000.0,-12.719785511903254,5.38213156612931,-5.540749168818692
real,7.6929375,-24.23523095846406,-5.06472458965046,0.0,-16.524542132454595,-40.05178363101716,-29.026220376024956,8000.0,-8.478685539928684,5.967537586829337,-7.9320515293954585
real,5.34775,-22.296479676554853,-1.1087924083665506,0.0,-8.408416541846288,-44.09048806359534,-44.255342214472414,8000.0,-13.980489734389195,3.40420125145247,-2.975491290857562
real,5.4986875,-22.30380912371555,-5.367217578196149,0.0,0.6198272097945647,-44.59888816538399,-42.67053196987445,8000.0,-14.983632227100351,1.3768821924202328,-6.736464906037014
real,5.92825,-23.983820217801252,-6.692150406241945,0.0,-3.4605604353941466,-35.785677985925645,-32.4152005540158,8000.0,-9.004068198056736,3.5055614062347615,-6.475551139630667
real,9.41125,-24.990553957771485,-6.040237446701523,0.0,-4.377973133945794,-38.40547584089785,-37.37678388658205,8000.0,-6.123701049966591,3.8757117163560864,-7.564601800935392
real,4.953,-23.924650101802346,-5.041959331307525,0.0,-5.901297831913009,-40.528016598852815,-45.7493451716492,8000.0,-11.302773788846864,2.5293573899671316,-1.9615398305354432
real,7.066,-24.398378134697975,-2.682725237063688,0.0,0.012564688825719372,-41.97950248522948,-38.852372500042875,8000.0,-7.534283227226666,8.221709797509824,-6.6756123043590705
real,7.275,-25.845950155855846,-7.027892861305819,0.0,-32.82359021509754,-43.404048657207596,-40.15010398113106,8000.0,-11.691897632302073,5.608019824254868,-1.558211411735904
real,9.0513125,-24.826599841242043,-5.12429065520402,0.0,-7.773351592161426,-36.13164759852235,-40.66221814166641,8000.0,-14.999968723614074,2.6339748337045066,-4.360559824044316
real,4.3493125,-23.080095844853364,-6.323222137528257,0.0,-41.45297398104442,-39.091475280056,-41.24755095828414,8000.0,-16.708390853929373,3.426228547519031,-3.700296162386593
real,5.185125,-23.094226694203424,-2.997741563270904,0.0,-7.330406041984897,-42.28881416276347,-43.93036100849599,8000.0,-15.505739566647676,1.367715924426932,0.06047521183558047
real,4.360875,-22.030016463980473,-3.6881499733054417,0.0,-18.626975408931248,-44.1078354637949,-28.726132643666137,8000.0,-13.890405497167855,-1.6738090052467172,-1.4045337222274483
real,7.83225,-25.06402836968775,-5.280127998511162,0.0,-4.498974766306418,-38.17233996336088,-39.568536629857704,8000.0,-11.358711087653553,2.9438910630534423,-2.858384597117002
real,9.4925,-22.763608524416043,-3.5199698730525197,0.0,-12.487769839235945,-49.44758968285201,-40.65981438559734,8000.0,-14.201441133779525,2.1876480158467686,-0.30117677116056996
real,5.127125,-25.466734596264384,-7.598713079197798,0.0,-2.896328129157677,-40.18180655386529,-32.13836193099021,8000.0,-11.146719694808056,6.6515118395025254,-3.6637562205079206
real,8.157375,-23.987296679598693,-2.9139236517415315,0.0,-1.2297498395711095,-38.259761174789446,-40.060809536780795,8000.0,-7.247226650897645,8.861398028296605,-1.8898961473453681
real,5.6844375,-24.26252502787313,-5.2190039208308665,0.0,-10.809841432960113,-38.64831209917797,-37.13480514186091,8000.0,-12.1081524898946,1.2969871223870442,-5.969799176132604
real,4.66275,-26.313002871527097,-8.374273489922203,0.0,-3.129661885817054,-34.278954050868805,-31.26682366558267,8000.0,-9.973170009779963,3.9451168552807587,-3.386318907344844
real,5.9863125,-24.087488504731947,-5.5060044329286235,0.0,-14.109749692618266,-41.040172590837166,-32.27320914242754,8000.0,-12.571813506638826,-2.4656689955806996,-6.819603800656267
real,4.4073125,-23.967670575554855,-6.930214422455503,0.0,-9.773749449879599,-42.50356068871338,-40.98763227781053,8000.0,-9.857784301218736,6.786411264460028,-9.08663717268135
real,10.0149375,-23.535866827625505,-3.820880023110001,0.0,-3.404937207238671,-35.472372323559426,-30.602509912101375,8000.0,-5.850587108952084,9.432292264782639,-5.133971106867918
real,4.7091875,-24.830397832385366,-6.3689041387153615,0.0,-15.149752538501584,-40.49477537964887,-36.91081703665529,8000.0,-16.74808452570788,-2.4236364646380935,-2.8891409849954925
real,8.4824375,-23.69123123100394,-3.413296246528279,0.0,-7.068841183183547,-37.87521105471193,-29.10465572823503,8000.0,-9.570244364299477,6.738597155077606,-3.3437058136147115
real,7.6929375,-24.192214516123304,-6.0322709326714925,0.0,-8.152140324370365,-40.33665691447355,-28.492726667652136,8000.0,-5.116109673277158,9.2863302731433,-4.522509841276218
real,8.8771875,-25.4817479963243,-6.592491506916561,0.0,-4.220654881930432,-38.65075499578917,-40.82329173442474,8000.0,-14.310213797584566,1.9941221473265784,1.2100857763319297
real,4.6163125,-25.048030724772747,-7.83000687753642,0.0,-9.65612958693503,-43.43134091181901,-26.87234645548084,8000.0,-7.616890324647734,7.193291153322576,-1.1484619057859078
real,5.0226875,-26.342398935821485,-9.019838914631453,0.0,-7.256367833131879,-34.6464852957382,-41.782264961878866,8000.0,-14.691485085439965,-5.278341776067734,-4.7569848037343405
real,5.51025,-24.844937638787705,-8.276806354509606,0.0,-16.022660684038822,-39.37960686855335,-26.9637629237064,8000.0,-6.457916237134469,3.574509538287316,-10.1144495176057
real,6.8570625,-22.444778149888045,-3.965288546871934,0.0,-3.80672209256063,-47.50746918379777,-32.139175085915056,8000.0,-5.890717421086244,9.691443955105441,-1.585619629272088
real,8.14575,-24.25233805382529,-5.22916144293508,0.0,-6.942470940005801,-37.719571124281586,-37.01698908030328,8000.0,-8.072680818552804,7.297190317721302,-2.778621293607884
real,8.5405,-23.671083346004146,-2.383267777814887,0.0,-17.514670585388174,-38.754217136362676,-34.54031177208657,8000.0,-10.503104108973027,4.463435785641188,-3.8624193927752444
real,8.6798125,-23.555739716385155,-4.711555063126296,0.0,-9.414430471168362,-45.02882579721761,-46.048979595999995,8000.0,-15.298296521080957,2.347805565134152,-6.904620018195018
real,6.8221875,-23.098552076379256,-5.838041581005495,0.0,-29.288581224046215,-41.83272837571995,-30.05176849835043,8000.0,-8.819254352171441,5.071611766750571,-6.693947400881356
real,9.3531875,-25.016851823882806,-2.6877806315247126,0.0,-12.125185258608653,-32.729979552844625,-35.61514126199998,8000.0,-7.051968488139799,5.558763953325077,-10.06035043509739
real,6.4623125,-23.389972781404328,-3.386244095972652,0.0,-8.229205989185061,-42.16117647773646,-28.336728864130322,8000.0,-10.143202240623303,3.224586228525922,-9.397986953006715
unit_speech,10.24,-26.190015344109547,-11.721148333768152,0.0,-16.648320336104927,-31.99566535787587,-26.434002551869046,8000.0,-13.345898429141222,-0.6561621119382011,-13.611662172466858
unit_speech,11.9583125,-30.108826955973434,-11.213353482114655,0.0,-36.46872678422687,-48.19183528103168,-44.195044323337164,8000.0,-22.79325374799923,-10.301329370930986,-11.198020970231028
unit_speech,10.6231875,-26.717230684252378,-7.450253753425704,0.0,-29.323201786736902,-42.702964782416444,-37.23867921270443,8000.0,-24.038052346817516,-17.645986983103143,-13.477768195378772
unit_speech,6.9544375,-25.49631329673288,-10.352494149309571,0.0,-23.966897863492495,-27.893728515987316,-29.77022386023334,8000.0,-12.796620849253138,0.303013728516639,-14.627976390161933
unit_speech,7.2795,-24.362973887978995,-5.229240721022947,0.0,-32.47816196273194,-32.75466930683957,-31.857462378267464,8000.0,-15.539480857784014,-6.097944192740584,-13.357385207207443
unit_speech,10.7044375,-26.00053047587457,-2.779445232551982,0.0,-23.740227327348258,-50.211232884331636,-36.91902930855832,8000.0,-18.895815367991176,-13.81151757019849,-13.369518613141153
unit_speech,6.3739375,-32.18436296975434,-10.406545593417729,0.0,-31.717829314994443,-43.91823373333166,-44.7268819284662,8000.0,-19.84538213810879,-8.279556677978192,-11.54431092727252
unit_speech,6.014,-25.600934915529212,-11.672923002504119,0.0,-19.710266975142815,-27.690354043046277,-28.79627247038721,8000.0,-15.36648155408389,1.9170134989034153,-12.133229499478489
unit_speech,6.582875,-24.03355706131982,-3.872118402334877,0.0,-14.16482417496831,-42.33180861730875,-31.267715649732892,8000.0,-13.603347134453585,-11.013179408405229,-13.110847077147682
unit_speech,10.9946875,-25.335780665990807,-11.111918603001845,0.0,-17.90586357716925,-31.411593926690266,-26.501486713433223,8000.0,-15.920050473567606,-5.321018313415074,-12.355807106022063
unit_speech,5.8863125,-26.77934377038614,-0.7076441820161996,0.0,-21.24415294428185,-41.37006260055199,-39.32171995621974,8000.0,-13.147921193027194,-5.827692677815982,-12.334831853050758
unit_speech,6.7338125,-25.158737777218604,-5.564639988031067,0.0,-30.258079607178345,-37.33863324026964,-33.21216627720731,8000.0,-19.78934031140649,-15.059847789219063,-15.031374466913732
unit_speech,7.73225,-24.3156350966014,-8.171110263066717,0.0,-19.260880864683223,-29.860405718064527,-25.654007917922485,8000.0,-14.593554628505103,-1.333256727093648,-13.96075519887711
unit_speech,6.582875,-26.016790019385585,-7.994314065840806,0.0,-38.747870806974696,-37.07532313502998,-28.55714154238035,8000.0,-18.99299259161421,-17.82299652272006,-15.408857824880414
unit_speech,10.15875,-24.867246886952824,-8.432086968235868,0.0,-22.310179775423542,-46.28425454856551,-41.05975089250555,8000.0,-13.526502705152424,-7.42977661445704,-12.427580036215616
unit_speech,11.702875,-25.363236321721864,-4.739208573414093,0.0,-20.987618873526657,-38.83697254981951,-35.09112657111793,8000.0,-16.131879261799575,-12.822235862057234,-13.064551647157003
unit_speech,5.421875,-31.08517397407229,-10.315608494450936,0.0,-33.100194246635056,-32.81963102993966,-42.8260384675263,8000.0,-19.44628144868132,-15.11685398350366,-11.952345386249405
unit_speech,9.485375,-26.03125560203257,-4.166357081388069,0.0,-14.156503876075867,-49.422829766125055,-39.854009986911514,8000.0,-14.682812660616499,-10.891694467925745,-12.541106176018005
unit_speech,6.1416875,-29.627291784530456,-8.80139946713871,0.0,-37.283212093748496,-51.71525375972932,-49.900638175017534,8000.0,-20.432229557351107,-10.552568294699917,-12.074474403618268
unit_speech,6.67575,-25.69763778522619,-4.636722143801971,0.0,-27.658311692965917,-41.35589193738363,-39.76384194512214,8000.0,-12.932825037325557,-9.590766749230994,-12.229186937670931
unit_speech,6.0836875,-25.31144336546244,-9.932392795010443,0.0,-33.27856388336522,-40.69547972933161,-34.01965320171695,8000.0,-10.356776399940628,5.303509028562139,-5.590672299741186
unit_speech,7.3955625,-26.46013889873894,-5.829799349619704,0.0,-17.557314385621723,-45.8623770473623,-38.95306158897413,8000.0,-14.712558899499776,-11.1043614135505,-13.726388684143004
unit_speech,5.8863125,-29.547876497079002,-4.903891222855889,0.0,-19.55721533744394,-40.228031118296315,-30.30139248243969,8000.0,-9.219275150755266,-3.3099829368313607,-11.608605443322624
unit_speech,7.73225,-25.34219127141853,-3.1898185162393307,0.0,-28.776330670125617,-47.08076075347632,-46.35557105242895,8000.0,-21.0725937379824,-10.523060080783033,-20.003877594790737
unit_speech,9.20675,-25.053025856673756,-8.361085453914164,0.0,-32.796210315576204,-36.967252277667555,-39.99222746944727,7984.375,-23.8039618137244,-22.398160541199367,-15.211497877023618
unit_speech,5.6656875,-26.266894656727494,-7.87170027382953,0.0,-23.7347289996401,-37.30602917356994,-28.033389938799733,8000.0,-12.468840421125613,0.221076056759955,-4.521321039529468
unit_speech,8.115375,-28.150983839965225,-7.378291996301186,0.0,-35.50259214868484,-44.74106969735682,-35.29236311634716,7984.375,-21.690898152993647,-22.79027043223715,-13.988237177511792
unit_speech,6.582875,-27.897882058756064,-7.412302923432738,0.0,-28.106480039283397,-35.64754495300925,-33.9063215620233,8000.0,-6.490757872043517,2.5684313262342897,-5.735984265364287
unit_speech,6.78025,-24.055492508582276,-6.788041297857554,0.0,-29.779933355845582,-44.91418384425984,-34.73163056928139,8000.0,-13.720703832550917,-6.264142503172259,-14.146820231405222
unit_speech,6.3275,-26.780745470917253,-9.67884760854263,0.0,-37.58117842124857,-38.52269422479201,-33.57360317598926,8000.0,-19.677569065548425,-14.761616650274995,-12.783423234749392
unit_speech,5.839875,-25.943490556032124,-4.7104448240665135,0.0,-34.42190302017771,-48.564296518182616,-46.29870718589841,8000.0,-21.00842213213395,-13.427145402620383,-18.60946653200429
unit_speech,10.94825,-26.973135478640007,-8.359438668444565,0.0,-41.00930337605599,-44.82659303005281,-35.64574377982447,7984.375,-26.285319691820533,-23.90280740166463,-15.259814335914996
unit_speech,7.46525,-27.267255642027614,-8.750484476406,0.0,-19.14918952115277,-35.49407321197689,-42.33472733743019,8000.0,-10.743758135360423,-7.991535613072429,-13.766719502675798
unit_speech,6.130125,-24.63302593336417,-9.858007641873048,0.0,-10.16664142692402,-31.700105510720235,-28.056669847029134,8000.0,-18.85279552302729,0.052558572995152986,-13.50565461544592
unit_speech,6.223,-28.020104459749078,-10.841072731897514,0.0,-31.155599271273637,-44.62126633465726,-38.39379459738682,7984.375,-27.066556700189693,-24.22939877123521,-14.901904407682053
unit_speech,9.1719375,-25.407091291492982,-5.538609055085967,0.0,-32.39240993220293,-47.99089361624485,-46.854552892028906,7984.375,-20.29895602730621,-16.512195812987798,-20.29315545181997
unit_speech,12.5155625,-24.706820854645912,-9.181816188460143,0.0,-12.509058771801442,-29.962584761764,-26.58600023438232,8000.0,-14.844226698529972,-1.4641032922112132,-13.2747575791173
unit_speech,8.812,-25.16872669409313,-7.530145607829103,0.0,-32.47743870787774,-38.234021176235046,-38.84467839931108,8000.0,-27.262659981117466,-1.2580143542101467,-7.933122429163788
unit_speech,7.082125,-26.670397524671095,-7.400809007388056,0.0,-28.01955682624251,-29.804205467661017,-29.028267678220356,8000.0,-20.494946888549443,-19.036211790833136,-14.060670124068437
unit_speech,8.336,-26.866118090195776,-6.957560854870504,0.0,-22.602216848922378,-44.90801331757858,-40.53330560446109,8000.0,-10.092464606991093,-7.820551207581673,-12.844826056199949
unit_speech,6.0604375,-26.751810461789006,-8.913234284242078,0.0,-17.537892407288133,-35.992948389374966,-25.554149668342028,8000.0,-21.60528523209561,-14.273133433761771,-14.462845837066936
unit_speech,7.7903125,-25.388143919528527,-5.019484885377493,0.0,-36.906767655670706,-49.251998856287244,-50.201872722390604,8000.0,-21.075066469510595,-11.961437477245795,-20.392265207314225
unit_speech,6.3506875,-25.53187249623171,-8.196001145331376,0.0,-30.15474629639721,-32.46195540068929,-40.289390384309115,7984.375,-26.797414940628528,-26.20130135578514,-10.497749508173868
unit_speech,9.1835,-25.423817801174707,-2.2596689679524626,0.0,-31.01686596684331,-43.42205464295208,-43.79354397223068,8000.0,-12.866197342650118,-9.87408073623456,-13.187465336137954
unit_speech,6.8035,-23.79021417065713,-3.5232460684499274,0.0,-37.03559755921694,-47.92471375910891,-44.514210858105145,8000.0,-21.56302644449947,-12.498229666788788,-19.314630565453328
unit_speech,8.3824375,-26.04107663364252,-12.136261621618548,0.0,-21.015591541268062,-30.753577559676874,-27.178715521234917,8000.0,-15.974688403174142,-11.193469355876672,-13.748082634519086
unit_speech,8.5681875,-25.48185491873465,-6.001474651606502,0.0,-18.15946482523549,-39.31564180113632,-31.124624329621177,8000.0,-21.382972676227446,-15.741917595953595,-11.319956875070602
unit_speech,12.202125,-31.538183146113198,-12.689135546503651,0.0,-28.920662895119094,-49.16635019026921,-50.36163209712181,8000.0,-23.558631449844057,-9.312908019529814,-11.493029232156914
unit_speech,6.478375,-26.69437892973765,-8.34510437021179,0.0,-38.317706408575404,-43.737177238723106,-38.945506141640024,8000.0,-17.511710220551862,-13.443399597496821,-21.432863788691606
unit_speech,9.7175625,-24.529350521031212,-8.817827439295382,0.0,-39.89055871147225,-43.885214650474936,-40.362208574366235,8000.0,-24.34010286555644,-7.038909012912136,-9.984958816992403
unit_speech,7.1285625,-25.7506066768544,-4.451090576671265,0.0,-27.45468308366918,-41.018246477307834,-31.19394350027745,8000.0,-12.929900272198495,-11.543766955668815,-14.294795659138899
unit_speech,6.4551875,-26.8108716320679,-7.021356620877075,0.0,-29.361303520587896,-42.9937822160255,-31.129248827159167,8000.0,-16.294906302920268,-15.255218077701116,-15.26195882536743
unit_speech,12.968375,-27.048750802642676,-12.4424120438007,0.0,-31.988353454810618,-37.25427375822227,-37.02772292142001,8000.0,-22.763006610110267,0.0597127716774537,-9.33787129639552
unit_speech,12.759375,-30.26118240397102,-11.224027511412082,0.0,-31.860202106104442,-54.07913685285807,-53.65100733408792,8000.0,-19.611418788391752,-9.488178414930815,-12.577079586626212
unit_speech,12.573625,-27.83347592876943,-11.736641966021612,0.0,-28.54159399741955,-38.30158814784565,-34.90008485038143,8000.0,-23.19411786673647,1.7129063661300705,-7.73016892004776
unit_speech,7.25625,-28.90737338967622,-10.197130168089236,0.0,-15.766828790003586,-36.53208169357646,-30.76661752085284,8000.0,-8.316327702183116,2.684013933986364,-7.271296507464491
unit_speech,7.6161875,-26.53018538784584,-6.5752336869316155,0.0,-34.3250146240438,-43.481010288024365,-31.076270915158045,8000.0,-16.42847796360263,-17.16438818715396,-19.408149759802825
unit_speech,5.735375,-28.158957330117047,-0.18712856373352377,0.0,-22.00944860928027,-46.31121824740235,-29.966915849271786,8000.0,-10.351821216249412,-3.621401658752383,-10.508728540572811
unit_speech,7.1981875,-25.146850688946127,-3.395270232741777,0.0,-35.48108779450001,-48.75488159933995,-40.682546795338226,8000.0,-19.755195399849903,-4.890417734071022,-18.672741828946457
unit_speech,10.63475,-29.349695292476028,-9.735279095780506,0.0,-29.242870773145025,-35.75719642251063,-30.747993003366144,8000.0,-9.997074501094119,1.626985329725656,-5.375513852640012
unit_speech,8.4753125,-25.641517357471514,-3.0697442861262534,0.0,-19.468684524108998,-48.31156666957112,-34.597724646967805,8000.0,-18.094007175248393,-13.55013525933856,-13.140594000612154
unit_speech,12.759375,-26.91286643834118,-11.081089628843095,0.0,-17.55120433602323,-31.94947503917619,-32.86778985026956,8000.0,-16.87899100544827,-4.170853277213524,-13.603537156212113
unit_speech,6.0604375,-24.7329391964651,-7.6513377250594194,0.0,-29.807753078238616,-39.88807418147218,-42.59248338992114,8000.0,-12.22925498930968,-6.501044334771002,-12.711713904425267
unit_speech,11.7376875,-30.995761533725744,-11.569149105315063,0.0,-35.54086948538635,-39.51364870143967,-37.35344057945779,8000.0,-21.28240471447711,-16.293166780521766,-12.844807039470822
unit_speech,12.7478125,-30.789954071628472,-10.108870041699902,0.0,-34.14606616525944,-53.86905193205256,-51.66642476620687,8000.0,-20.491390347518262,-9.463752690037197,-11.78954744795567
unit_speech,9.31125,-25.569871872760686,-6.565198191006573,0.0,-30.564927228878965,-38.71029345506823,-44.1311108516326,8000.0,-17.494475346459957,-9.203506860967124,-11.662618999550261
unit_speech,5.1665,-28.88065962507987,-5.810967891061189,0.0,-27.072012820434942,-41.93929413294425,-28.831710073804842,8000.0,-9.785469734816424,-3.0946019570576198,-10.62942175187635
unit_speech,7.0124375,-27.27970885026518,-9.906900727338147,0.0,-29.885321687725497,-36.86248118942365,-29.41905172793008,8000.0,-7.232137359622797,2.555644461311367,-4.907948566232456
unit_speech,8.2779375,-25.60249202422703,-5.805903625504345,0.0,-33.21756823063299,-42.1369043648954,-38.27821904525816,8000.0,-25.11558659726967,-24.671975241580256,-13.025632391154147
unit_speech,9.694375,-22.428600748782323,-3.1423670031612754,0.0,-40.14069268645664,-38.7469575010963,-46.98166332249498,8000.0,-21.697118083875594,-11.316101237209885,-18.817319728027442
unit_speech,13.3515,-25.13633375199057,-8.972414915126203,0.0,-27.882466273618938,-41.760688136514524,-39.55920902645214,8000.0,-24.135065795296242,-8.103939039261348,-9.07250577246522
unit_speech,7.291125,-24.03309155454545,-5.964251344390456,0.0,-30.072970928193143,-49.15803229196574,-38.175413724085516,8000.0,-17.20819060783166,-11.490022611587655,-13.646220834616742
unit_speech,5.050375,-25.875834380352668,-8.366474714383648,0.0,-26.995827836444892,-30.512321712204088,-38.38089390668007,8000.0,-6.508943124145148,-5.505229113102146,-13.64089398505844
unit_speech,6.501625,-24.98703525511644,-11.214340435050271,0.0,-12.210903422179626,-30.50036604630907,-22.384224543977815,8000.0,-19.923305667626614,-8.101447592156354,-14.918128499365054
unit_speech,5.5844375,-28.750530917783582,-5.828674859233198,0.0,-17.330491621121208,-40.99558071266354,-33.99304597585771,8000.0,-10.133499679239186,-8.915884210354541,-13.2208979655732
unit_speech,11.79575,-26.41655135211637,-10.933322397940007,0.0,-22.82275563740754,-31.316597521350666,-28.95663663190404,8000.0,-15.676960901953265,2.759343718467534,-13.423163060821132
unit_speech,11.331375,-31.16257561665424,-11.299419895191992,0.0,-36.59154732989835,-48.821033059288354,-50.181256697507905,8000.0,-24.282806058301745,-12.896537086865735,-11.645265313707228
unit_speech,11.15725,-28.777222922411706,-10.986333028547286,0.0,-28.7100420443758,-44.18657589338976,-36.816914636158444,8000.0,-26.267341912095084,-22.54554222529756,-13.385700348320412
unit_speech,7.0473125,-24.893156518502238,-10.463186550315095,0.0,-23.5030122380016,-37.9192293985587,-29.520987120403998,8000.0,-15.002306158048192,0.3792272241509522,-13.884582569064726
unit_speech,5.8630625,-27.668750560155786,-3.757010321653546,0.0,-33.82116577981162,-41.64003079668285,-42.11499438619429,8000.0,-10.220710838378828,-6.502487006517107,-11.469749695765657
unit_speech,7.952875,-27.80611580925366,-9.130105691717752,0.0,-29.47256029770593,-44.72439259388585,-44.745084016200764,8000.0,-23.973706658338614,-9.960634238864301,-10.560770372422894
unit_speech,7.952875,-23.37250193527284,-3.0612212588385175,0.0,-34.27272438067436,-46.43984310254096,-42.957331030286355,8000.0,-23.07818909693671,-15.184382450270363,-18.73317739107455
unit_speech,7.56975,-31.805241710289053,-10.594163266488675,0.0,-26.850519219287477,-42.16476910001983,-29.722942399421356,8000.0,-7.940617372141972,-0.16556455944421344,-11.86136652930579
unit_speech,6.710625,-26.167660224177425,-4.959162986809012,0.0,-29.370532129364413,-48.79265594588351,-39.605016576560054,8000.0,-14.234879824106187,-14.02384542431836,-12.653879404652557
unit_speech,14.210625,-26.90844587651155,-8.442511309512954,0.0,-32.5534734523569,-40.6974119736441,-41.27936854896902,7984.375,-22.984886452529942,-20.477062004881056,-15.121793589457809
unit_speech,6.0488125,-30.197202886330704,-8.567566487086374,0.0,-27.80194280101847,-39.19358478043173,-31.786034140067066,8000.0,-6.787035292190907,-3.494828465111766,-10.047800121462245
unit_speech,8.73075,-26.04649860870733,-5.518889903921482,0.0,-28.81969281025933,-43.69499640807204,-41.98256736422667,8000.0,-9.780762442304415,-4.482621164623268,-13.093091031793769
unit_speech,12.178875,-26.084203244508597,-4.630887029267692,0.0,-19.897902166951024,-43.59738900387616,-35.83417918901098,8000.0,-14.980849565323147,-12.202391805409334,-13.317309055124369
unit_speech,5.8746875,-26.617618257365017,-7.6805913529753,0.0,-31.106126974616384,-47.550587591067995,-37.264679750630265,8000.0,-18.346549294739866,-15.22573334625531,-19.802233785308346
unit_speech,8.9513125,-26.284956185021127,-8.085242424110623,0.0,-35.72017382015606,-34.97484198159812,-36.154751383883394,8000.0,-18.392396465176127,-8.980798878007079,-13.738010641891435
unit_speech,7.3259375,-25.152577066551203,-9.106371085069574,0.0,-25.575213636244634,-32.642175616732665,-27.83296239794084,8000.0,-19.312490646330012,-5.1830812131189035,-13.131771371977536
unit_speech,10.5186875,-28.106548646553286,-10.100145838136905,0.0,-22.707606855046734,-38.101318445362224,-34.49877778650656,8000.0,-7.502265273908108,4.838036238210677,-6.213752164020654
unit_speech,9.090625,-25.124674259799257,-7.2655517239041245,0.0,-21.842043304509698,-46.77466671589667,-38.61630344991484,8000.0,-19.08222006923809,-13.190517143247241,-13.309502245159607
unit_speech,8.52175,-25.47510194461529,-5.133994584861805,0.0,-26.07509188517183,-43.47007813925799,-43.56530694148402,8000.0,-19.95774731388262,-13.637237938963501,-19.475413027354094
unit_speech,8.034125,-30.364989180921107,-13.737382805645877,0.0,-36.04061703695463,-52.061057549380656,-48.782836408399,8000.0,-26.523753100880576,-10.444382090462682,-11.863006920237595
unit_speech,5.027125,-24.905344724570476,-8.605184751668324,0.0,-12.783319067446214,-30.146604817671122,-26.636905128455997,8000.0,-17.46740156497694,-6.546688548102239,-13.407137394590983
unit_speech,7.442,-24.92072723382396,-9.049382390097998,0.0,-37.84005861112273,-43.92958849700358,-39.69268021695344,7937.5,-24.6099461895722,-28.371179692443157,-13.857332970109155
unit_speech,8.800375,-24.861750379896534,-3.1521755162683807,0.0,-30.534921466944855,-47.64938186901547,-42.370531422424705,8000.0,-18.241994050546566,-12.907000858327137,-14.07217260872585
unit_speech,7.0124375,-31.92055233664318,-13.836783466457039,0.0,-25.41323107765221,-43.058634636489444,-43.9356400215181,8000.0,-18.82523998431121,-10.564781950578855,-11.447340006919376
unit_speech,10.5186875,-27.34398473391799,-10.366623026184762,0.0,-28.059182105470626,-33.735809886237696,-37.62124229776421,8000.0,-21.883947055970758,-2.5870992995843807,-7.868469792164021
unit_speech,6.4551875,-25.670395037384402,-6.644734169849399,0.0,-29.108217649907207,-30.27894928398511,-38.09988330167141,8000.0,-14.704761029511914,-6.914877274972866,-12.667237821882992
unit_speech,9.218375,-24.806944646077365,-4.343782809759679,0.0,-28.725321355156353,-43.936649297126685,-40.37659712822766,8000.0,-14.096849885242996,-11.700181684636838,-13.27794132871307
unit_speech,10.4838125,-25.560315767031284,-10.914783164398255,0.0,-24.629184927661825,-31.11197754463216,-27.555483536824006,8000.0,-15.631874283770834,-2.687437556834759,-12.616380257712827
unit_speech,6.687375,-27.15107208909457,-12.229841145184118,0.0,-23.384028407619788,-34.03956802332709,-25.51892018154073,8000.0,-21.148406754003837,-15.339612548765288,-16.469564615351658
unit_speech,5.921125,-25.468525581814735,-6.421528513880449,0.0,-38.080105867211,-43.945514622807536,-38.47947892255526,7984.375,-25.824479150154133,-23.307213573733854,-14.595647672430573
unit_speech,6.8615,-23.578441535694886,-3.5887951404595277,0.0,-36.107396015638315,-44.52054920810019,-49.14579545241858,7984.375,-24.974178211284098,-15.459727545738097,-20.512452820607706
unit_speech,13.53725,-30.978793427068414,-9.755328198196938,0.0,-23.842418083981357,-56.17799729601571,-49.67146502381838,8000.0,-21.324920299796233,-9.569640814091954,-11.91362543027276
unit_speech,8.9513125,-25.546379100039157,-7.272354349577562,0.0,-39.92892649468244,-44.718383249653,-36.61579586625169,8000.0,-23.274007881169744,-25.228959356251956,-15.761612658968389
unit_speech,5.2245,-26.295537637730916,-4.122788570444381,0.0,-32.38708375950036,-43.94069477242455,-33.01941230310764,8000.0,-18.510451348850445,-12.833850025953758,-20.32117541990759
unit_speech,9.2531875,-27.241409510695405,-8.893204264274338,0.0,-32.22370604001709,-34.280201443301195,-39.35054050454235,8000.0,-21.321381540612876,-2.9560321300080687,-7.209247376707268
unit_speech,8.127,-27.24196174879257,-10.255390124712145,0.0,-32.34658021016488,-39.249932182855986,-38.28183744663587,8000.0,-9.2809321088763,-6.918341384773598,-14.158271288365043
unit_speech,11.15725,-25.730071043820992,-4.043924406464598,0.0,-19.23783686984839,-46.30350909749872,-38.253715348907875,8000.0,-14.953547536892387,-10.975186377989708,-12.996145811623506
unit_speech,9.3344375,-28.704072997273627,-7.359357199705286,0.0,-24.831476658891837,-37.04070430726304,-39.332114599415355,8000.0,-9.941632316937394,-5.014170421525009,-12.498783068022576
unit_speech,5.236125,-22.92781575814518,-2.9788306406345146,0.0,-40.2082967832293,-40.13407218185124,-38.59248276231756,8000.0,-22.944161172921937,-11.760328032226774,-21.172189574479425
unit_speech,6.09525,-33.19409701538619,-12.47781779351678,0.0,-33.679705706604324,-53.72006845135921,-43.4470786757383,8000.0,-22.556451630719245,-10.267084278638606,-11.828709683866677
unit_speech,7.349125,-30.38381174519923,-6.05976537514902,0.0,-28.050969827441495,-40.48674160417737,-28.037426840107084,8000.0,-11.33014884841473,-8.402354822500463,-11.27316677121479
unit_speech,6.4435625,-30.341709871665774,-8.183912714621133,0.0,-27.508195625853258,-40.73278099551784,-44.01949191764729,8000.0,-8.275039305995904,1.992809740380224,-12.564832637096501
unit_speech,6.1185,-27.652640407747235,-14.36072700682022,0.0,-27.149952991154606,-38.08589977971105,-38.793663897436815,8000.0,-21.585597188688233,-4.794617726640283,-8.012903498526285
unit_speech,10.170375,-27.162294391354255,-11.086650344309536,0.0,-34.764252274115904,-38.63180653717879,-37.65814855778066,8000.0,-24.775683843203595,4.48558418366666,-7.71493633208388
unit_speech,8.9745625,-31.4536688981082,-10.610334237715215,0.0,-38.72812478417117,-48.85745887309466,-48.73067858039188,8000.0,-18.13322125280638,-7.970474356062255,-11.499231497903452
wavegrad2,6.3265625,-22.484504018927396,-2.897569698805076,0.0,-34.050566199795405,-52.94778554453402,-35.23031480122648,8000.0,-9.829109486263256,6.597040994439425,-0.10871772374218835
wavegrad2,3.3878125,-21.800808224465804,-2.2623312561771316,0.0,-35.279279072102256,-56.05107833891611,-51.12558346253496,8000.0,-15.075955699822785,0.7175471144223451,-2.4358201788730867
wavegrad2,6.35375,-20.92263228465597,-0.235442052186373,0.0,-4.162378196759281,-59.92911003531718,-48.18671645589187,8000.0,-8.391046747776706,10.320328658191755,-0.20641531405409097
wavegrad2,5.6190625,-20.985199482120933,-2.774281309095845,0.0,-4.777373959544658,-53.538332077965705,-52.01313323021475,8000.0,-15.16731645089218,4.643167608801988,0.6707540720406513
wavegrad2,6.3129375,-22.638674621310262,-2.6281510104372554,0.0,-19.05021330188432,-50.54756675944992,-31.61785853563019,8000.0,-11.748486431950063,5.580656191102861,1.4987329870511772
wavegrad2,5.7279375,-20.8628923875608,0.15198123265146757,0.0,-3.6975020867748896,-56.31254539866016,-36.34214925519249,8000.0,-11.55133846150838,5.887358059334382,-1.1710744727654188
wavegrad2,3.9728125,-20.372795104024682,-1.510076064556072,0.0,-0.7017390904331045,-54.65860992826675,-52.1278176764828,8000.0,-12.177172250184185,3.122175516389909,3.9534952363616043
wavegrad2,8.0680625,-20.670794422102688,-0.6090531820988234,0.0,-20.431020778833908,-54.19615486936081,-44.64408663817913,8000.0,-17.186533542760884,-1.1534725578080156,0.9028264683390219
wavegrad2,6.28575,-20.282868118543792,-0.9141084544916812,0.0,-8.05243215659554,-58.45003300390789,-38.49573295359387,8000.0,-13.334471550469367,6.4301469039619334,-0.6984546212055207
wavegrad2,7.1973125,-20.526428197499467,-0.34632730618210783,0.0,-11.932148251071439,-52.228113805270205,-47.87298030638175,8000.0,-13.225096462996618,5.075295294304517,1.8855592135108097
wavegrad2,7.2245,-21.28703778734171,-2.4319159502883507,0.0,-12.001751225122483,-55.063587679278726,-43.1315210184803,8000.0,-14.83762433637095,-0.3544715337645101,2.2120669234242527
wavegrad2,5.850375,-22.40181822138497,-3.6656473864943084,0.0,-33.09018959574372,-52.38980211561378,-37.75144657595197,8000.0,-21.045851214122237,-7.198940870846286,-0.24413462632713845
wavegrad2,7.06125,-21.297486554989863,-0.8047179232312197,0.0,-6.826672108542793,-54.826249026289446,-51.09080060944909,8000.0,-11.848745264828445,7.006060176892291,2.509082480069061
wavegrad2,12.367375,-22.562340864210352,-1.519319787564286,0.0,-8.419933945935309,-51.36302922396469,-41.50074943275855,8000.0,-10.990060755354008,7.764062542948608,5.898323745346325
wavegrad2,6.3945625,-20.960880330833437,-2.7604966691141,0.0,-13.759584966907282,-54.86535079945169,-43.95154039611064,8000.0,-13.08441785939793,3.7959511590923043,0.36112576019374387
wavegrad2,4.3945625,-21.559191948596595,-1.7953598986515586,0.0,-4.068506988018742,-54.311983169601724,-40.41484599153858,8000.0,-13.289700274698951,4.864067202091945,3.853569097433514
wavegrad2,4.911625,-21.381956730241697,-2.4274461773797347,0.0,-25.79508030771728,-52.03779683706986,-40.648253283327435,8000.0,-13.189790135355793,2.7963098297081785,-0.3756213033608162
wavegrad2,5.9048125,-22.157725993936275,-1.4621344911118621,0.0,-3.023465949951948,-55.37187646235072,-34.315992882262684,8000.0,-14.81568867698305,2.85499308204286,1.2982612844296
wavegrad2,4.4898125,-21.579967271901694,-4.038880537689088,0.0,-17.961622656997818,-56.95718188419148,-39.08091076954263,8000.0,-11.036846842783937,8.494475909581368,2.3986917901002087
wavegrad2,11.5238125,-20.604884760835375,-0.7197172697647776,0.0,-6.267637123898716,-55.35783060459231,-40.059683803563146,8000.0,-15.32306948281083,1.8665756175856458,-3.1433727313245967
wavegrad2,4.1905,-21.093960776852818,-0.1530877319017302,0.0,-34.03175767367259,-53.72670362620833,-36.06217043192686,8000.0,-9.490564143151516,5.112239293672928,1.5778608569774448
wavegrad2,5.850375,-20.205652861818226,-0.3076772369571559,0.0,-8.719298965790523,-53.859116204920966,-38.88753027895984,8000.0,-15.5413929118494,-1.3762682553983439,2.649055629056761
wavegrad2,6.1633125,-17.968339228768194,-0.05398837629288263,0.0,-3.024489577107431,-56.04617320816555,-34.67849401881709,8000.0,-18.53668318372147,-2.965043770283849,-3.872891175362888
wavegrad2,8.176875,-20.941667712064064,-0.019087114465290916,0.0,0.20781403438888724,-55.06485115307767,-45.60832126619766,8000.0,-15.381444462676377,1.3803575964722583,3.336794672166228
wavegrad2,4.3265625,-18.966605156812015,-0.8586017167783379,0.0,-6.1548481206674275,-55.908122247241906,-45.66547877020311,8000.0,-15.976262886399759,-1.1569266413404335,-1.8220156575159692
wavegrad2,6.979625,-21.370120056665314,-1.1978345120839333,0.0,-28.98247009359377,-51.80494740990708,-33.82807595779234,8000.0,-11.649535560268362,4.395748870074343,-2.413351643946079
wavegrad2,8.013625,-21.059841416445884,-2.3604099640791714,0.0,-0.6357890956117647,-53.77587720954436,-39.01939972187723,8000.0,-12.758192604604922,-4.619994603833753,-3.024569794504245
wavegrad2,7.6735,-22.260441476253323,-1.4041987334124992,0.0,-0.6628992872688393,-53.7868777524713,-49.09322280857427,8000.0,-12.425456728763685,6.746919471507624,2.049976078846683
wavegrad2,4.108875,-21.633310108303327,-0.9636237333747765,0.0,-37.53918337363477,-56.279054203521696,-37.8543728895996,8000.0,-11.757809896234193,7.14480735599151,5.888052823647882
wavegrad2,8.4081875,-22.902895603215256,-4.257133865037796,0.0,-38.11934014534326,-48.9528843927777,-35.02578264528131,8000.0,-15.695133060969482,1.205322746356515,0.7554024087701094
wavegrad2,8.3129375,-20.59890597818623,-0.02510721669586026,0.0,-0.7370983685650501,-54.47951039743509,-33.15938743387942,8000.0,-15.221879924609482,0.6467633320132649,3.575987010991568
wavegrad2,9.51025,-19.97784848324193,-1.747030776781169,0.0,-22.615891413219025,-56.214997713543156,-45.19777155547561,8000.0,-14.051366108896914,3.3696061078604345,-1.080650719812951
wavegrad2,5.5374375,-21.22479622521114,-0.4374352705070645,0.0,-25.564711284217005,-51.765895833471674,-50.38382607091718,8000.0,-14.197133684354093,-1.6349542945216768,-0.6830906213073007
wavegrad2,6.367375,-20.163186416474673,-1.3021455897115843,0.0,-34.19737773741428,-57.19903486701046,-50.02370970577603,8000.0,-15.878402864584338,2.015562729349959,1.8863315410207875
wavegrad2,10.5714375,-21.592214343269397,-0.06916999169571583,0.0,-8.059926729543893,-52.54929371877725,-46.31316327997804,8000.0,-12.339143533245718,-0.5859464969799077,-2.735325189422909
wavegrad2,7.864,-21.349347182035544,-2.567931793843386,0.0,-9.058255866011018,-51.27629935798832,-39.10682220675746,8000.0,-14.741991227526036,1.4786627821440135,0.41747514728909607
wavegrad2,9.6463125,-20.753736447438946,-3.459752504010921,0.0,-10.522289020811886,-53.4308067604987,-39.645364210455924,8000.0,-15.925622091862422,-0.16530918099931569,0.5692005371057718
wavegrad2,7.782375,-22.63012778740812,-4.165523533497087,0.0,-4.250989477048773,-49.72858811324039,-42.34047213082371,8000.0,-11.391108047217358,4.73092095919889,4.4839286895465165
wavegrad2,5.659875,-21.922590691973248,-3.592372277926463,0.0,-12.255385229146096,-55.69242109848372,-39.936705906606846,8000.0,-14.1327405325369,1.9603160230100158,-0.9350310649619828
wavegrad2,3.1973125,-19.70221311228987,-2.9883595317489924,0.0,-21.028473062273846,-58.96802212957551,-37.9932720620209,8000.0,-8.426785901677647,5.694090787649721,-0.7213222890304891
wavegrad2,5.401375,-19.383013883212286,-1.119661542929495,0.0,-5.245558986761683,-54.78590152855112,-39.68346125286021,8000.0,-14.141058486529154,7.788495939990796,5.499393824530486
wavegrad2,4.0,-20.40696893543789,-2.5373156120731704,0.0,-2.292852190803373,-55.152860590410214,-48.65105542391731,8000.0,-6.725991040704301,11.70401656288282,3.875804644276066
wavegrad2,8.0544375,-20.66118788514077,-0.24500412482503753,0.0,-6.592442083672777,-52.55642135459205,-54.85285045074043,8000.0,-8.96696495526978,10.431551188875495,6.944890811397926
wavegrad2,6.884375,-21.987207738369705,-2.3887207193807245,0.0,-6.602463901740538,-50.139408077652774,-44.97242320218068,8000.0,-10.73156065300764,0.18989464068591388,-4.184310577342899
wavegrad2,5.4694375,-21.5398944362991,-2.222871902879654,0.0,-12.495432192434608,-51.296067709094764,-47.8709146162235,8000.0,-12.007633502493235,7.50747906274723,2.3557817684369695
wavegrad2,4.8435625,-22.94667766202371,-4.031599055340428,0.0,-5.653088766320238,-50.620633358505856,-30.2432705974066,8000.0,-13.21232078693965,4.310734347970779,1.2149237859503046
wavegrad2,6.2449375,-18.87011561296916,-0.2016785650054986,0.0,-5.421935109582101,-56.73547468865036,-48.48438176620269,8000.0,-13.780938976873848,7.7922282490353325,4.678711107598076
wavegrad2,4.816375,-21.206791445550767,-3.546992905815781,0.0,-14.696126250102743,-57.62318393287259,-52.07559890118634,8000.0,-9.723178794741273,5.0226374038108474,6.348650887944501
wavegrad2,5.3741875,-19.88644092286583,-0.1104532558150359,0.0,-5.704080652738579,-54.106249558922805,-36.30373026111771,8000.0,-14.518497525764058,1.1291590657329067,-0.4683820427894716
wavegrad2,10.979625,-22.017712916968527,-1.8313977676248883,0.0,-9.641083051960702,-52.52492756727803,-46.77144180798457,8000.0,-16.205198402354597,-0.6225001273928754,-1.3623852321251206
wavegrad2,7.3741875,-21.449939799590517,-2.625835354860839,0.0,-12.732862402835575,-50.099354322107246,-31.74109065344248,8000.0,-12.501912940544862,5.1500575683960506,-0.18615473607393085
wavegrad2,5.3741875,-21.527992556343442,-1.451112455576582,0.0,-12.31938893872425,-54.98145758626474,-38.750045092320555,8000.0,-9.18834756660705,8.20063124690136,4.006372434802863
wavegrad2,8.6395,-22.643382868951726,-0.2624337694033325,0.0,-0.7394511522063567,-52.17314008807624,-48.99024353177947,8000.0,-11.211954485365695,5.819576584721958,0.9173108128964245
wavegrad2,5.6055,-20.33719760199501,-0.22919050152373235,0.0,-7.292663149631045,-51.99450761541161,-47.3549132892964,8000.0,-16.65434256939919,-1.658673566006584,4.278668222225207
wavegrad2,7.1973125,-20.424812050625118,-1.3751891925641024,0.0,-9.27244210456811,-58.46179421491735,-34.508726109429205,8000.0,-17.611303308181732,-3.39181381360477,-1.7555722435607564
wavegrad2,9.9591875,-22.399365101433155,-2.9635801143477085,0.0,-3.2679667309814455,-53.90303400049105,-47.50433303118635,8000.0,-8.393365298174928,9.604069662254105,6.7032076220377945
wavegrad2,5.755125,-20.17923913832726,-0.17057590789921911,0.0,-3.8107135340905263,-53.67759443806161,-34.84402401783907,8000.0,-18.512741905227188,-5.188858605843755,-1.4474036529957175
wavegrad2,6.4081875,-21.40281483781208,-2.993025582223161,0.0,-30.93684035906482,-56.28128134682663,-48.065506665462635,8000.0,-9.610348047800372,5.664325527315171,1.5036380743173652
wavegrad2,8.898,-19.530277779415574,-2.237552154813413,0.0,-4.223848569737113,-51.355008588228294,-39.43468282755803,8000.0,-17.143661130870584,-2.996350555133006,0.1917149218268719
wavegrad2,12.99325,-21.441240271452955,-0.16638688310585947,0.0,-7.632230136689248,-53.20434240031622,-49.78673090839085,8000.0,-12.506708704142483,4.934519651337936,0.6251661015748269
wavegrad2,5.755125,-21.365190939159252,-2.798293667906007,0.0,-5.569663565251595,-53.592230860651526,-31.87499538272069,8000.0,-10.085926682076327,8.6338109680133,5.159349402877886
wavegrad2,7.5238125,-21.602397032572963,-0.6991999594137465,0.0,-7.956482549014012,-46.56222631481097,-31.086560071993983,8000.0,-7.992080293444516,7.1310455253393314,4.3760395000989405
wavegrad2,4.47625,-20.062674401200763,-0.20324261939701294,0.0,-12.68685524469413,-56.76164871962683,-48.465834385316015,8000.0,-16.326123035959498,0.24553084959931937,1.9042283479906104
wavegrad2,5.401375,-20.49578459339886,-0.9310440051007657,0.0,-1.9392379867765968,-55.59793493917101,-50.31911053815804,8000.0,-22.93170098768161,-13.324874334592636,-0.445773757173086
wavegrad2,4.299375,-19.132222423841185,-3.044657142900531,0.0,-5.129484833184367,-54.64006258154494,-32.17217112044689,8000.0,-10.07564027279712,8.076410171105458,4.2046395205547284
wavegrad2,4.3129375,-21.465676732541542,-3.627232368950117,0.0,-9.919354793103484,-48.483709343208474,-47.14236252048472,8000.0,-11.737189192508147,7.860167174949666,0.9617830655211037
wavegrad2,5.496625,-21.40861661562038,-1.999225771545921,0.0,-24.015217256807638,-51.86964077843987,-37.96135960664858,8000.0,-13.922921344414952,-0.29658903229870504,-0.9841146406770918
wavegrad2,4.1496875,-20.13993882320708,-2.3869671975558506,0.0,-30.87285466274998,-56.6828460000583,-35.84797021703838,8000.0,-15.728284577058353,-0.5830640891651342,0.21271167781987543
wavegrad2,2.5714375,-19.628123414051924,-0.15955318826961926,0.0,-4.577204810622456,-57.62060196891651,-48.5600296321924,8000.0,-11.985809725992475,4.628337024607028,-0.6287634223052052
wavegrad2,4.6666875,-20.455445926052676,-1.6791974464669264,0.0,-12.210764088178411,-55.56069194050036,-53.39911309716784,8000.0,-17.93606150189506,-9.976070856017316,-0.010885523875856506
wavegrad2,10.3265625,-22.782190572282094,-2.794150736606266,0.0,-44.29146222957554,-52.35792820355081,-47.715161211534394,8000.0,-12.038105283939394,6.905491760926353,8.44362268839923
wavegrad2,5.5238125,-19.31935696720209,-1.2897136579749953,0.0,-2.494648575115754,-56.374223234986644,-34.54487258116986,8000.0,-13.912632010461145,5.326280255819171,1.3978342337971768
wavegrad2,5.932,-20.584989935756006,-3.4084157947625777,0.0,-8.322032167228869,-53.845575050002594,-28.34041327245747,8000.0,-11.806140786634991,0.8796288195528774,3.611937088102337
wavegrad2,8.721125,-21.05107270355336,-1.65671710208952,0.0,-13.377165448763048,-52.93325697847412,-48.483001283648065,8000.0,-13.328829100691955,3.9178202366363806,3.339811561502195
wavegrad2,9.51025,-20.54746299666119,-1.7463751939952656,0.0,-22.851559182379624,-55.28223627610048,-49.744354940427456,8000.0,-17.557804062860946,-0.5414050081930668,-1.146447314092967
wavegrad2,8.1360625,-19.37642781421995,-0.08905291861377676,0.0,-5.862128147933667,-57.628081525722195,-31.977572210014877,8000.0,-12.274970245049033,2.482428203495175,3.527701893409599
wavegrad2,4.6803125,-21.993434910505563,-3.182676679779961,0.0,-1.893011255250304,-52.35766436650021,-35.87179408526877,8000.0,-9.032431936972486,2.066749566703777,-0.9843061098499604
wavegrad2,6.8299375,-20.726582796761626,-2.9272820311106185,0.0,-9.67936957181238,-54.67724280716394,-49.19175728887292,8000.0,-14.130807192615066,6.56259474108348,5.3093826531366375
wavegrad2,7.9864375,-19.54156258325184,-0.13346110795552396,0.0,-8.518154503934058,-55.74536460404584,-48.41981889414346,8000.0,-13.02066350352187,3.7032605718795253,2.7125844884471135
wavegrad2,8.4218125,-21.476671702659942,-2.5921076494725948,0.0,-9.05135487899102,-53.282223650271696,-49.55833516247615,8000.0,-13.57335634028184,0.7363501898699241,1.9066863984783922
wavegrad2,4.3265625,-21.458234435415676,-4.1892446724937376,0.0,-10.109109298145249,-55.624966074639865,-46.609945914681454,8000.0,-12.983688018092955,-2.2707410690733454,-1.561686404856495
wavegrad2,4.6530625,-21.304436426939994,-1.0329772160618658,0.0,0.11647914422028727,-54.27304439763554,-49.86867729431871,8000.0,-11.150136881979762,6.792613452244325,3.755974071564978
wavegrad2,9.5374375,-21.538102651066477,0.04097969867048534,0.0,-5.361245473248143,-55.4131329334425,-50.26671819977793,8000.0,-11.346485928920337,6.948624873246196,-1.0726745026165716
wavegrad2,6.0680625,-22.150098958100592,-3.7750463019086404,0.0,-11.968480750063112,-55.116804140629284,-46.47875009602316,8000.0,-10.2526336346521,6.270744271527533,0.8623142027921133
wavegrad2,2.884375,-19.22417990503909,-0.13502391704490382,0.0,-12.693812960877523,-58.04338460904101,-50.75290397768312,8000.0,-14.114707573672948,3.4325526089616503,1.766573402671277
wavegrad2,6.35375,-21.55930276822386,-1.7810033887043257,0.0,-13.792596521218423,-54.66830057154322,-50.30221985359639,8000.0,-16.65428063155955,2.380344036792181,1.031126566043362
wavegrad2,4.7619375,-21.107428617281588,-1.823789802703863,0.0,1.5537751853881083,-51.352958210295185,-34.94452531027916,8000.0,-11.037537806551498,1.0922565266426787,-3.1749596387800736
wavegrad2,5.2925625,-20.289440258590087,-2.173037427824489,0.0,-7.197934782848144,-56.47059703371632,-31.90463089912355,8000.0,-14.584683147650644,5.510733287303026,1.340050893618745
wavegrad2,8.108875,-21.0978660128629,-1.311011520179307,0.0,-2.7849267663298374,-55.167312646177535,-50.257906759857505,8000.0,-10.447641898419867,7.581782640958551,2.249485595967464
wavegrad2,6.8299375,-20.953837759111824,-4.369125262757879,0.0,-33.20250406479672,-56.074655067456106,-48.99610671450223,8000.0,-12.070675873239438,5.35567580773786,0.7968648945759114
wavegrad2,6.99325,-20.52582072798653,-0.7906985858804962,0.0,-3.112170969372256,-55.70864648215166,-52.60160732368107,8000.0,-20.19926549006785,-4.24810755639875,-2.227207678054789
wavegrad2,6.5170625,-22.30148668750846,0.03509225583727927,0.0,-16.094901999850748,-55.59956892319755,-37.426278665078556,8000.0,-10.874030410330455,2.1973443620602637,0.9578852399630264
wavegrad2,6.54425,-21.060204794879517,0.11962883493096568,0.0,-6.657515316676356,-54.322522240524115,-34.887954188485566,8000.0,-11.716208446721126,3.002700292094545,0.8998960453359928
wavegrad2,7.333375,-20.123291332050645,-2.8609767013493386,0.0,-14.226219023222054,-52.05663292642617,-35.589681620611394,8000.0,-9.388244429400437,13.409448655607825,8.071058305322019
wavegrad2,5.6463125,-20.952773599710145,-2.4007148349477068,0.0,-3.22435535401873,-55.42474503720659,-45.957679142622766,8000.0,-19.45871790790919,0.02578597339798705,3.388849211538137
wavegrad2,7.0884375,-21.9257472364951,-2.4495705121317863,0.0,-19.811468437956776,-49.32478123006389,-40.304389726363866,8000.0,-14.755643958409728,-3.2162517660331247,-0.163155680246291
wavegrad2,5.2789375,-21.00671441849649,-1.0838216225549893,0.0,-22.3829694474958,-58.85090644899073,-51.100001471795,8000.0,-12.6970269216515,2.328278819583133,-0.1943963662078403
wavegrad2,6.5170625,-19.954989831404575,-2.239373332209055,0.0,-4.01326964447953,-56.71928637057039,-38.60280920065033,8000.0,-16.506471242178158,-4.614839055935541,-3.5931776501047423
wavegrad2,4.789125,-19.81149735917674,-0.34562616335318047,0.0,-33.445068781640344,-56.45927947739234,-53.057751876759056,8000.0,-16.360300463303446,1.9254412118549666,6.0194097815058285
wavegrad2,8.299375,-20.642082559673966,-0.03887269006944138,0.0,-12.071632454571336,-54.9888382010402,-48.63798324149196,8000.0,-11.588748475776171,8.790741953520758,0.9778687013548506
wavegrad2,3.142875,-19.60965009737005,-1.0631134129213777,0.0,-22.722612267758286,-62.390312485577034,-60.82953838841767,8000.0,-8.74567392236866,8.836885723340956,-0.16577785595226402
wavegrad2,10.204125,-21.367021365714894,0.22084104418330436,0.0,1.1024621450831233,-52.459476609112265,-38.796052416163334,8000.0,-10.395542574010918,8.608969854521142,4.032652097322142
wavegrad2,5.8911875,-20.81921988694994,-1.075155102249133,0.0,-9.302519241841194,-56.58876589732185,-49.617754117769685,8000.0,-14.933549504901414,0.21490435436234634,-0.6811866940326041
wavegrad2,3.6055,-20.240036937132867,-1.1605483631602715,0.0,-18.683515285032477,-54.41987531872055,-58.31486113031463,8000.0,-13.340555372086662,6.0052712956211,3.3465481508838124
wavegrad2,5.918375,-21.548940150952184,-3.976202200389607,0.0,-4.3793360876999206,-53.19938073226035,-51.18046631388853,8000.0,-11.746783352088634,9.169174765067915,5.949939202915878
wavegrad2,7.4421875,-21.52908225156146,-2.943097340815684,0.0,-14.356823681392015,-52.29291644290005,-46.57896013434469,8000.0,-16.091999933228564,3.3851022045306394,1.6855184309194016
wavegrad2,6.02725,-21.645783278379756,-0.6387428717508081,0.0,-7.392958714596009,-52.405292261219145,-52.597168530471805,8000.0,-15.000952505018489,0.8553531613725482,3.438128854034858
wavegrad2,10.789125,-22.026245318451338,-1.1446976793761054,0.0,-1.5126548380936242,-54.81101544794852,-49.761249101496034,8000.0,-14.138257124661294,6.7050989958547405,4.734094709846431
wavegrad2,6.4081875,-20.87392225520583,-1.6190247442168004,0.0,-10.88418636724754,-54.940388251514705,-44.282200075876275,8000.0,-9.90062517864888,6.883078482585759,1.2500968154266943
wavegrad2,13.1156875,-21.383008933710983,-2.9662532899370793,0.0,-24.441037862570553,-53.850942005735064,-48.876305767216266,8000.0,-12.858948605388939,6.303754743742118,4.272134794909519
wavegrad2,6.462625,-21.475865480589928,-1.1348408074701024,0.0,-1.9562851564800496,-55.71714278212485,-47.67791675454379,8000.0,-14.380889100815885,-2.4389065898179254,1.0228248312078492
wavegrad2,10.4218125,-21.679450833186955,-2.1676891386514825,0.0,-6.2662494946054785,-53.229057401574224,-37.32093209361,8000.0,-11.420883630479295,4.065263419188447,1.0248683489456454
wavegrad2,5.0340625,-22.047533259341808,-3.888807432916455,0.0,-14.955017727291771,-53.08834788004472,-39.03590349607204,8000.0,-9.206497433957296,7.7003536067241924,9.155568491217949
wavegrad2,6.5034375,-21.616868307386994,-1.0799514682042326,0.0,-13.518085779137156,-50.69553521576232,-34.29657625699684,8000.0,-13.452238290093199,2.087048687934818,6.493529804553795
wavegrad2,4.6395,-19.85291324793605,-0.48625471061311565,0.0,-27.924643073522255,-56.78639607093881,-33.73117459028695,8000.0,-15.314715789594871,0.33707323472408746,-0.3649960627393014
wavegrad2,7.401375,-20.083575962637667,-2.0438048553752237,0.0,-4.656662559323431,-53.508363366578784,-34.04615055335904,8000.0,-12.388007030027445,5.064361808199621,1.2612012044576915
wavegrad2,8.9388125,-20.57440242400606,-1.6794343825573785,0.0,-6.728572941625366,-52.87858305293528,-50.4214821089841,8000.0,-15.389111524564662,-0.06899294782265031,-0.5499563350832801
wavegrad2,9.755125,-21.251801825800356,-1.9322022569259403,0.0,-8.233710789205125,-56.88305228267077,-41.91537186845268,8000.0,-10.19935362495346,9.943560324582414,2.14189298363884
wavegrad2,6.0680625,-21.300176716652963,-2.3890229526777436,0.0,0.08566324200086939,-54.30288628270691,-50.84443890279172,8000.0,-11.0078867944559,4.9036482175887315,-2.1821518879798134
wavegrad2,4.6939375,-20.40096398503525,-2.904786624754769,0.0,-5.932794434196968,-54.38914695852886,-38.69923230753628,8000.0,-22.254761100579906,-5.963324987511264,-0.9870564234103796
xtts_v2,9.558,-15.821910525539684,0.02723423845214242,0.05870020964360587,-1.721108528246642,-189.85727345348178,-31.311442341406025,8000.0,-17.548342854919635,-1.8243229019680172,-2.2807318793364644
xtts_v2,10.486,-16.894458466298776,0.011361742923253986,0.054441260744985676,-5.361517431959776,-189.15591748725336,-50.32639423142579,8000.0,-21.440468933807193,-14.074653627486846,-4.496020052504917
xtts_v2,11.275375,-18.403461194969907,0.01104994461745211,0.046181172291296625,-7.0019556799031815,-188.10736220417854,-47.428239425045646,8000.0,-23.259648269294217,-18.331689524175637,-4.093929016194451
xtts_v2,6.443375,-15.468667874603,0.0019086250376925456,0.0763239875389408,-2.2765039991586864,-191.3905520407209,-36.09718491196893,8000.0,-15.053020828612222,-0.5252200020682807,-2.111849703667019
xtts_v2,6.635375,-16.61754020102756,-0.06218238584096958,0.08157099697885196,-4.684849708381522,-188.96957660488042,-52.54649589191255,8000.0,-13.6531459644542,-8.16780215103369,-3.619611615036881
xtts_v2,9.3766875,-17.25454221630974,0.02524953438561482,0.05555555555555555,-8.500377821148719,-189.27984616065677,-64.5488048434697,8000.0,-18.22568008363548,-15.093823565308426,-3.528875423902221
xtts_v2,5.9846875,-16.872416546708557,-0.01770093701177185,0.08053691275167785,0.7597826485315604,-189.13964359072784,-54.208336050082636,8000.0,-19.11170845652447,-11.623759704793699,-4.170358914703982
xtts_v2,5.707375,-14.75861604296474,-0.06576157988330138,0.09666080843585237,-1.9619162388859976,-190.43240315497425,-43.46293804067709,8000.0,-18.958107812993305,0.04183797760457253,-1.3632039670208016
xtts_v2,7.0086875,-17.14842440786676,-0.0003847839769088493,0.05722460658082976,0.5019603759026676,-188.9420359570473,-64.33674998943393,8000.0,-16.205830391755406,-12.735380932779861,-3.55001309843437
xtts_v2,10.539375,-15.668609027797228,-0.016650183054087924,0.053231939163498096,-5.436677834614912,-189.67020682279866,-32.03910305572103,8000.0,-17.950552206086783,-7.034876515868056,-2.3705310861395006
xtts_v2,6.4006875,-19.012942835277443,-0.060588867194530924,0.0877742946708464,-7.147546241490897,-188.09438335255695,-51.430272856242645,8000.0,-12.05943980588799,-8.939961814212097,-6.318777718876547
xtts_v2,5.707375,-17.326320127706264,-0.04655783001304179,0.0984182776801406,-0.9024919728578169,-189.6441108786538,-50.61012743560144,8000.0,-19.642339413972316,-13.235722422600446,-6.007204581141167
xtts_v2,7.798,-14.934521048172007,-0.0977810971641322,0.07069408740359898,-12.409380931178497,-190.57420914281522,-33.348555566461464,8000.0,-17.42370462985171,-1.5159115442498887,-1.8931334055869513
xtts_v2,6.166,-16.515335158022985,0.02222748921630631,0.0910569105691057,-2.7489514224901335,-189.95724513958905,-47.09351842667805,8000.0,-19.72337723689161,-12.680606412733468,-5.674397899498601
xtts_v2,9.003375,-16.122418720541123,-0.0007797823299918344,0.061247216035634745,-2.5094728543244393,-190.06942325175805,-49.877339940134426,8000.0,-13.771766486831861,-9.26667118874478,-4.228972235703203
xtts_v2,10.582,-17.753000781312856,-0.08001700228039366,0.04924242424242424,-1.4469988283931876,-188.77038201428977,-52.538386762406326,8000.0,-16.39240372442918,-13.810513075469395,-3.86707989487644
xtts_v2,5.238,-17.602880570660908,0.03876316942972917,0.09961685823754789,-1.7365136564517112,-188.44057166601326,-60.614818423399385,8000.0,-22.43687735938457,-18.712764272597518,-4.546842458403148
xtts_v2,9.099375,-17.22907039263336,-0.021131512999941707,0.06167400881057269,-1.1455766469572435,-189.29588043015784,-45.532595146320865,8000.0,-14.153042800903286,-11.704008124807544,-3.937330728632098
xtts_v2,6.955375,-17.984089377247034,-0.015062621749482613,0.0792507204610951,-5.768531704193403,-188.24929544341907,-50.677329426786244,8000.0,-19.542105246844052,-12.650124122025886,-4.954721880642062
xtts_v2,7.0086875,-17.815694532088756,-0.0854524905944091,0.07582260371959942,-6.776839401816979,-188.854409383674,-72.54179629698226,8000.0,-12.939703154153069,-11.733409447182765,-4.100687505026443
xtts_v2,6.027375,-17.48986090006594,0.07541875012873206,0.08985024958402663,-14.777726549657828,-189.5596981456094,-50.511603973698215,8000.0,-9.625373259075499,-2.7160717417520246,-2.4105033466689463
xtts_v2,7.5206875,-17.07580272748049,0.010567963017658964,0.07066666666666667,-0.4704538576350785,-189.72891032311182,-67.24420422688738,8000.0,-16.462584341737266,-13.945184283892246,-4.25352293914694
xtts_v2,6.4966875,-18.628351044570483,-0.019151713368923455,0.10493827160493827,-7.2849812507650835,-188.36499080278114,-84.30813571232945,8000.0,-9.414707860993786,-7.287728606891925,-6.595196169223833
xtts_v2,7.798,-17.706163639820932,0.07240825751130085,0.05398457583547558,-16.233644851790224,-189.59162795751521,-71.67612437956058,8000.0,-22.541724685934607,-17.188924996032426,-4.9460240888640215
xtts_v2,11.2326875,-17.587902788922257,-0.11548211936515256,0.049955396966993755,-12.799678641522112,-189.77317613306374,-49.51531516383374,8000.0,-21.3354987708815,-19.10682558439634,-4.675715152617215
xtts_v2,5.291375,-19.52138249107034,-0.16213310518146878,0.11005692599620494,-8.602225995900612,-187.03927600875386,-91.70914750240983,8000.0,-8.74936781509685,-4.545989239390245,-2.6838760224625986
xtts_v2,8.6726875,-17.76737728879627,-0.11395425169846629,0.058959537572254334,-3.1543065837825655,-189.33695594338744,-46.2528425607139,8000.0,-19.39544244841755,-19.580815357724134,-4.495425451414377
xtts_v2,6.774,-19.716026179131454,0.05439973940935976,0.07851851851851852,-4.955333033579066,-187.18793144148637,-43.900891586594746,8000.0,-4.755359475349188,-1.7650102924626765,-1.7077137165394731
xtts_v2,7.3286875,-16.066942347967444,0.0027115272199448137,0.07660738714090287,-12.054217629936195,-190.06102166002,-49.87729148560658,8000.0,-12.007173176008337,-4.321220910020493,-4.146389400023537
xtts_v2,4.822,-16.210224797887424,-0.003653099636184744,0.11458333333333333,-3.810208327984947,-190.1035652299724,-82.99162439645069,8000.0,-19.25098653119967,-13.734575708547283,-5.914047406487441
xtts_v2,6.123375,-19.125420988679384,0.05232669797990939,0.08852459016393442,-11.976734239112998,-188.3564189705247,-73.23883414962414,8000.0,-21.490770799370583,-17.329712976437847,-4.564048871053316
xtts_v2,10.539375,-17.159908784807904,0.0012177011932653868,0.05228136882129278,-5.576620133817041,-188.81162233915413,-46.74886880684792,8000.0,-24.115213144786196,-22.525512328414734,-3.623579834057182
xtts_v2,7.9366875,-15.921415745119452,-0.032624356937959585,0.0707070707070707,-17.350753391006094,-190.15701664854654,-49.61204682585094,8000.0,-10.838957119234031,-4.90078056124014,-4.250868609960158
xtts_v2,5.9846875,-15.549144169900185,0.020486172648501715,0.09060402684563758,-13.78486648555014,-190.33090805971952,-35.390158264254595,8000.0,-20.41459671709957,-1.6689682489033117,-1.623448487819239
xtts_v2,6.358,-16.669487870195105,-0.0271983009749787,0.08832807570977919,-13.11037865115759,-190.1215166019932,-48.45649216274286,8000.0,-24.871209381994383,-23.227343296212794,-4.548399269037489
xtts_v2,8.822,-18.330264520082494,-0.029598547861950337,0.05909090909090909,0.2972125725331143,-187.7344537888049,-62.939165301453215,8000.0,-22.130731734855377,-22.18430861730444,-4.336416909607422
xtts_v2,11.787375,-15.528227263484132,0.0032425417054856073,0.045879354290569246,-2.048134434978179,-190.64326412450782,-33.187108108497654,8000.0,-17.523922130832624,-4.350358177819629,-1.4327115112040971
xtts_v2,10.103375,-14.673989096579845,0.026960014134128036,0.15873015873015872,-4.4154150408091155,-191.23749977922006,-191.23749977922006,8000.0,-23.92066031605436,-0.9272382859833499,-2.9700683022778946
xtts_v2,5.611375,-15.623839650308673,0.0049014032418995875,0.10554561717352415,-2.5916614408499985,-191.05905313418913,-82.31740887622495,8000.0,-23.216954667865643,-18.213164249751458,-5.5686813127340145
xtts_v2,7.979375,-16.54053930034928,0.00227557290287028,0.06658291457286432,-5.940306066893639,-189.60927069857786,-50.02336215628903,8000.0,-10.196580637932762,-6.821664175422946,-3.8120907464367235
xtts_v2,5.238,-17.944907051306654,-0.03886522990372256,0.10727969348659004,-0.40973399143608447,-188.8378039383295,-82.03686989499946,8000.0,-20.596964755410916,-13.244237465982764,-5.860957903826531
xtts_v2,8.29,-17.550487558381842,-0.01674852225700932,0.19709794437726724,-2.495926199598177,-189.96199713066133,-189.96199713066133,8000.0,-23.690436734900334,-19.130210158030494,-3.772939685170371
xtts_v2,8.214,-18.832998878146093,0.00906218557943951,0.06715506715506715,-2.58066446922507,-187.33670727607304,-49.257631901639456,8000.0,-23.630954830605216,-24.54604145188361,-4.290678296208156
xtts_v2,9.931375,-17.80879798002025,-0.0221642184503742,0.04944500504540868,-1.26814052002719,-188.7012126268424,-61.859885777346875,8000.0,-14.851724955788008,-12.92494489758652,-2.6925875707193825
xtts_v2,6.731375,-17.908511794574213,-0.06391143016448123,0.08345752608047691,-5.07627475979216,-188.5590380693445,-66.82782411546125,8000.0,-21.640190771029864,-20.246111499394047,-5.052105860900269
xtts_v2,7.979375,-14.61457294016232,0.014538234735242813,0.06909547738693467,-29.38229267387197,-191.1969558892744,-33.587205436803174,8000.0,-14.663982754756162,-12.423776701583229,-2.409489986045017
xtts_v2,8.214,-16.345234646148402,0.01417800395720652,0.06715506715506715,-10.73964158724614,-190.32951303593035,-67.3879690117912,8000.0,-21.53096578888346,-18.14127936578914,-4.127778300812508
xtts_v2,11.2326875,-17.214160216468713,0.09663252520969827,0.04906333630686887,-4.597113562579247,-188.93706675167184,-54.518145505186695,8000.0,-22.08237641507336,-13.946937011204547,-4.4008503047486585
xtts_v2,7.051375,-17.6846698972724,0.007704333946421392,0.07681365576102418,-1.2225769946118756,-188.69153881701908,-72.09455294010685,8000.0,-21.944999830054936,-19.458207348675636,-4.514625735006902
xtts_v2,9.046,-14.360626006400901,0.015291084315995887,0.058693244739756366,0.2152806073947957,-191.60305633553992,-34.105786349955906,8000.0,-21.39032871110545,-5.128985327875917,-3.985450246983227
xtts_v2,7.3286875,-17.13705783845451,-0.021946579848065362,0.06155950752393981,-12.91090960986456,-188.866232767674,-57.87078450446589,8000.0,-13.65291936539451,-12.159193263436734,-3.6100844874504645
xtts_v2,7.3286875,-17.311009912413997,0.043192274066392575,0.07387140902872777,-2.644855176642027,-188.92953363232684,-65.8878511296469,8000.0,-15.8795419500643,-14.402135422357311,-4.841991281707486
xtts_v2,12.118,-14.946444023587597,0.01078556580108114,0.04462809917355372,-6.968868121182679,-191.2978888564668,-33.91299249154307,8000.0,-22.006185968381494,-0.11396972313338694,-3.146074021770332
xtts_v2,11.7446875,-17.382556214849,0.007962723009386602,0.041808873720136516,-5.405613873100075,-189.075355067772,-48.77125475347527,8000.0,-20.020712343377337,-11.885885206543499,-4.211364216797591
xtts_v2,12.95,-13.994231549150992,0.003946713235697933,0.04176334106728538,-7.1883774219072585,-192.1324445423164,-33.02511324920299,8000.0,-22.861385179218843,1.0803383819229566,-3.2706287770564515
xtts_v2,6.8166875,-19.06253061733606,-0.021936072795803768,0.07647058823529412,-5.427558494797291,-188.06538766738643,-40.26920816772656,8000.0,-6.553003744654902,-4.725073181583198,-2.118241993814486
xtts_v2,8.491375,-18.700071169365934,0.015376845201888381,0.06493506493506493,-0.8808067149370462,-189.04851830285983,-68.21676208194984,8000.0,-20.432783762106844,-21.70756928322769,-5.169092674758701
xtts_v2,6.166,-19.313074657451914,-0.08115734943719047,0.10569105691056911,-6.04155442358309,-186.76154549615777,-80.35434711018742,8000.0,-9.044390605629246,-6.622274468656691,-5.353045918732803
xtts_v2,7.659375,-17.1238705174526,0.0427026095058728,0.0693717277486911,3.0945568163076427,-189.15218059833418,-61.10157271726951,8000.0,-22.403919616318834,-13.875714662877883,-4.513120647091114
xtts_v2,14.4326875,-21.02706946260696,0.1482007383819785,0.03816793893129771,-3.3036091198736024,-186.39309564054855,-46.169961669339564,8000.0,-8.6214021151617,-3.6596312907531896,-1.0790146579084023
xtts_v2,8.395375,-16.783544082203683,-0.02314605488443388,0.0477326968973747,-12.703274923261873,-189.7666957303591,-58.27001959796847,8000.0,-17.031926803996967,-12.414647356972964,-4.632959124032425
xtts_v2,11.275375,-15.082736370642513,-0.11776538075751951,0.06394316163410302,-1.2418080123805204,-190.85231354319396,-37.100348618488276,8000.0,-18.52892219664213,-4.779330440289158,-2.3677565846183555
xtts_v2,6.539375,-15.583709816825063,0.0007538989998586548,0.07975460122699386,-6.403741372820743,-190.94597902194414,-51.36864353905723,8000.0,-12.316674199708899,-8.431518717444433,-3.9465241536802935
xtts_v2,10.1126875,-17.220919578712703,-0.0004872991851870682,0.05550049554013875,-2.787407498874911,-189.16358257438742,-44.06727463041456,8000.0,-19.905148374980083,-14.707971567957095,-4.10847681350625
xtts_v2,11.094,-17.482407064312827,-0.028997815028687438,0.04607046070460705,-4.5936705105646976,-189.2122508048824,-44.420498221966795,8000.0,-19.09485535606935,-11.583198318592018,-4.913452917806126
xtts_v2,9.462,-16.21767044102038,0.007941375006525468,0.0815677966101695,-1.521608494891625,-190.28316330189202,-53.54363778138954,8000.0,-17.14360809511042,-9.973089935143676,-4.821732507044096
xtts_v2,5.0566875,-19.209186843793965,-0.015540786486821823,0.10119047619047619,-7.736100264079237,-187.51230088341654,-86.08426878311276,8000.0,-8.922742821196543,-7.158051867596022,-7.408532717660073
xtts_v2,7.051375,-18.069375199452832,-0.04824059893281927,0.07823613086770982,-10.513841245872058,-188.9762089929658,-39.26065402460182,8000.0,-6.900691833905512,-1.6035582595109261,-1.135415124327345
xtts_v2,9.558,-17.45162420430567,0.08395804299323423,0.057651991614255764,-6.98804853093681,-189.5134173424858,-49.25906766837901,8000.0,-23.97571191086381,-21.5067899344208,-4.500780447947491
xtts_v2,8.8646875,-17.833405757475976,-0.02202306837274159,0.06334841628959276,-4.6277513712293015,-189.68763228036403,-64.52569379026332,8000.0,-22.4049967792642,-19.111594399186558,-4.703728453077204
xtts_v2,11.094,-15.758156518424947,-0.005576649082784497,0.04968383017163505,-1.5753474908581495,-190.38810507099194,-35.45212544109504,8000.0,-23.262261945227383,-6.64303670417447,-2.483779038217669
xtts_v2,7.4246875,-17.178169044641486,-0.06486767364521816,0.07297297297297298,-1.3395456456736774,-189.41194854245356,-64.58482054180647,8000.0,-16.36831100011922,-10.813201087126082,-3.372703079539477
xtts_v2,5.707375,-16.948111551893383,-0.016990873707438896,0.10017574692442882,-4.143139205280972,-189.24558611668354,-67.10032785954749,8000.0,-10.210086017764315,-4.337221479144553,-4.075054646146938
xtts_v2,6.4006875,-14.516240950475412,0.04061520410306375,0.0877742946708464,0.04101149069719945,-190.81045107473722,-33.34676578709758,8000.0,-21.645263301335454,-10.437751050766295,-1.4424960039555828
xtts_v2,5.707375,-18.344677244790105,-0.016299478249358432,0.0913884007029877,-2.20984737783885,-187.87575520996796,-68.33786525595278,8000.0,-10.459242961496813,-11.152508255960413,-6.359269883404231
xtts_v2,12.811375,-15.638884827312353,-0.0003551208665860361,0.04300234558248632,-5.53166133258688,-190.50743086630183,-35.59521713174306,8000.0,-19.76100729721899,0.4450426658055662,-1.7109228147653255
xtts_v2,8.8646875,-16.78055828473889,-0.004369153068666158,0.05995475113122172,-9.10657768759671,-189.51384311651975,-47.51108792219261,8000.0,-22.63210359009011,-17.03851706483548,-3.635818626785877
xtts_v2,12.203375,-17.758249289853133,0.007455924292677714,0.04351395730706076,-4.109407621440836,-188.75010695170025,-45.305698108662334,8000.0,-22.775984848600707,-20.063610735498017,-4.905931425562926
xtts_v2,7.147375,-14.732583906763912,0.01090284196657989,0.07713884992987377,-1.0988274045099509,-191.57403481546905,-36.66917055704041,8000.0,-18.05860920859275,0.3591526522783255,-2.05607629176707
xtts_v2,6.027375,-18.712245914997073,-0.11833887036244702,0.07986688851913477,-8.697923920719445,-187.45289700573218,-63.46649710971135,8000.0,-11.240427617557778,-10.137712418756749,-6.653118948329478
xtts_v2,9.175375,-16.90563590167271,-0.022427319238779317,0.17576419213973798,-3.5746199481921703,-188.85374952976406,-188.85374952976406,8000.0,-23.204861397799327,-15.800442971527573,-3.308035815131575
xtts_v2,8.898,-17.592906550341233,-0.08272469711790265,0.17905405405405406,-2.975156543145486,-189.74818449313216,-189.74818449313216,8000.0,-22.57788436849836,-20.917775849130543,-4.572384858279278
xtts_v2,7.7446875,-18.419114367450128,0.03680499500215878,0.06476683937823834,-8.39613015840243,-188.21517009276272,-60.44423022575274,8000.0,-8.681714369017513,-6.52138913503309,-6.30585356765247
xtts_v2,6.5926875,-17.16737229888448,-0.03410328175107852,0.0791476407914764,-3.2445157053873093,-188.87473286812013,-69.10402877608831,8000.0,-16.677867058631243,-14.00818992740043,-3.528826813541869
xtts_v2,17.59,-18.89876781136057,0.011707102029201413,0.030734206033010813,-3.41149582341213,-187.6932066619437,-47.36792478125449,8000.0,-18.321529015539472,-12.560181373105124,-5.301380907528866
xtts_v2,6.219375,-17.572264312437003,-0.09057170987255765,0.08387096774193549,-9.835394531081452,-188.82943757454734,-69.68020323194558,8000.0,-9.488988169152407,-6.192018708812469,-5.411972947991416
xtts_v2,8.491375,-16.850691377814865,0.014318116785233967,0.06375442739079103,-1.9316681670292617,-189.70493826368676,-51.055845649432044,8000.0,-9.735330030390124,-5.229489052734074,-3.8535525203429444
xtts_v2,10.7206875,-17.603757695327705,-0.031249547771413512,0.04953271028037383,-25.367816983743673,-188.9767932536696,-54.273407339003434,8000.0,-17.08611150681824,-16.36065257252583,-5.155075837856401
xtts_v2,6.0806875,-16.817890741274937,0.00244360352407027,0.09075907590759076,-7.909738438351438,-190.2731341993002,-75.41511611481106,8000.0,-22.31345830592908,-22.729447288144904,-5.413841838515083
xtts_v2,8.0326875,-16.47417488213697,-0.002736086444399505,0.07365792759051186,-6.6043600812293946,-190.10784795408838,-35.81131025791214,8000.0,-19.06577984219175,-9.527745954517265,-5.9732531796186095
xtts_v2,6.731375,-15.426735813039196,-0.06557315002654268,0.07749627421758569,-8.204611376295311,-190.12034456115882,-37.29235076828738,8000.0,-19.9953248694437,-9.64026071963913,-1.975019172292889
xtts_v2,9.003375,-20.31240663917587,0.011661226469652584,0.060133630289532294,-5.596351185829544,-186.14054451354988,-39.03457746123131,8000.0,-6.135028066944869,-3.94596777252643,-2.0064698913325927
xtts_v2,9.099375,-17.450378890423263,-0.001013493860245028,0.053964757709251104,-9.966492547143206,-189.467627629853,-57.977232230501286,8000.0,-16.16804345002787,-13.939521169065841,-4.408991710537869
xtts_v2,8.214,-16.963560568477497,-0.025857465216061984,0.07203907203907203,-1.9555211974463145,-190.505303770771,-70.5228068202711,8000.0,-22.767199261145105,-17.014909418278748,-3.600769032290927
xtts_v2,7.243375,-17.073463580529676,-0.08711238138817427,0.07340720221606649,-8.709512781096993,-189.39340020834734,-53.11220303267599,8000.0,-20.01675922761668,-13.359667166647341,-4.472236461759479
xtts_v2,5.5686875,-15.827876219677716,0.017468750354706686,0.0972972972972973,-4.518930936968298,-190.41250770867327,-46.117615375000845,8000.0,-16.239987064230828,-6.97058820930129,-2.1661254383837516
xtts_v2,8.534,-19.54201421359309,-0.13986483817025638,0.06345475910693302,-8.959933184784651,-185.84437135649395,-47.46998458953344,8000.0,-22.384166049664564,-23.505630063092745,-4.20226509511383
xtts_v2,7.382,-17.055243182099378,0.016625273115673897,0.06793478260869565,-6.357014117236638,-189.28535838274018,-68.60644160501698,8000.0,-18.622360788662615,-13.82785819834286,-2.697061859998229
xtts_v2,7.051375,-17.27743849018095,-0.02633062581401963,0.06970128022759602,-4.492667113719419,-189.10165873584359,-55.51910041898964,8000.0,-17.631967675486187,-12.720410174516175,-3.9662725387820146
xtts_v2,9.2806875,-14.470705416411715,-0.003084750644391701,0.058315334773218146,-10.896193662484027,-191.3460453606095,-31.372578831934266,8000.0,-22.96431514509665,-5.232566496581185,-2.9282417329011707
xtts_v2,6.955375,-17.01577981102869,-0.051885486924171116,0.07060518731988473,-4.020504060613794,-189.172231370567,-52.006442054476494,8000.0,-12.985724709496271,-8.514263576216749,-3.7307307750493663
xtts_v2,8.171375,-17.700941186702345,0.0054990238654978665,0.06625766871165645,-11.275884061380143,-188.8115496005745,-64.69077963213624,8000.0,-14.937249490697702,-14.800059646973821,-3.1445441453750362
xtts_v2,9.974,-14.979179758382603,-0.006502652210962854,0.054271356783919596,-8.565593365652148,-190.69194024615456,-31.664644351912624,8000.0,-18.283706666574183,-6.163001513117592,-1.695709331291205
xtts_v2,5.75,-16.28173572571272,-0.0016220037249100113,0.09424083769633508,-5.228694031254729,-190.0653014265307,-33.31799364699844,8000.0,-22.892622451008766,-15.752297249857108,-6.136112931759442
xtts_v2,6.539375,-19.84225007796428,-0.05143481088843337,0.0843558282208589,-3.4776236181082023,-185.88976099520258,-46.688213361049755,8000.0,-21.722234476377395,-23.201871588738506,-4.784516227826828
xtts_v2,6.8166875,-18.294708349792934,-0.005879237533741822,0.06470588235294118,-9.945622136419951,-188.38973494102035,-71.57820281871444,8000.0,-22.825661033677964,-22.30976479611705,-4.540296514555763
xtts_v2,11.051375,-17.422699557148917,-0.052034348524044725,0.050770625566636446,-2.851044297589066,-188.70204025475027,-46.71017456028081,8000.0,-19.778816395419078,-13.173831940263568,-4.167449970507512
xtts_v2,11.5526875,-17.983727601758517,-0.030052721854527186,0.046834345186470075,-8.287602284454904,-188.24025269227084,-48.45899613381603,8000.0,-23.79605660612526,-22.084919538610308,-4.202366289859981
xtts_v2,5.5686875,-16.160855103698346,0.005513859759268603,0.1009009009009009,-3.8426212421339176,-190.68542076930663,-80.81946010071346,8000.0,-23.80202456629865,-15.926784894759727,-4.32723540434219
xtts_v2,10.166,-15.701413611587737,0.02780416155538379,0.05517241379310345,-15.038423178335275,-190.38620166744624,-34.80251754078793,8000.0,-20.303705311180607,-1.844075108705212,-3.0351336299209493
xtts_v2,8.491375,-16.51934561866537,-0.05672284274184984,0.06257378984651712,-1.6315150431203982,-189.7127232602477,-53.29911976705037,8000.0,-11.4032299350207,-8.380889861678412,-3.057161970223234
xtts_v2,10.2086875,-17.718231803654895,-0.037114109880027675,0.053974484789008834,-2.716715142497895,-188.74021924870908,-46.07654163900316,8000.0,-14.329831666464706,-11.83274494541164,-3.6845490484089467
xtts_v2,8.171375,-19.317431742997414,-0.06019190314217256,0.08220858895705521,-10.963455464319605,-187.2342148730997,-63.010457427029465,8000.0,-9.537694223601232,-8.194485956938216,-6.36362112416937
xtts_v2,5.291375,-16.561292140607648,-0.044953375495709005,0.10436432637571158,-2.5125544928833445,-189.85289953747645,-104.07882244926765,8000.0,-25.514677600953586,-15.430868472501018,-4.078855228176707
xtts_v2,6.166,-16.890873669656234,0.018069712343975045,0.08943089430894309,-5.059852113818945,-189.2036844680665,-61.02197867577796,8000.0,-21.36767660588583,-15.087564435899758,-4.654390944967403
xtts_v2,6.219375,-18.203810529567484,-0.11052592888205992,0.08548387096774193,-7.057857381931475,-188.4461985623468,-58.6746055262553,8000.0,-11.19578218837897,-11.381251995513395,-6.231448019098451
xtts_v2,6.87,-19.210279461433586,-0.05455946350697475,0.08321167883211679,-7.792390565649429,-187.34552421923863,-50.823948103644284,8000.0,-8.22911439369642,-7.511379284510106,-6.523460287698491
xtts_v2,6.635375,-14.511936632029936,0.07748008122323438,0.08459214501510574,-1.646232685972799,-192.27755634574098,-36.29130110521604,8000.0,-21.253950886702007,-4.050328890144996,-3.9121515334067993
xtts_v2,10.347375,-14.154301200250703,-0.01987201301182271,0.05227492739593417,-3.0385906384988006,-192.06910336904755,-34.85578018323748,8000.0,-24.250390588921434,-0.0435055543474121,-2.736180866849523
xtts_v2,8.395375,-17.443455819091785,-0.0037455132347270163,0.057279236276849645,-4.314582737307724,-188.85212926280224,-59.19290526031892,8000.0,-19.327281493639042,-14.037701207173868,-4.329848218135041
your_tts,10.673,-14.692309933215533,-0.0002650763516936566,0.056338028169014086,-14.304378272359978,-190.52034110311428,-41.213709809403746,8000.0,-11.089602603047918,3.2951631589084442,-6.200766923066517
your_tts,13.105,-20.125602955951436,-0.0002650763516936566,0.04660045836516425,-12.304164057643137,-186.01152002037745,-59.66922107127386,8000.0,-23.333342476128095,-8.16019968200306,-4.494298327616761
your_tts,12.561,-18.57684510694742,-0.0002650763516936566,0.04784688995215311,-24.686582279859167,-187.2602873649089,-45.946568903989615,8000.0,-23.801573289102315,-14.556120475769326,-7.091840865472818
your_tts,8.081,-15.845180765589632,-0.0005301608019318732,0.07444168734491315,-20.084987902474964,-189.48086033985393,-42.34518841119996,8000.0,-9.592898357826186,2.7876827178117125,-5.639559131170117
your_tts,9.217,-17.35368522608605,-0.0002650763516936566,0.06521739130434782,-9.723308099268625,-188.20862075456475,-53.746523537068484,8000.0,-13.241746400165201,-2.2396234881616905,-7.489427608791708
your_tts,8.209,-19.46664488380182,-0.0002650763516936566,0.07326007326007326,-10.81843520170437,-186.13129668664953,-58.79860912354124,8000.0,-15.70641107915862,-10.227450940036235,-6.024167990777727
your_tts,7.249,-19.85830483275035,-0.0002650763516936566,0.08298755186721991,-14.23127606776606,-186.21809947913744,-64.33964306402359,8000.0,-21.76455813089856,-6.857260184675269,-4.338189062157284
your_tts,6.913,-14.547927352554806,-0.0002650763516936566,0.08708272859216255,-17.38587990719497,-190.39204272166404,-43.3092086632955,8000.0,-11.845801661118998,8.043655644757713,-5.216228503884487
your_tts,8.849,-19.850714088927486,-0.0002650763516936566,0.06795016987542468,-17.29310909271976,-186.88023131679438,-60.828430362161846,8000.0,-10.605500046703085,-8.112870376551655,-6.858880536527515
your_tts,12.737,-17.417722537808668,-0.0002650763516936566,0.04716981132075472,-24.298843832248878,-187.2814987520918,-40.35692806293412,8000.0,-12.865801898460983,-2.112350010947509,-6.928184391634318
your_tts,5.777,-19.24520183476643,-0.0002650763516936566,0.10416666666666667,-8.955446768063894,-187.5511777387852,-187.5511777387852,8000.0,-16.374829911790414,-2.151432362071283,-5.967592027440389
your_tts,5.905,-16.509789991515092,-0.0002650763516936566,0.1035653650254669,-13.315841090348428,-189.36339151488698,-189.36339151488698,8000.0,-19.407718364987982,-7.855228918175754,-5.308018508601187
your_tts,9.153,-16.569299967172437,-0.0002650763516936566,0.06571741511500548,-16.133541737319987,-188.72268254972948,-44.05064719291088,8000.0,-11.98599940675959,3.3298906742519208,-6.200527291350433
your_tts,5.873,-16.084870437220793,-0.0002650763516936566,0.10256410256410256,-17.761224509638218,-189.21083584536578,-189.21083584536578,8000.0,-19.723214739898026,-9.122302396819109,-7.13537246821204
your_tts,10.497,-17.33198357645534,-0.0002650763516936566,0.05725190839694656,-25.657743077546648,-188.52947286510337,-55.76562263836302,8000.0,-13.291613751033104,-4.386519833916694,-7.927638898478385
your_tts,9.473,-19.948416165126567,-0.0002650763516936566,0.06349206349206349,-7.3935379990599035,-186.53328293824742,-58.16258415520479,8000.0,-13.486229240083915,-9.119701735524458,-6.435808681491821
your_tts,5.697,-19.841652134629037,-0.0002650763516936566,0.1056338028169014,-10.840545592713397,-186.26470141049037,-186.26470141049037,8000.0,-22.512170122313755,-9.890622934307515,-4.423564504551564
your_tts,11.169,-20.357999393169827,-0.0002650763516936566,0.053811659192825115,-35.95464712277696,-185.55572804360418,-59.76948486009648,8000.0,-11.950141769845288,-8.022662625540633,-6.93619871099812
your_tts,7.745,-20.6978497386496,-0.0002650763516936566,0.07891332470892626,-11.143564216726663,-185.74893760338458,-65.85919829044602,8000.0,-22.00689058236579,-8.304826097939461,-5.382177797137288
your_tts,7.345,-19.05504776586717,-0.0002650763516936566,0.08321964529331514,-20.514777781897365,-187.03843727411152,-63.70183610912085,8000.0,-10.677513683497153,-7.002345778495226,-7.275282268255431
your_tts,7.473,-18.947187215494363,-0.0002650763516936566,0.08053691275167785,-22.280437010850516,-187.49091664272376,-51.36527342717234,8000.0,-12.976273916107502,-3.4165988191244168,-4.516216420386883
your_tts,8.001,-19.91838033939092,-0.0002650763516936566,0.07518796992481203,-15.036935434334332,-186.20225970781092,-53.31789076397932,8000.0,-11.89950643321746,-8.171560964947503,-7.047477836111362
your_tts,6.417,-20.11589665716825,-0.0002650763516936566,0.09375,-9.285594031678684,-186.40864892266396,-55.9646870462922,8000.0,-13.341488267899926,-4.2867834590295715,-5.293797551841664
your_tts,9.153,-19.373374726039128,-0.0002650763516936566,0.06571741511500548,-23.471955654582278,-187.7266454162993,-63.22479996118261,8000.0,-18.361561780186534,-6.523757532113194,-6.39740838853546
your_tts,11.329,-18.289511247949903,-0.0002650763516936566,0.05305039787798409,-23.0307542754704,-187.74311596800814,-46.277435070420935,8000.0,-22.00636015245489,-16.512571515109997,-7.2995135500486015
your_tts,6.561,-20.659300366657504,-0.0002650763516936566,0.09174311926605505,-18.249248937872125,-185.6463947944216,-50.503495373574864,8000.0,-10.880450429555133,-5.530282182247944,-5.242430696457575
your_tts,9.985,-18.759684448464384,-0.0002650763516936566,0.06118355065195587,-18.059810904422783,-187.33278525530537,-45.7374918974416,8000.0,-21.527258049874085,-17.296349224614673,-7.6146957564745605
your_tts,8.897,-19.670197813432864,-0.0002650763516936566,0.06756756756756757,-18.17610349346689,-186.17344261790885,-47.849867489768414,8000.0,-7.243277362287493,-2.173176919011979,-6.080024396054114
your_tts,7.953,-16.95875329622834,-0.0002650763516936566,0.07566204287515763,-15.638656587914763,-188.61833463689186,-54.754569758315114,8000.0,-11.883742766463506,-0.9931317549458498,-6.9845872580181165
your_tts,6.273,-15.497191566406638,-0.0002650763516936566,0.096,-16.837405458758198,-190.0904740370294,-58.974721705126136,8000.0,-23.42071696976494,-12.14489584836673,-6.688181114232258
your_tts,7.377,-18.86911153471918,-0.0002650763516936566,0.08152173913043478,-15.14938516230624,-188.16195208390874,-62.88191599145789,8000.0,-14.850123918102508,-9.047144518768661,-6.143014048322037
your_tts,10.145,-17.487182260898766,-0.0002650763516936566,0.060217176702862786,-24.72059697109736,-188.3531522574787,-46.7146064808537,8000.0,-23.607704659771677,-17.422828520893447,-7.752203607922183
your_tts,9.201,-17.7526323301259,-0.0005301608019318732,0.06535947712418301,-15.250677064219504,-188.76004791878808,-56.43481112882464,8000.0,-11.506364906797327,-2.9361073978661665,-7.046444077291035
your_tts,6.961,-16.77406730273869,-0.0002650763516936566,0.08645533141210375,-13.74144908655305,-188.55288639296225,-42.3246340589012,8000.0,-14.433483427472144,6.961638271390662,-6.1919397001478345
your_tts,7.025,-17.784584977914793,-0.0002650763516936566,0.08701854493580599,-29.309599239337256,-188.81697338503554,-50.36447231646139,8000.0,-22.522798299447288,-19.42936105714547,-7.979683352295893
your_tts,10.145,-18.466058478005834,-0.0002650763516936566,0.060217176702862786,-9.902583839745386,-188.23618478959446,-60.10641599773915,8000.0,-15.481722289313602,-9.791923771571838,-7.7709133946843565
your_tts,14.401,-16.266193932610843,-0.0005301608019318732,0.04172461752433936,-13.5041252505788,-188.80821470791736,-40.88250468736738,8000.0,-11.30353876900164,2.0033016884496817,-6.054630665320779
your_tts,10.467,-14.808442825182045,-0.0002650763516936566,0.1722488038277512,-19.78265690557989,-191.87901895862268,-191.87901895862268,8000.0,-18.837722483280025,2.683388677623533,-4.509356886169982
your_tts,6.001,-16.980104880290398,-0.0002650763516936566,0.10033444816053512,-13.246025521840838,-188.56667391559745,-98.36844029509078,8000.0,-22.3113577876357,-11.003422984501675,-5.622301176356771
your_tts,10.129,-18.270801362646722,-0.0002650763516936566,0.05934718100890208,-18.80382146267813,-187.4093867807312,-51.94111281923356,8000.0,-11.210598903279283,-3.4132469572089406,-7.936664690018155
your_tts,5.665,-18.006590492532734,-0.0002650763516936566,0.1079646017699115,-21.798726581737867,-188.01748718501008,-188.01748718501008,8000.0,-20.363495159361378,-9.088872704759005,-6.422702270464455
your_tts,8.307,-19.080805749617568,-0.0002650763516936566,0.21712907117008443,-14.973476080739736,-187.84195357291065,-187.84195357291065,8000.0,-19.447247977126352,-7.167014496716604,-5.366428774970736
your_tts,7.329,-17.41179536046524,-0.0002650763516936566,0.08207934336525308,-18.50059195115494,-188.87035359869702,-48.48571504597179,8000.0,-22.600020294584507,-16.807419702479358,-7.252542296780916
your_tts,9.809,-19.814794589130294,-0.0002650763516936566,0.06128702757916241,-9.042335146623223,-186.2807711614319,-56.10224559932875,8000.0,-11.291365158308011,-8.741220249524176,-7.196225825636269
your_tts,7.793,-19.837215020297638,-0.0005301608019318732,0.07722007722007722,-14.11902503457675,-187.13167210988163,-60.67454322877102,8000.0,-18.718301117071398,-13.390217240157241,-6.279104299184837
your_tts,9.521,-14.969881121878164,-0.0002650763516936566,0.06315789473684211,-11.86888975965223,-189.90588819503654,-41.82899687891641,8000.0,-11.346487078139901,-6.777063822706474,-6.88656996177297
your_tts,7.105,-20.14867243199955,-0.0002650763516936566,0.08603667136812412,-10.666397270067748,-185.527790812559,-61.05414139741766,8000.0,-17.134555702424365,-10.75833607600837,-6.824126190539275
your_tts,12.849,-21.087479496440757,-0.0002650763516936566,0.04676539360872954,-18.348981581973206,-185.17259366340005,-63.60714855134556,8000.0,-23.998505089775072,-6.996920250389252,-3.6756235991072828
your_tts,8.081,-20.353503223746262,-0.0002650763516936566,0.07444168734491315,-14.305709851612365,-185.99368271762933,-56.97696046954604,8000.0,-12.473139620128151,-12.692496808906434,-8.67913297724673
your_tts,12.481,-14.181245334319115,-0.0002650763516936566,0.048154093097913325,-22.708359200819373,-191.81082361322734,-40.20969847616069,8000.0,-16.04163745416467,-5.468279128362099,-5.824583505801563
your_tts,7.553,-19.973145815168685,-0.0002650763516936566,0.0796812749003984,-16.83251367304601,-186.36373984316313,-61.17939226556961,8000.0,-13.226411201465297,-9.90422522422974,-6.489743345038704
your_tts,7.553,-20.207217860515016,-0.0002650763516936566,0.0796812749003984,-10.379299554679015,-186.34780965035114,-59.924355792272706,8000.0,-13.599809020484095,-12.535152294927343,-6.873476308634125
your_tts,15.521,-15.434790578861833,-0.0002650763516936566,0.03870967741935484,-24.4654523087149,-190.56832157544102,-38.95837910125101,8000.0,-19.001396368390697,1.6106762792140756,-4.206121244625507
your_tts,13.041,-20.2723269178373,-0.0002650763516936566,0.04608294930875576,-12.257195672834628,-186.0960918524229,-63.127134120710714,8000.0,-20.759601467231356,-5.753706212808282,-4.98549450104516
your_tts,15.649,-14.831915663641123,-0.0002650763516936566,0.03838771593090211,-24.945901358878004,-191.55168354910967,-40.18678470015136,8000.0,-19.88011885877201,2.6331542399577046,-2.9710243328771924
your_tts,7.841,-21.516163268498826,-0.0002650763516936566,0.07672634271099744,-9.824404406273713,-184.3008457677396,-48.08943263596553,8000.0,-9.311251380565764,-4.468699511229069,-5.3591405782159
your_tts,9.233,-19.72146431985745,-0.0002650763516936566,0.06514657980456026,-14.680909114600762,-187.23683803771266,-60.317236149986556,8000.0,-13.823387622100423,-12.987607346258521,-8.074265985894172
your_tts,6.801,-18.911519166230065,-0.0002650763516936566,0.08849557522123894,-14.470500143774851,-187.66448223178475,-58.93880786732908,8000.0,-13.267529672252202,-3.5607863877467665,-5.544279004875108
your_tts,8.129,-19.464909965603837,-0.0002650763516936566,0.07398273736128237,-30.24801993871349,-187.07396725100054,-60.294721840042364,8000.0,-15.674015162337117,-1.7871813467209137,-6.163337888346128
your_tts,12.129,-20.781432367889572,-0.0002650763516936566,0.0495458298926507,-17.757338842663657,-185.0184608034702,-48.64026984751525,8000.0,-10.135231820829858,-2.6793581921293352,-4.02848865946946
your_tts,9.969,-19.660033712942212,-0.0002650763516936566,0.06030150753768844,-19.885588828953654,-187.17197793403528,-60.54525672155303,8000.0,-16.240021150739807,-10.113098319766202,-7.240213605931629
your_tts,13.201,-15.564453876202041,-0.0002650763516936566,0.04552352048558422,-20.454122340705133,-189.5699935131881,-44.81111676092096,8000.0,-14.689861125764665,-0.5563490294407458,-6.039351707874289
your_tts,6.433,-17.836927150839173,-0.0002650763516936566,0.093603744149766,-14.839566642929103,-188.66839405856453,-59.46997255376401,8000.0,-15.012508085595954,-5.613801803405522,-7.2189801108482
your_tts,13.073,-20.98685193296978,-0.0002650763516936566,0.04597701149425287,-14.98433929848324,-185.48847693260112,-59.659178450406586,8000.0,-22.035372469988246,-7.837560243651552,-4.564387735433627
your_tts,13.889,-20.508726975435412,-0.0002650763516936566,0.043258832011535686,-12.099434389336492,-185.91530385977214,-65.19895130892449,8000.0,-21.22381005150723,-6.367811387822705,-4.748948974182696
your_tts,10.929,-18.264683548959514,-0.0002650763516936566,0.054995417048579284,-32.28469319394267,-188.25357001169297,-55.26360906742569,8000.0,-16.881722591207502,-3.6560856695706434,-6.295671820784719
your_tts,5.105,-18.958821958675948,-0.0002650763516936566,0.11984282907662082,-26.06284357571959,-187.53187430809717,-187.53187430809717,8000.0,-13.47574610815747,-3.619867617636203,-5.439306066821075
your_tts,8.337,-18.42376914530743,-0.0002650763516936566,0.07211538461538461,-13.420637231088806,-187.40539576433363,-47.034505674413616,8000.0,-8.829015687451125,0.06753718207740178,-4.790196776723448
your_tts,9.889,-17.578111646190727,-0.0002650763516936566,0.060790273556231005,-25.933510814473305,-189.0205240617804,-47.214749707967314,8000.0,-24.09045652621863,-17.96317285121649,-7.565881259796612
your_tts,12.241,-20.00199115763868,-0.0002650763516936566,0.049099836333878884,-32.94412975020771,-187.28760479638922,-61.95189636461194,8000.0,-15.761161799442931,-8.421452114453594,-7.062450112112138
your_tts,11.249,-13.958349888242514,-0.0002650763516936566,0.053428317008014245,-14.210936150434241,-191.06914339183075,-37.716179153632126,8000.0,-18.54091218900099,-3.3869855126963486,-4.670855271484058
your_tts,7.905,-18.170708774214678,-0.0002650763516936566,0.07731305449936629,-8.16500141757464,-188.48895404402447,-62.60467225232947,8000.0,-15.329869918988951,-8.812683505376455,-5.6586485561809425
your_tts,5.729,-17.985200747310913,-0.0002650763516936566,0.10507880910683012,-14.844043706274828,-187.75456816175338,-187.75456816175338,8000.0,-10.582054982693155,-0.9442841556766979,-7.090811079730287
your_tts,7.201,-14.877278337692099,-0.0002650763516936566,0.08356545961002786,-23.758441111553203,-189.74637582718188,-40.705703643074344,8000.0,-14.833994323580939,-5.054798645055911,-6.216095917178102
your_tts,6.609,-20.59577526872038,-0.0002650763516936566,0.09104704097116843,-21.549928050016163,-186.38556289911912,-59.426676114088835,8000.0,-13.387402874995608,-5.588574485029653,-6.8080871387079895
your_tts,12.305,-16.025389234602084,-0.0002650763516936566,0.04963384865744508,-23.626324839961065,-189.06325347637863,-41.79947583911068,8000.0,-12.52895809136437,7.6368170862278575,-6.17746546663119
your_tts,10.529,-20.21993930883228,-0.0005301608019318732,0.05708848715509039,-19.091622873018544,-186.2344301887324,-64.75222159183069,8000.0,-23.948947879985226,-9.158588458614595,-5.291482459755514
your_tts,15.761,-18.929616160323118,-0.0002650763516936566,0.03811944091486658,-24.428436080812247,-187.327820268356,-47.59975080054512,8000.0,-23.441027353399743,-15.952747177101124,-6.225926262942849
your_tts,8.273,-14.94566552945406,-0.0005301608019318732,0.07272727272727272,-15.12900102409789,-190.62757471282006,-43.96174893759961,8000.0,-13.992113766603829,6.155641622729341,-6.258587309157022
your_tts,5.393,-19.438273428913156,-0.0002650763516936566,0.11173184357541899,-22.145836457112075,-187.93107501511247,-187.93107501511247,8000.0,-14.56602246733187,-6.842762919399014,-6.3722968209800825
your_tts,8.819,-19.673907573121554,-0.0002650763516936566,0.20454545454545456,-16.773180974746488,-186.60088356549346,-186.60088356549346,8000.0,-24.100512714044275,-8.02713373755521,-4.5600298455188835
your_tts,9.315,-18.43342777736256,-0.0002650763516936566,0.1956989247311828,-16.509218470943004,-188.41036433758816,-188.41036433758816,8000.0,-18.01663780248713,-6.963306871427278,-6.319007714693001
your_tts,7.777,-18.26789090281132,-0.0002650763516936566,0.07731958762886598,-12.223261109717686,-188.5760455912212,-58.27498215458458,8000.0,-11.25431309206672,-0.6114190659041512,-6.4228860351626835
your_tts,8.193,-19.606767952057766,-0.0002650763516936566,0.07343941248470012,-20.220193242353925,-186.8467095597203,-62.21137486169118,8000.0,-15.766322072338902,-11.740365856307491,-6.446310645109804
your_tts,17.201,-17.732748447383532,-0.0002650763516936566,0.034924330616996506,-23.118678169358,-188.50324459900006,-46.49171019837846,8000.0,-21.842190562776377,-12.359087243773587,-7.298703038195093
your_tts,6.897,-19.92140588421912,-0.0005301608019318732,0.0872093023255814,-19.70417757562612,-186.236101159068,-56.60079445492697,8000.0,-12.160601760594808,-6.169511727143522,-6.630153737085244
your_tts,9.281,-17.681084511526265,-0.0002650763516936566,0.06479481641468683,-16.512074466201444,-188.61915526459666,-54.40871773532727,8000.0,-9.555085793550397,-0.9612453992633263,-7.2960765333326165
your_tts,13.537,-19.437047847576387,-0.0002650763516936566,0.04437869822485207,-17.580667914050302,-187.09323838511946,-62.65509028521778,8000.0,-13.966545879026587,-9.836932427893473,-7.12248267714854
your_tts,7.841,-19.75416940686638,-0.0002650763516936566,0.07672634271099744,-30.249192504518355,-186.82582512786286,-62.09038917675867,8000.0,-17.328871146388657,-14.807652695120176,-8.149333959276227
your_tts,7.313,-15.359673911743624,-0.0002650763516936566,0.0823045267489712,-17.631190464990674,-189.71871104261072,-52.36412277591041,8000.0,-19.204205163607813,-7.010540089261028,-5.907498316620469
your_tts,7.969,-16.02193941154952,-0.0002650763516936566,0.07547169811320754,-18.496794368858268,-189.22350869374705,-44.23561333317129,8000.0,-16.261459055014356,-5.600619780620832,-6.672230927776681
your_tts,11.313,-20.804348860143918,-0.0002650763516936566,0.053144375553587246,-15.847822786348095,-185.31527875886889,-47.763203525417964,8000.0,-9.58956429611191,-0.5920455335901522,-5.110400855870218
your_tts,9.137,-18.65789984867813,-0.0002650763516936566,0.06578947368421052,-6.924604326334833,-188.04890529936944,-63.47425656816245,8000.0,-19.06195834134982,-12.680183868495234,-5.90518081941989
your_tts,10.593,-20.088702285849898,-0.0002650763516936566,0.05676442762535478,-24.673106586790492,-187.01898799208098,-61.160513541022354,8000.0,-16.207601512696293,-7.632740915138008,-7.032550577162297
your_tts,8.017,-19.442218407537727,-0.0002650763516936566,0.075,-20.042155523247224,-186.96092275209713,-62.58160186268956,8000.0,-26.327514988714935,-9.362497658446664,-4.4386157750490725
your_tts,5.921,-16.125502463528797,-0.0002650763516936566,0.1016949152542373,-21.65510500917221,-189.66253850961795,-189.66253850961795,8000.0,-11.900254275226484,-1.853089291601691,-5.8247367041944145
your_tts,8.353,-17.893788583652228,-0.0005301608019318732,0.07202881152460984,-27.59754604706855,-187.693213607645,-46.81931856591976,8000.0,-22.920971150236387,-22.7629340957632,-8.559975093828612
your_tts,9.361,-19.860180155856796,-0.0002650763516936566,0.06423982869379015,-16.29403170155583,-186.97611770142163,-60.1088852169119,8000.0,-14.362148562459623,-6.859626701989043,-6.10094403261121
your_tts,8.241,-19.21562112682151,-0.0002650763516936566,0.072992700729927,-23.869541112927323,-187.14220208660862,-56.22598530234672,8000.0,-20.87492780566972,-6.782427262019681,-4.234765157795863
your_tts,11.249,-14.358989115516323,-0.0002650763516936566,0.053428317008014245,-18.417001929198975,-191.07822767457623,-36.674400270907384,8000.0,-17.067932032222007,0.6374344118665363,-4.509105227170011
your_tts,7.121,-19.43893194724201,-0.0002650763516936566,0.08450704225352113,-17.072330510427598,-186.53331673283367,-57.241046017854266,8000.0,-12.67812862329746,-2.1318806093450604,-6.72067750231551
your_tts,10.689,-20.382840542099817,-0.0002650763516936566,0.056232427366447985,-25.865584270800788,-186.00418013596158,-63.29859322797976,8000.0,-11.910236795133613,-9.669242099292987,-6.320975881259763
your_tts,11.489,-15.880864878307428,-0.0002650763516936566,0.05231037489102005,-12.402273178345789,-189.10056879021138,-42.721169601362014,8000.0,-13.06409986330484,-0.6789718346502056,-6.5441185110363875
your_tts,5.921,-15.709582841678287,-0.0002650763516936566,0.1016949152542373,-6.56865643386446,-189.8504669536567,-189.8504669536567,8000.0,-23.147122992066166,-11.96799067566294,-6.388556764818091
your_tts,8.081,-18.76836429158657,-0.0002650763516936566,0.07444168734491315,-22.405021828817915,-187.68877594610774,-47.57672233049768,8000.0,-23.09049086518559,-19.270937777537284,-7.332442227704149
your_tts,6.609,-19.889525377446148,-0.0002650763516936566,0.09104704097116843,-22.558289270814846,-186.1931175825174,-61.92486654820245,8000.0,-19.626614522138244,-8.99627425048017,-5.768630641914498
your_tts,14.913,-19.43767642236279,-0.0002650763516936566,0.040295500335795834,-12.022831394871291,-186.7614941361333,-61.14833698444367,8000.0,-21.870761540996085,-6.8251727810566365,-4.492186071155444
your_tts,10.785,-18.923346501352214,-0.0002650763516936566,0.056638811513463325,-19.19394680127344,-187.0283986184428,-46.1200331167339,8000.0,-23.465102791868667,-21.513618200803705,-7.639084736758377
your_tts,7.217,-20.290201946128864,-0.0002650763516936566,0.08333333333333333,-21.328592313417147,-186.7399953188313,-65.59246327144582,8000.0,-18.64671539492774,-8.25992458108125,-5.589159376939193
your_tts,10.609,-14.957684765233424,-0.0002650763516936566,0.056657223796033995,-14.761382409003593,-191.3233025292031,-40.65490146707629,8000.0,-17.107301569569124,1.0146978378037588,-3.6528980275374963
your_tts,9.505,-17.61036225702433,-0.0002650763516936566,0.0642781875658588,-14.000909247969538,-188.18806586371818,-55.62513587591744,8000.0,-10.126848096009361,-3.6551798774191724,-7.899942361107151
your_tts,11.825,-20.89629743311711,-0.0002650763516936566,0.05165114309906858,-10.903227809718661,-185.49099768515535,-54.19846362834332,8000.0,-14.255343042801123,-9.037306666532466,-6.330582748269485
your_tts,9.681,-18.44027235623596,-0.0002650763516936566,0.062111801242236024,-24.229193065287717,-188.29724318665572,-58.89513676380127,8000.0,-12.447952964654338,-2.895965336297273,-5.565756089253419
your_tts,6.017,-20.50290222470066,-0.0002650763516936566,0.1,-24.869769102448615,-185.36767034170288,-76.43961035989017,8000.0,-19.864841888181722,-5.7027693603270535,-5.40792794628053
your_tts,6.705,-18.893617249861908,-0.0002650763516936566,0.09118086696562033,-13.466336177827719,-187.77379160574864,-64.33393309914297,8000.0,-25.299239766960344,-10.78724361385521,-3.5451961117433086
your_tts,8.081,-20.157191568730394,-0.0002650763516936566,0.07444168734491315,-17.91179170495625,-186.80552005285062,-55.652953064115984,8000.0,-13.502800951873546,-4.3818255157228805,-5.518655872680441
your_tts,7.153,-19.705024422995837,-0.0002650763516936566,0.08415147265077139,-22.13065069345619,-187.07912424263066,-60.89840225783054,8000.0,-14.153838347860418,-3.5991437712608985,-6.240371807503067
your_tts,6.961,-14.768786109366765,-0.0005301608019318732,0.08645533141210375,-27.461481925790544,-191.40984443703167,-41.060206908138234,8000.0,-14.9950952887598,-4.7780802231919495,-5.393900415348689
your_tts,12.977,-16.36945849668131,-0.0002650763516936566,0.046296296296296294,-18.61513483732343,-189.76654466858002,-38.201763664293544,8000.0,-18.140788287057568,8.465745520446028,-3.8392690347691882
your_tts,11.025,-20.65394641884283,-0.0002650763516936566,0.055404178019981834,-15.005814467302214,-186.22588537173922,-65.67930268849167,8000.0,-22.12356147118576,-8.80398137884525,-4.966623630821665
TEST,3.0650625,-17.388233405457697,-0.0029162849792171352,0.0,-35.53960851968244,-17.057475453454995,-36.88598034551627,7421.875,-27.324693724035217,-25.31972055341867,-44.815331333034294
TEST,3.4598125,-19.076374203869875,8.686661818707667e-12,0.0,-33.10056498512461,-20.638561002259003,-32.861244529934524,7531.25,-22.32940643217384,-18.12217541665271,-36.027387188094096
TEST,4.2028125,-18.06724303688078,-0.12279721499973295,0.0,-29.36896522566629,-26.231235704800323,-26.112098542831273,7593.75,-15.939568078825168,-7.777152100031678,-40.57664813237054
TEST,3.041875,-19.202541417178548,-0.25909070093438596,0.0,-28.37288115732023,-30.395751958026906,-30.77824128475129,7531.25,-18.096877225269573,-18.093639816444586,-42.61258093197321
TEST,3.8313125,-18.267492749380555,-0.003976995056927497,0.0,-22.731579884908527,-21.94767887861112,-25.704689250465897,7562.5,-18.62264082811545,-2.3033444839388295,-40.28005544361852
TEST,3.7384375,-18.018531869417163,-0.010609369379315323,0.0,-27.963963884081206,-25.864462999612126,-26.555081659108,7562.5,-26.055311805993767,-10.80837657955204,-37.82718448348436
TEST,3.1115,-19.456484974559192,-0.45714303407105744,0.0,-37.41481895129055,-35.01129975779815,-36.693436442421685,7468.75,-17.848013721714032,-18.421796328142896,-45.64706697509841
TEST,3.1115,-15.412437002406069,-0.004242192817059735,0.0,-38.455776587725474,-37.27065500960519,-37.679047218098326,7500.0,-25.19532035931318,-17.173934051720522,-47.049299700578565
TEST,4.1099375,-19.00375334110591,-0.04278182970839591,0.0,-36.55473320024625,-17.619461527759785,-26.17039861895299,7531.25,-23.264092352740988,-22.142303758799898,-39.470327409126114
TEST,3.390125,-18.99166372724719,-0.004242192817059735,0.0,-24.527442889316024,-23.915983787691662,-29.247987922752525,7578.125,-12.546441020643773,-18.904959480552826,-45.25071168487171
TEST,4.275375,-17.57970275201446,-0.0002650763516936566,0.0,-34.82795754329253,-25.78118481534239,-37.72150342119383,7531.25,-27.076074163165316,-21.849789598541307,-40.65544073293292
TEST,3.3669375,-14.78272158837747,-0.0002650763516936566,0.0,-23.488678519673407,-20.825501960308927,-21.304565355991592,7500.0,-24.42070103351429,-21.727806635789342,-46.9731199302629
TEST,3.2740625,-16.528532922891987,-0.0002650763516936566,0.0,-29.43185592532021,-32.803145377389825,-30.93246912047525,7515.625,-17.360782825647448,-12.678621474531603,-39.69272845948942
TEST,3.692,-18.896208865113422,-0.07133147960811366,0.0,-25.964641013982135,-24.874066385869984,-25.817243823507734,7750.0,-20.707852258626772,-9.314265131875217,-11.269185356262042
TEST,3.599125,-18.10431985422052,8.686661818707667e-12,0.0,-39.86179356937947,-29.5139131800049,-39.167603274599436,7453.125,-26.460447121274576,-20.024596594738213,-48.197503945738674
TEST,4.945875,-20.6125371033314,-0.21985331238221384,0.0,-50.985927356425776,-50.481257165269014,-50.61999264302749,7421.875,-23.741207787832373,-18.366789958423418,-51.510219334574856
TEST,4.3421875,-18.349126338557568,-0.0002650763516936566,0.0,-33.57236711909833,-42.37493635964441,-38.152516658306666,7453.125,-24.71883027459455,-22.836517020621443,-46.698300759252874
TEST,3.50625,-18.42740463083767,-0.017778026505040515,0.0,-35.96447403156962,-24.797692557714107,-31.60067027861301,7500.0,-21.191585105867613,-11.643185082742484,-46.574424302737114
TEST,3.018625,-17.196594474999706,-0.04837763566020102,0.0,-24.93640624066392,-27.3299164326844,-26.650976951804445,7562.5,-17.605620867953736,-16.594772114941293,-48.53101107665899
TEST,3.3436875,-18.104436161142274,-0.0002650763516936566,0.0,-32.01550072948389,-25.457833658522993,-34.505147172462955,7500.0,-30.54129573607498,-10.60939099058045,-42.90384305034462
TEST,3.1811875,-14.878815802004258,-0.02229466265015617,0.0,-26.818397926520497,-23.561882112236617,-28.850590195999636,7546.875,-20.33614775576381,-20.823981681436223,-45.64008838728554
TEST,3.901,-17.32032397320865,-0.05744516228103844,0.0,-53.63986342409847,-4.577161690465536,-60.52183015365075,7703.125,-13.102659416152761,-20.983040124603455,-13.695277084861232
TEST,4.969125,-19.822932935337583,-0.0084864585443417,0.0,-30.71053714272073,-32.55544145987724,-36.62933304122486,7437.5,-28.44730081880144,-30.72975354313722,-47.13608194143056
TEST,8.1734375,-21.722408959650686,-0.05557754459122739,0.0,-24.965843083343348,-21.67000618533378,-27.989357465600197,7453.125,-24.549680605520713,-26.044572195329266,-44.59965236479333
TEST,3.041875,-17.67702047156301,-0.13248108181173504,0.0,-32.278735125406634,-25.13288387131807,-33.28496789349804,7734.375,-20.128109676597024,-7.886517497157286,-9.969135449101742
TEST,3.018625,-18.726179153805095,-0.0002650763516936566,0.0,-27.01348576912969,-27.152613941498796,-30.908721591753324,7453.125,-33.71731814526948,-19.44367113174434,-34.39326517600598
TEST,3.25075,-20.582432709266154,-0.10990216430065648,0.0,-29.525647264762444,-31.639251326568807,-31.798832419476636,7562.5,-18.20492487506968,-13.34052762274689,-42.23894807904898
TEST,3.8313125,-17.942232075267658,-0.2820613005260828,0.0,-34.93519432576197,-18.378843863675193,-32.33796755207021,7531.25,-17.37026340094814,-13.292673533678936,-45.5932980699512
TEST,3.5526875,-19.369207346092224,8.686661818707667e-12,0.0,-31.444985855863642,-20.87473952534463,-32.09768393944094,7984.375,-25.214590696285132,-18.57406666703637,-39.40064518351462
TEST,4.87625,-20.16917961195381,-0.0002650763516936566,0.0,-28.417684417256517,-31.484021481102587,-31.466957094740764,7468.75,-25.877692536248958,-17.828390971242698,-48.47733364530026
TEST,3.6455625,-17.687660583998372,8.686661818707667e-12,0.0,-34.04177817591817,-32.959585533617364,-36.42019313491099,7406.25,-25.46862341596296,-17.28761693201252,-46.63650329985509
TEST,4.4815,-18.531801078965948,-0.0055683030866712155,0.0,-36.387494913383854,-29.375438140286306,-36.135855311397655,7468.75,-27.588986193942226,-12.43643922799398,-48.901166580592886
TEST,3.8313125,-16.5194889180052,-0.055044013286510735,0.0,-28.737951701905352,-15.331102736859478,-27.254115259052256,7515.625,-17.520580316976776,-15.852788788857175,-46.60870620582
TEST,3.1811875,-13.644412270826589,-0.06091466088441154,0.0,-51.28579820278103,-41.63808779010714,-33.97401143775281,7546.875,-24.171385625242223,-10.401020187388092,-41.60903954829065
TEST,4.1099375,-18.81299680187493,-0.12925192644717778,0.0,-34.258238913179625,-12.77723790767875,-30.396672025069034,7515.625,-22.54440367207678,-16.780288778747263,-42.89213771995807
TEST,3.13475,-21.607931372757992,8.686661818707667e-12,0.0,-25.712950745889664,-24.53039470883965,-29.266877205526974,8000.0,-11.169909279947682,-14.909996933569424,-43.76678433183306
TEST,3.6455625,-17.680778224514622,-0.012201893076009884,0.0,-23.899667969158795,-14.458007520993345,-24.714701993616625,7515.625,-19.78624677073278,-18.5408098299312,-45.479622782155204
TEST,3.3669375,-17.520002286886054,-0.01299826443135051,0.0,-23.662164347305463,-9.171248054742593,-23.104497022161596,7531.25,-18.778611183224456,-11.29875850148045,-46.88109568595066
TEST,4.0170625,-20.23591707719443,-0.16591950606883152,0.0,-31.463781837241136,-28.63291746499653,-31.953707964232876,7468.75,-20.03555258789042,-21.200859728592285,-43.66545667409079
TEST,3.29725,-18.39635250698963,-0.004772612629630685,0.0,-27.53833063999918,-29.516766812013614,-28.70168864423512,7500.0,-27.07081831875354,-19.225721257213777,-43.343849084838155
TEST,3.204375,-18.10029966728758,8.686661818707667e-12,0.0,-3.5138873173254055,-18.338236486016868,-27.739242044209558,7890.625,-19.383227556148704,-24.16367794751585,-35.52160494990061
TEST,4.853,-16.258801161999717,-0.0002650763516936566,0.0,-28.12197629081393,-27.567675257442612,-28.115468248622026,7562.5,-17.745239717559464,-11.836065569810437,-41.59681639006643
TEST,3.413375,-16.23363561265403,-0.002651127698022572,0.0,-22.213028093798656,-7.379671615392155,-30.52403520418943,7468.75,-26.921799596700833,-16.18219954714352,-48.55214003247274
TEST,3.1811875,-21.304274102973444,-0.11205001041398888,0.0,-28.947821692187702,-24.28292187722895,-31.921026760154767,7546.875,-14.687257271651049,-7.386279196012417,-44.43715274895909
TEST,3.1115,-19.373573462068784,-0.00318145035521063,0.0,-22.7496223406531,-19.250448301259414,-26.027341539041036,7484.375,-18.27698702208179,-24.52983683379277,-47.48247826793737
TEST,11.9583125,-18.306158286129964,-0.025218443941243167,0.0,-39.67598732311754,-32.501635872315575,-34.168005184040766,7468.75,-26.466393924939165,-11.97592590411385,-43.36667401539292
TEST,8.336,-18.75414255961608,-0.07534127715784739,0.0,-32.220709838817356,-19.1800191220523,-27.205648489990118,7515.625,-19.305477762695126,-13.436905655994273,-46.34340709613511
TEST,3.6455625,-17.645804741810068,-0.0002650763516936566,0.0,-30.023347623172302,-20.28307810929014,-29.85558602973902,7562.5,-15.302755071571116,-11.64164959229337,-43.547818982296825
TEST,3.1115,-18.375284029826503,-0.03160102134834829,0.0,-33.04026610591627,-31.529961285378285,-32.92552295235531,7515.625,-24.704717207740003,-22.83826959691453,-47.96982828058877
TEST,3.390125,-20.28606214628599,8.686661818707667e-12,0.0,-34.523585653872296,-35.44321167301128,-40.2969830568621,7468.75,-25.214567949009762,-21.619419979956668,-44.58867094010357
TEST,3.1811875,-16.18675942274713,-0.0002650763516936566,0.0,-32.65100372680004,-13.2656594498957,-28.647026646787246,7500.0,-21.316442182944655,-16.511192075850502,-47.80356811576123
TEST,3.784875,-16.47633368239381,-0.15970748566457915,0.0,-33.20000064459453,-26.74150340129684,-29.14186091579738,7500.0,-20.910385576869285,-23.215239993395215,-38.0739451451759
TEST,3.6688125,-16.799827549851045,-0.010609369379315323,0.0,-36.83300410151027,-34.352379795898,-35.11214219011496,7421.875,-19.981228756411106,-19.94359418423153,-48.416443905882694
TEST,3.1115,-17.05281110298721,-0.04757801405889463,0.0,-30.17656261942838,-25.585967845919058,-29.133384990353655,7500.0,-22.28353302515118,-15.404835979255196,-43.79108782324171
TEST,5.45675,-23.83920976540957,-0.053710328385452574,0.0,-31.334663448262948,-22.93485450531725,-33.225000472850695,7406.25,-21.10092793378756,-24.81820856833911,-42.312150554595675
TEST,4.1331875,-18.975907882087427,-0.07774804451803807,0.0,-34.426460111430956,-19.784401496384085,-33.288132314380185,7484.375,-20.308923538963796,-15.900971919287272,-46.640225389337765
TEST,3.1811875,-14.040640246451094,-0.08577542222324319,0.0,-28.532502937776332,-28.6676796207646,-31.32200179728353,7515.625,-25.778893244695922,-11.3704640960976,-45.90460202711731
TEST,3.8313125,-20.43416197531565,-0.06278342662340222,0.0,-33.70523869225889,-25.493421927971728,-31.221899470802025,7468.75,-17.82241581714124,-15.299108852455205,-46.83628450222072
TEST,3.9474375,-14.219022841509796,-0.0010603539739601534,0.0,-11.511116274271327,-14.413486818554812,-28.873426196861605,7718.75,-15.24447222738705,-4.8389140317547685,-25.51733032999755
TEST,3.483,-18.51286113867129,-0.01857490929934766,0.0,-36.48505612716774,-21.114055452900203,-33.16067350474555,7453.125,-22.061291519023204,-16.1919279494682,-52.37037987779896
TEST,3.4598125,-19.194673331133938,-0.015653363075872867,0.0,-30.586764373255072,-32.76470633523703,-31.886409790820338,7546.875,-23.089684927710408,-10.74678825366749,-39.08360730047909
TEST,3.3205,-16.530957334989573,-0.16429855064039733,0.0,-31.310806192838747,-30.79915361872169,-29.420591091478066,7531.25,-22.16022255057639,-16.416537126424885,-36.14780000391166
TEST,3.2740625,-19.483388620654665,-0.06946087405174609,0.0,-26.702772808896135,-2.080943893004358,-17.158605822352477,7531.25,-7.019605550256301,-20.37248966202496,-48.708411920679126
TEST,5.99075,-19.98290434948952,-0.020965996433982316,0.0,-12.09294568115881,-13.130644540473334,-42.07304485769429,7593.75,-10.37819661510067,1.2199899414252044,-46.65338731620361
TEST,3.2740625,-16.716690472452566,8.686661818707667e-12,0.0,-29.170929343561756,-15.960641149890872,-31.104446236402186,7531.25,-20.681991093664518,-13.385534346314977,-44.92732057499348
TEST,3.204375,-15.301479592254982,-0.0002650763516936566,0.0,-30.416522115728096,-30.070123822557445,-31.11886256130236,7562.5,-26.22687925536291,-14.045215080964951,-42.33047129557556
TEST,3.7616875,-14.537224599388733,-0.16835150654336656,0.0,-31.471371884584713,-29.051760486898665,-27.18558810702816,7484.375,-19.08575046638369,-17.630847903585455,-43.621903540583375
TEST,3.7384375,-16.798006108556145,-0.0002650763516936566,0.0,-25.88446988137681,-14.917192343504851,-25.777798429643575,7546.875,-19.661104966177398,-18.200300862740278,-45.98321062412339
TEST,3.1811875,-17.461623224455607,-0.0002650763516936566,0.0,-35.30061594526533,-38.212024360430064,-36.2777199515163,7531.25,-22.41885129646259,-11.22641697233751,-39.38236910611461
TEST,3.44275,-19.109169026003674,-0.02149743853143496,0.0,-47.834593766457374,-55.95934647918729,-50.09504954504722,7609.375,-26.226405318556054,-18.09352735915259,-28.747611016643546
TEST,3.599125,-18.365754988038248,-0.0002650763516936566,0.0,-27.65476594866112,-28.20076840804067,-32.05661247589933,7500.0,-26.06718197017649,-16.159150613613022,-41.37479189918845
TEST,3.784875,-15.892035925988882,-0.04517959083833802,0.0,-33.947827354099175,-20.111404274520254,-31.75238576011227,7671.875,-23.432661557102126,-11.528367766241743,-26.711746863934692
TEST,4.945875,-17.824703686607734,-0.028409146388016938,0.0,-41.84720813123599,-35.877919374819164,-41.80204446803115,7671.875,-20.893891929154865,-14.001300000879553,-26.376754999680017
TEST,3.599125,-16.318791728032455,-0.03346349022459015,0.0,-25.13661494654335,-16.827534034692857,-22.87034913960134,7484.375,-20.82312509092095,-16.0804044428874,-49.64907973804482
TEST,3.2740625,-15.646217154643962,-0.09300641069998833,0.0,-50.21484109080797,-28.49845904663831,-47.53291639620165,7671.875,-20.30718041942111,-21.720124217824974,-18.118294900727918
TEST,3.5294375,-16.914871294861012,-0.11581001959217517,0.0,-29.061889941475435,-26.041420923463974,-32.17919523591651,7421.875,-21.567400358503583,-28.48367677311373,-42.492514384790496
TEST,4.9923125,-21.88412045319683,-0.07694571463018658,0.0,-34.67604398832344,-46.293521134830435,-45.82738422495912,7500.0,-27.981797848295216,-5.327866331763204,-40.649506048103646
TEST,3.390125,-17.46573186224748,-0.0002650763516936566,0.0,-32.68752174589346,-29.943923846980695,-34.04954130023364,7484.375,-20.09933443080046,-26.73701225142611,-43.26162662409196
TEST,3.13475,-17.04716990554591,-0.0002650763516936566,0.0,-27.60910992842377,-31.21896594312267,-31.22779993398892,7578.125,-16.89204912238354,-14.400659125430693,-46.387072982741564
TEST,3.041875,-19.874289815068995,8.686661818707667e-12,0.0,-32.13618878721245,-33.80213932138081,-32.63265596525231,7437.5,-24.572329505508648,-28.356559357592452,-50.62837136188125
TEST,6.710625,-18.31927611990071,-0.10829162819083694,0.0,-11.25189838676069,-21.110691075948967,-27.165886706966884,7500.0,-23.91605283581037,-12.776224869489901,-43.53875989652176
TEST,3.9241875,-16.34204830139907,-0.12252837275578014,0.0,-33.29744213706747,-30.88675859906364,-33.534163602443115,7609.375,-25.377390850317664,-13.41285384321121,-28.88633571975575
TEST,3.25075,-18.821821116653823,-0.029472974386291748,0.0,-25.438625812819815,-18.221616681919667,-28.853596521951758,7468.75,-25.6149058173228,-27.145104590150332,-43.36146079570729
TEST,3.599125,-20.53267458758601,-0.12037793431121031,0.0,-30.27372986478447,-13.503342822510712,-31.385408089273554,7500.0,-19.803519731031024,-19.930662367925798,-48.63162451176248
TEST,6.7570625,-17.28997375703376,-0.049710501935325016,0.0,-21.504926644342234,-27.78500348662375,-32.04390570589267,7531.25,-23.805799483835266,-17.83409507032725,-38.79232186204247
TEST,3.6688125,-11.285313539842672,-0.021231713418204096,0.0,-7.6031720538867935,-22.30491995429067,-32.4592219197439,7562.5,-18.346087089695466,-16.732385259111744,-41.496150583729985
TEST,3.4598125,-14.801287107485221,-0.153769707419629,0.0,-28.723590055971002,-31.654478984313315,-29.505096335103815,7546.875,-20.350043430450643,-15.25713359811619,-45.17899672459669
TEST,3.0650625,-19.493798229095788,-0.10775484917524379,0.0,-27.29648665061648,-22.26633584420295,-32.349382873520625,7515.625,-22.962692823473304,-11.654696001317795,-43.654407665571185
TEST,4.574375,-16.399110292163453,-0.09943901355866312,0.0,-32.20778837016528,-34.18447645942713,-32.682738680010175,7531.25,-18.82443606255032,-19.786225125777527,-41.382684943844644
TEST,5.4799375,-16.927184033481574,-0.01246734208167076,0.0,-25.467658107786292,-25.572752654514886,-31.261749337089384,7578.125,-21.861093616291676,-10.950026443310684,-48.41804876448414
TEST,3.413375,-13.685130478840126,-0.004242192817059735,0.0,-27.453176349709192,-25.334032969561147,-28.66536758115326,7484.375,-28.925585001627617,-20.244959464839027,-43.68730793211384
TEST,4.1099375,-17.127295392110916,-0.027611360886830933,0.0,-37.7757253846449,-32.210495178689214,-35.21657784519927,7515.625,-28.718760283800066,-17.987130810242817,-41.364543694506835
TEST,3.3669375,-13.92961983097037,-0.019903209777239722,0.0,-24.29640757027756,-2.7748186521894365,-19.009268801922197,7531.25,-23.610469114018212,-20.743850514961906,-41.84813256099419
TEST,3.5294375,-18.06284740906098,8.686661818707667e-12,0.0,-21.13333226533496,-35.36122484278778,-27.600228477826978,7515.625,-21.36661576681271,-13.872775717477971,-46.13618434129703
TEST,4.0635,-20.852847210711452,-0.039319565100493496,0.0,-34.3719635245611,-39.007052086617115,-37.94110438439419,7406.25,-27.289444200729385,-33.33123784486815,-48.02627098637274
TEST,3.227625,-16.05453533935782,8.686661818707667e-12,0.024922118380062305,-155.01676307045707,-34.84406245482224,-34.91957858712147,7562.5,-19.27263745656366,-8.933657690193499,-40.64412397685296
TEST,3.575875,-17.164509404062663,-0.23019041996765657,0.0,-55.7390763914475,-54.945210005098545,-55.58891691400224,7500.0,-24.18669099610908,-19.187045074224557,-45.50705277907163
TEST,3.9474375,-19.440758672762524,-0.0002650763516936566,0.0,-30.935997225885316,-28.442532753409502,-33.113225866040196,7500.0,-20.84774957987602,-17.394848823286956,-43.42462511152006
TEST,3.1579375,-17.444042326916957,8.686661818707667e-12,0.0,-32.063843757049085,-17.570268129481477,-30.835097093478538,7484.375,-15.813927068570305,-15.000064461861164,-45.71093591045185
TEST,4.6208125,-19.33181631850153,-0.010874769719663108,0.0,-24.932164035398387,-35.54527982941877,-41.0530297485365,7531.25,-17.13983121754402,-18.846468713260684,-43.27382777733141
TEST,4.9226875,-22.538654734012628,-0.08497235052487717,0.0,-26.438960288011902,-24.527840942310736,-32.326417887716204,7531.25,-23.95920834806713,-15.684725034513129,-35.69522963836877
TEST,3.808125,-18.364394933691823,-0.026281881197391593,0.0,-30.936019892615697,-31.19179425338426,-35.27871673889226,7468.75,-27.95684042939586,-23.45914691806528,-41.67916005051687
TEST,4.388625,-19.531856598877845,-0.0002650763516936566,0.0,-29.818706941316414,-27.750864259725603,-31.764393726227823,7531.25,-20.761441831287343,-11.892950279733071,-42.70937436970496
TEST,3.3205,-21.95469441856233,-0.031334986963786955,0.0,-34.08501200183486,-32.51008985323886,-33.249639358285464,7484.375,-24.1044060798975,-22.03999766010699,-41.26823813597136
TEST,3.808125,-19.849496230720437,-0.049177330881320744,0.0,-11.456353930135375,-35.88157217342595,-47.24888964435448,7500.0,-21.390412575185824,-7.950786348267059,-43.29807321915068
TEST,3.483,-16.749117404648278,-0.0002650763516936566,0.0,-31.995354855962,-28.181290761960348,-30.946401829343337,7562.5,-21.29923412974272,-12.91205399062764,-41.14244418565498
TEST,3.413375,-18.296958807906734,8.686661818707667e-12,0.0,-27.780820072749847,-18.431730485833413,-25.109287639204076,7500.0,-24.99119205838951,-20.547571784868637,-40.9040668251275
TEST,3.018625,-17.350534477575952,-0.08042301286108464,0.0,-31.4065052061352,-30.873044173448747,-29.812557756538702,7578.125,-14.022768598453844,-14.045616907790837,-46.09946414800601
TEST,3.808125,-21.701661445182054,8.686661818707667e-12,0.0,-30.840620685971025,-13.668047914849232,-31.2815545992582,7531.25,-21.855366948500823,-19.094768184113235,-38.88841746866049
TEST,3.6455625,-15.971122824652483,-0.08042301286108464,0.0,-27.321213027596244,-20.360384789684083,-26.34221255143877,7546.875,-17.085675288259,-6.147830864402607,-48.62171238461483
TEST,3.784875,-15.867209412572215,8.686661818707667e-12,0.0,-31.30315858398114,-27.556335792277796,-30.78239338771765,7468.75,-26.24415013948888,-19.613419910032185,-46.3906446586555
TEST,4.156375,-19.374588483192003,8.686661818707667e-12,0.0,-49.25057476783875,-40.53154318649503,-47.75893280079663,7609.375,-28.390846481220986,-22.04520227820192,-31.09473525678331
TEST,3.29725,-14.178781304341104,8.686661818707667e-12,0.0,-50.60199552608877,-32.53743827528824,-40.931424157901134,7562.5,-20.815848021265232,-6.145950906007698,-41.688475155610305
TEST,3.3205,-21.554187965648943,8.686661818707667e-12,0.0,-39.644111507965924,-36.008524501716686,-35.93980799433568,7546.875,-16.900552750033178,-11.102481110207506,-44.06413619523301
TEST,3.1579375,-16.425496825677804,-0.03160102134834829,0.07643312101910828,-30.387106036521743,-189.90531137041458,-36.68797389355511,7546.875,-24.56185417244364,-16.493488247866757,-35.00825753974718
TEST,3.413375,-16.787360311238494,-0.09381022558185045,0.0,-27.95235140022099,-11.7220240703005,-25.853008719318495,7546.875,-21.617234526946383,-11.499891246837272,-40.03296127691186
TEST,3.041875,-18.923760123726577,-0.0002650763516936566,0.0,-30.480990446118753,-31.68731460089846,-32.432811430977104,7562.5,-15.28716294118535,-7.685040670991768,-46.32443264417775
TEST,4.2028125,-15.683589567077199,-0.017246811922399477,0.0,-28.401276564714784,-16.72393069747953,-30.069543961307744,7562.5,-18.03532085099836,-15.415104925498028,-43.661290236653976
TEST,3.041875,-20.035811039497844,-0.0002650763516936566,0.0,-29.31540931205579,-35.53421305139459,-33.68717112531078,7500.0,-19.794852635636747,-18.512328506464925,-45.85302746099612
TEST,3.2740625,-15.911647311300662,8.686661818707667e-12,0.0,-30.915103561068314,-12.427405461210776,-27.035182176916067,7484.375,-17.06927579899748,-16.724533381380752,-44.22742588930376
TEST,3.575875,-17.364702874870474,-0.0002650763516936566,0.0,-29.101573484799488,-25.265616017856914,-28.798605493707058,7546.875,-22.786659630368632,-10.82996552844206,-42.961418178493865
TEST,3.8313125,-20.29723234462885,-0.07881793300101378,0.0,-31.103302391840476,-27.347327591208707,-32.43448823495119,7484.375,-25.066933847155262,-21.10085123314701,-43.12385166315924
TEST,4.760125,-20.633571100650826,-0.0002650763516936566,0.0,-66.29717149553554,-10.189604300937448,-59.752194402164186,7750.0,-13.55200186297131,-2.1649419469850884,-12.688148462569316
TEST,3.1115,-16.67675991294884,-0.004772612629630685,0.0,-32.57273209329138,-16.15772710765612,-29.67891496731749,7468.75,-27.382394902180337,-23.023884486282455,-46.30093023151325
TEST,4.2028125,-21.58004113119165,8.686661818707667e-12,0.0,-34.26926959963485,-30.424301239447644,-31.771330826040206,7421.875,-20.061466956429626,-31.340523357053698,-34.68388221159552
TEST,3.390125,-20.05879682140963,-0.0002650763516936566,0.0,-30.86438610764735,-31.898598491745567,-36.77588140578938,7484.375,-27.519947108903096,-12.678648356099416,-43.786045739855
TEST,4.5046875,-18.719515510102735,-0.06171551125498792,0.0,-55.8793211246018,-56.002361539143635,-55.88195641601419,7421.875,-27.95996631667095,-25.770213741043385,-49.59360516836789
TEST,3.3436875,-17.57791170696927,-0.1168846069544336,0.0,-29.2650843092858,-30.042291220796283,-25.494459879036345,7515.625,-12.596953021742856,-10.653241352116439,-41.884983877753314
TEST,3.3436875,-21.032965895533632,-0.05184351349113604,0.0,-28.940485511136714,-30.76570594541758,-31.546110533659615,7484.375,-16.31815685169385,-15.247311544145376,-48.9020939121083
TEST,3.0883125,-17.873980106001934,-0.0002650763516936566,0.0,-33.49116400576182,-23.001359526686244,-30.015504695671652,7468.75,-22.487865644281406,-4.900773818643081,-52.21107397354681
TEST,3.5526875,-16.62974474076933,-0.032665240375998265,0.0,-30.202776669388715,-23.2956139750933,-29.8407878176674,7546.875,-17.137749243451758,-10.380451432671713,-41.45988283635591
TEST,3.7384375,-18.93180362078541,-0.1916250283463956,0.0,-28.714485652108852,-28.105983421952455,-31.259553694319944,7484.375,-21.580885240009938,-14.15608254141867,-49.35766272195488
TEST,3.1811875,-16.788475908307934,-0.0002650763516936566,0.0,-25.84563316270407,-23.170633194246214,-28.435071980104176,7546.875,-22.16544135373024,-12.572572790790346,-46.85653754120756
TEST,3.2740625,-16.382421946297974,-0.0007952533425227559,0.0,-37.433003374463546,-31.38079826378724,-32.42464875986146,7515.625,-22.882121012536413,-15.631140326430753,-43.62182735436784
TEST,6.19975,-25.030267204991116,-0.044113837507178066,0.0,-55.31758915816523,-14.648922863662527,-54.66619481310499,7500.0,-25.06180724148941,-18.26892513548249,-40.26388560414209
TEST,3.1115,-14.676070650460531,-0.027611360886830933,0.0,-24.86083638896217,-27.159326877492454,-25.083847358835712,7500.0,-24.36033305714159,-14.631935789681755,-49.42969240388135
TEST,3.483,-18.243030950904533,-0.14945387135652027,0.0,-28.461781714584244,-25.33419132838161,-24.90437731467556,7546.875,-16.932719883249206,-7.979687764995937,-42.65807966204283
TEST,3.901,-16.298253939375503,-0.00583354943784558,0.0,-32.91981189282157,-28.45547594098998,-35.37698713137944,7500.0,-25.098074421012424,-14.145386210334493,-43.521038100838126
TEST,3.0883125,-16.090102844190596,-0.034794069684300336,0.0,-33.78755570208361,-23.02996759798812,-32.81189503665893,7421.875,-23.09581205771276,-19.675473498923097,-52.93517597533151
TEST,3.3669375,-17.73625281275774,-0.09729428324422432,0.0,-28.085635838180785,-21.544837313886596,-25.72804196915056,7515.625,-21.702018745346354,-17.44148182499707,-45.733132516933296
TEST,4.4815,-15.89246696653392,-0.01645005095884887,0.0,-42.629871112073346,-36.551459692895534,-41.96990449647989,7656.25,-24.03119953216075,-11.536869592244528,-27.747668468295316
TEST,3.6455625,-19.315170420464295,-0.016184480211788407,0.0,-28.737991050242005,-27.5895810558857,-27.14884642831475,7500.0,-27.190240761133424,-15.776658748289904,-41.97575236597616
TEST,4.179625,-21.325538424873347,8.686661818707667e-12,0.0,-36.83679417443839,-36.459905275861466,-35.290290097029214,7546.875,-23.177883160539302,-17.509991939900218,-39.27726448299582
TEST,3.71525,-18.706037923062368,-0.0002650763516936566,0.0,-29.06239889510598,-30.66811303864359,-32.0312929967595,7546.875,-15.003356494395142,-3.3155550187343934,-45.88197194691934
TEST,3.13475,-15.27078347830438,-0.029738951745737343,0.03215434083601286,-143.86219968662783,-9.86999508852162,-32.12194586893608,7500.0,-27.617860697826032,-15.156049616205948,-44.31242127831173
TEST,3.0650625,-17.902342231695258,-0.0002650763516936566,0.0,-29.9688461344209,-30.228733894739392,-30.226202434691494,7562.5,-20.295492937744825,-17.22091693882237,-46.68640411508784
TEST,3.4598125,-20.356621728157197,-0.0002650763516936566,0.0,-33.00864211743707,-26.970515666964005,-30.395619857874152,7578.125,-18.460995215036817,-7.898259984828506,-43.29837089063735
TEST,3.4598125,-20.180269463083626,-0.0002650763516936566,0.0,-25.051893613038615,-7.208228869842321,-24.473733264251734,7734.375,-23.857228437606175,-6.801632423649444,-13.91104806492477
TEST,3.1579375,-15.19530784052117,8.686661818707667e-12,0.0,-28.023599712683605,-26.40983108082854,-32.63570648522085,7531.25,-21.216886985426562,-7.674588844075622,-45.459562697066836
TEST,3.1811875,-18.535598197520066,-0.015918917584295235,0.0,-23.454480517675737,-30.258130420846232,-28.043393884061476,7546.875,-24.0197034984445,-8.790490351740345,-43.52567142993665
TEST,3.5526875,-19.121794708031917,-0.06598796074499548,0.0,-22.74050624317416,-33.22849926828422,-28.341357721399966,7546.875,-14.608674242785309,-5.333744440542617,-44.27561450955826
TEST,3.1115,-18.94939940197211,8.686661818707667e-12,0.0,-26.632199940795843,-30.103778752335735,-30.288605192263418,7578.125,-18.757866773415053,-12.648918745534132,-46.74482130598977
TEST,3.390125,-17.539447395322156,-0.0002650763516936566,0.0,-25.32560976218482,-28.632813530285503,-31.187426080555767,7500.0,-20.597661582756984,-19.62307420524772,-47.84422339601721
TEST,3.6455625,-19.617275809305895,-0.0002650763516936566,0.0,-31.26172538012726,-29.824788479370092,-32.26666705706227,7531.25,-17.01608700087192,-15.142518257868105,-44.244668115149075
TEST,3.5294375,-17.282178984402062,-0.0013254626967379596,0.0,-23.697369784928966,-27.21913943948038,-30.606808110547192,7578.125,-20.93398637792604,-10.990853630497838,-41.88608629055795
TEST,3.483,-15.473482880699336,-0.0002650763516936566,0.0,-36.01968318264356,-35.345147526321426,-33.45856255337844,7453.125,-27.800421219058673,-25.15387855917764,-41.01632261138771
TEST,3.25075,-19.01140165652673,-0.0002650763516936566,0.0,-24.579280510041936,-24.685224034063804,-24.924506473947464,7546.875,-12.86439876570698,-7.389225612732687,-45.00508544189209
TEST,3.041875,-18.386702500363146,-0.07774804451803807,0.0,-33.890954761038245,-13.705701083965003,-31.38818087555879,7515.625,-24.458301885225115,-20.580297245300613,-42.13446949952872
TEST,3.622375,-19.45578180571591,8.686661818707667e-12,0.0,-37.454340324782336,-14.900927431224906,-38.24724699867924,7515.625,-18.655440538577494,-20.657428223394263,-41.08832410142728
TEST,3.0883125,-19.447822358183757,-0.0002650763516936566,0.0,-34.741373250195295,-31.758600854604396,-33.955925696207395,7546.875,-22.366630523927004,-10.352462170204475,-39.03335808415605
TEST,5.5960625,-24.350126355462024,8.686661818707667e-12,0.0,-33.75821519235301,-26.041082206868097,-34.73140351810947,7453.125,-20.076194590907797,-26.76097387931408,-34.509127165411115
TEST,4.0170625,-15.627837760278485,-0.05051031988626292,0.0,-31.316945041768776,-21.961665699079624,-28.163243523263418,7500.0,-24.80959239971526,-13.738509785812127,-44.677309999131744
TEST,3.1811875,-16.753552383335496,-0.09113113187501896,0.02531645569620253,-154.4451516515523,-44.249058119681706,-42.4130169828224,7578.125,-18.43027603766976,-2.8287061491693777,-40.39414484474968
TEST,3.1115,-18.010265023683885,-0.28671751266271683,0.0,-29.267438673132265,-33.071821969114765,-31.620629589954934,7500.0,-19.374375693633883,-17.403958743409923,-49.177729616439066
TEST,3.8313125,-18.003015026056197,-0.018840553144862864,0.0,-28.234998293836565,-24.201779498218304,-25.436027080438546,7578.125,-17.507073701458538,-10.629226576413174,-40.61092502300822
TEST,3.3205,-14.745097499119488,-0.006098803889258183,0.0,-23.2185900783747,-13.549187695643088,-24.2506714504792,7531.25,-16.024817684817066,-15.399743977035882,-48.182746808249675
TEST,3.4365625,-18.403652091646496,-0.00795581189738212,0.0,-21.040057153625654,-24.54320386639403,-25.859057024138522,7515.625,-19.01691614232427,-15.095266068176713,-46.163753868879944
TEST,3.7384375,-21.810991983100507,-0.0002650763516936566,0.0,-24.304668966469535,-23.629085423907327,-28.395471319907685,7562.5,-14.827979108715745,-10.194269552491335,-50.33620231977584
TEST,3.692,-20.394029890403726,-0.08363406267142827,0.0,-28.525726116689906,-11.390258150593809,-26.45834075328668,7562.5,-14.188818896747598,-14.859063178587725,-49.675486000337436
TEST,3.5294375,-15.383878706955906,-0.0678578184388188,0.0,-35.87102573548454,-6.021344800722435,-30.28637006200782,7734.375,-11.02481040673317,-2.9639413470055445,-22.748430678239586
TEST,5.131625,-17.986651673547126,-0.3361723225114279,0.0,-26.014087223917066,-19.632220518849664,-31.492141184689338,7515.625,-20.29955642288347,-16.27067364880581,-43.81895387827267
TEST,3.6455625,-18.973695229517624,-0.06946087405174609,0.0,-31.44990004408357,-38.65790471624391,-37.74733159280448,7484.375,-24.899631042318585,-15.464450103467613,-47.485576047811364
TEST,3.227625,-15.172240970210801,-0.011140178169657216,0.0,-28.261681874856826,-27.948138304243678,-27.24980743358546,7546.875,-18.266043094334883,-14.369760453493562,-45.860092741976075
TEST,3.8545625,-21.42612153361414,-0.2070849368562701,0.0,-30.899707748237283,-31.90480846337215,-31.0785239464294,7453.125,-23.521766282367928,-22.750884483783736,-48.733062667164035
TEST,3.5294375,-19.25258410451493,-0.05691151624898066,0.0,-66.59107437518966,-20.782167930733294,-30.414953686181335,7593.75,-10.319444176074501,-0.7919411926582498,-39.70688323212475
TEST,3.575875,-17.300232901838392,8.686661818707667e-12,0.0,-32.6513654852318,-34.05080201076893,-32.06635305850016,7515.625,-16.502800117119385,-16.887818084840575,-46.3877642353731
TEST,3.0883125,-17.864010778455253,-0.0002650763516936566,0.0,-26.061749247759007,-29.623045678612957,-29.418249921429936,7453.125,-24.402023571074434,-22.149950677697426,-45.267086545989216
TEST,3.1115,-15.360508386892704,8.686661818707667e-12,0.0,-36.73407596454006,-33.36460956427415,-33.034503783121956,7531.25,-19.562251339824705,-9.695797880349154,-46.658438387941295
TEST,8.1966875,-20.711016534066047,-0.15565856023517444,0.0,-23.830664030697655,-23.08118085504337,-26.8850230554216,7437.5,-25.941045784917023,-24.024153607841995,-40.79637997079638
TEST,3.3669375,-18.348418295029322,-0.02894104410025029,0.0,-27.361679139804295,-28.6305071533814,-27.543770861447747,7531.25,-22.311735092232134,-16.38675189367629,-41.67770333267913
TEST,3.3436875,-16.078377652994746,-0.06545378961613758,0.0,-30.803554243446648,-7.095305101116031,-33.1559225927431,7546.875,-20.51823226121281,-17.17354963253304,-42.728526337295534
TEST,3.018625,-18.005422185014975,-0.0002650763516936566,0.0,-26.848578755974764,-22.32663935114232,-26.28267095293326,7546.875,-20.57533929646213,-11.313701617339774,-44.24034905490814
TEST,3.0883125,-17.11265391217518,-0.07240057797096949,0.0,-25.711476244165322,-22.218958334870702,-29.528313425070056,7546.875,-16.453901316974605,-12.075354659688749,-43.8704262111023
TEST,3.0883125,-17.0579877650334,-0.0002650763516936566,0.0,-27.43496522640868,-27.0246940162041,-27.714257700744895,7984.375,-16.890969679018518,-10.448960033113508,-37.05796246289182
TEST,3.775375,-22.267986105494202,-0.07507389972364621,0.0,-62.17705369628877,-12.626796224541318,-64.51836826311735,7625.0,-29.288341656424166,-25.31978220500404,-10.697544452980082
TEST,4.179625,-19.884480822832494,-0.0002650763516936566,0.0,-28.366800297971743,-29.582712772333927,-30.14258285552409,7734.375,-19.36266605745409,-7.714015810788837,-11.935498381090618
TEST,3.204375,-17.339711164482527,8.686661818707667e-12,0.0,-25.410230518581564,-18.590838120619217,-25.27245428381986,7546.875,-17.922995646429037,-11.783341478430472,-43.785187112610096
TEST,4.4581875,-18.674263697692844,-0.0002650763516936566,0.0,-33.16823648457123,-13.389982113693547,-28.769743922939817,7453.125,-25.359288819255482,-25.133240043909034,-46.05496748162409
TEST,3.622375,-20.532979964685154,-0.08872065386067393,0.0,-25.938711444733933,-31.972615058687055,-30.296945694762748,7453.125,-19.982291428108006,-27.423930601799455,-41.47080671097784
TEST,3.575875,-14.450466994488021,-0.0002650763516936566,0.0,-27.667185524003287,-19.747801575734975,-27.790977609385493,7546.875,-22.49715850986842,-16.412719421278567,-37.58725219592283
TEST,3.041875,-18.00056699446801,-0.13921234707682317,0.0,-43.70397546307437,-12.74425156630319,-26.49754074712066,7546.875,-13.884129941948466,-8.446716923071925,-43.767331757119926
TEST,3.29725,-16.009871586008313,-0.039319565100493496,0.0,-8.440058970236182,-7.981403692269511,-47.657456139803514,7531.25,-20.279676298775545,-13.885662414728671,-42.273473540874406
TEST,3.8313125,-18.34194687191633,8.686661818707667e-12,0.0,-29.60774455855089,-26.691361822491622,-31.836974261203878,7484.375,-25.072387071915955,-15.056654415000608,-48.15166144493507
TEST,3.413375,-18.070352596973247,8.686661818707667e-12,0.0,-30.590309840069615,-10.761606453301182,-34.19176819507108,7500.0,-19.372953516739532,-10.91445022346445,-49.49950267002899
TEST,3.5526875,-19.106371961382465,8.686661818707667e-12,0.0,-26.00716508097093,-63.34781258653983,-31.84284095140358,7531.25,-15.76592606348255,-14.983567544448917,-41.786411203576
TEST,3.041875,-17.056821383524884,-0.17727467202752534,0.0,-24.305011989239723,-25.045479235596098,-25.78696719901688,7546.875,-15.740805995567094,-25.237338995631035,-47.255917936180815
TEST,3.0883125,-16.06279996383059,-0.004507398674462637,0.026058631921824105,-154.5444876373358,-49.73677007838825,-36.98733512640515,7546.875,-20.18180166879117,-11.268041948306333,-39.74592810108033
TEST,3.0650625,-17.253329620869202,-0.0002650763516936566,0.0,-22.325559342327065,-30.003534428086386,-30.103354467606476,7578.125,-15.444065678169512,-0.744743070350971,-42.94679334673519
TEST,3.4598125,-17.855443521376742,-0.08309880526019395,0.0,-48.85114976311051,-9.677391734030087,-26.04000362357263,7562.5,-19.06920664023515,-7.251439343289071,-37.817201671680756
TEST,3.71525,-15.478424431206474,8.686661818707667e-12,0.0,-21.77466830330176,-32.090885624478894,-44.15044184820058,7500.0,-26.71922615413039,-13.367329800406168,-40.80507363495816
TEST,3.1115,-17.43028724407034,-0.017512415152694808,0.0,-26.56259359902536,-25.96141815136627,-32.51096775602143,7468.75,-25.246813353129383,-18.539049020105317,-47.45244426423805
TEST,3.2740625,-19.025287146544343,8.686661818707667e-12,0.0,-53.114408276461475,-53.4062044767451,-53.69156953857852,7406.25,-26.429482411580707,-20.65450107763671,-46.086982364350035
TEST,3.0883125,-18.14048047468843,-0.0002650763516936566,0.0,-33.08074327926754,-31.710864966932725,-34.18799820676885,7515.625,-23.74780293698701,-6.829910884378002,-45.39111179045231
TEST,4.4118125,-18.615458897101234,-0.07079697976867505,0.0,-23.15425142526186,-24.116634675942606,-29.795951991616946,7437.5,-20.521383703774184,-17.67957259392506,-49.47808388257181
TEST,3.4598125,-18.31028603012025,-0.0002650763516936566,0.0,-36.44113138610477,-34.36481645647771,-35.56520348335511,7500.0,-23.86632529172548,-20.48594279441302,-39.88735785646604
TEST,6.014,-20.79821272546606,8.686661818707667e-12,0.0,-26.29808769141799,-9.282125394899593,-22.924620974729642,7546.875,-13.522195985456186,-13.741500629595471,-44.22241169052516
TEST,3.227625,-17.97846662003183,-0.0002650763516936566,0.0,-32.33961305050238,-30.980058917629975,-34.65769262605145,7562.5,-25.826281026684835,-12.429397423993272,-40.73128710030282
TEST,3.8776875,-15.44000571665338,8.686661818707667e-12,0.0,-46.63291451075644,-9.164137327422273,-22.563525297415126,7578.125,-19.585356533459695,-2.185235875091543,-36.997992509703856
TEST,3.575875,-17.11142091755546,-0.0002650763516936566,0.0,-46.057139233461555,-31.784476560528216,-42.66641167702656,7656.25,-25.802215584389423,-18.901944431374723,-29.6259219333636
TEST,3.018625,-17.17462812290035,-0.0002650763516936566,0.0,-33.38091311468788,-29.68202017361768,-33.34291814782164,7531.25,-20.14764807035322,-9.797436897353109,-44.79536007342722
TEST,3.7384375,-14.577545634879787,8.686661818707667e-12,0.0,-28.910374801052257,-8.99409179215538,-21.873998072885072,7468.75,-23.882035888703726,-19.917146887103044,-45.910307612388856
TEST,3.0883125,-18.347014841676035,8.686661818707667e-12,0.0,-31.660045350222,-35.217486975958515,-34.31537844750984,7828.125,-10.465903535166184,-30.771678560706754,-27.966087469212354
TEST,3.0883125,-14.357779684803964,-0.0002650763516936566,0.0,-22.5005594183718,-5.225144657146249,-20.654218397057996,7500.0,-20.83968990489278,-20.09033886649874,-51.7235543691456
TEST,4.0635,-20.172258446492982,-0.0002650763516936566,0.0,-35.59545628674223,-36.44540693258805,-36.818308274199055,7656.25,-18.22165085204888,-27.06867168230719,-28.75261908452248
TEST,3.970625,-19.300940361298732,8.686661818707667e-12,0.0,-30.67741500425825,-27.8770994539141,-27.155856906193584,7453.125,-28.02352273396917,-22.028030959289133,-37.272049284686275
TEST,5.7585625,-20.76993441486977,-0.0002650763516936566,0.0,-44.865598488696435,-53.483692753854406,-55.634646159769524,7468.75,-27.590788851970572,-21.327806986324113,-38.04375209446604
TEST,5.549625,-17.442051484366992,-0.024952604969638217,0.0,-31.907577098410876,-9.670789458807851,-32.01241145365922,7718.75,-16.73385574207789,-2.0337220476601487,-27.020347009686844
TEST,4.644,-17.012508269994445,-0.0002650763516936566,0.0,-39.448939674706466,-32.45758865171348,-38.69320705137406,7515.625,-19.05057913077051,-12.494727785665816,-43.34661553896233
TEST,3.204375,-18.999828844016037,-0.05904629712315071,0.0,-30.842505376721434,-30.262542175178623,-31.58678361600039,7562.5,-19.936076139605852,-14.379956119664975,-38.277559910648904
TEST,3.0650625,-15.707627054187228,-0.01246734208167076,0.0,-31.6883560662963,-29.523235207608323,-29.745294825509973,7562.5,-17.70487945334851,-11.653564997724082,-44.90272657099605
TEST,3.6455625,-17.64584742955458,-0.0002650763516936566,0.0,-25.406920534714853,-25.475908693075514,-28.415175225825767,7531.25,-25.31061935212546,-13.058724764009817,-43.13868368509466
TEST,3.4598125,-16.162186694906058,-0.16618969471923223,0.0,-34.098483918795175,-34.11029216108252,-32.316710246829764,7453.125,-24.318451021960314,-23.5746021318245,-47.681458805195405
TEST,5.4335,-26.46692420453504,-0.0002650763516936566,0.0,-22.97772785285521,-19.9395599753477,-26.855361758148987,7593.75,-17.068242754595175,-7.963884390503722,-41.877379967145785
TEST,3.25075,-19.629672970632164,8.686661818707667e-12,0.0,-31.937683096011256,-37.37743085471373,-34.24488435907474,7515.625,-19.037710040155826,-12.285729733592866,-42.44974000258109
TEST,3.575875,-18.722636167437138,8.686661818707667e-12,0.0,-32.13043130238036,-27.748549027447705,-32.744979492346744,7515.625,-25.811113697243034,-6.890368451926605,-43.97310720379819
TEST,3.25075,-19.026669542606104,-0.0002650763516936566,0.0,-29.81277521851724,-26.4176365130675,-31.218248403527795,7500.0,-21.77853831919057,-19.113181260698923,-34.808941657455875
TEST,3.3205,-15.269391219111961,-0.0002650763516936566,0.0,-38.16064291299543,-23.27440063317161,-47.55346534474915,7531.25,-14.113082445277385,-12.733582318112212,-42.42654249959377
TEST,3.1811875,-17.10755647957971,-0.07587605671952699,0.0,-34.32510458380921,-18.136017021382596,-34.22307423062449,7421.875,-20.903412537929434,-17.34522979632247,-51.57477033972066
TEST,3.9474375,-18.12604856948046,-0.0002650763516936566,0.0,-30.43311327849565,-33.28586739475253,-30.513571728486145,7750.0,-19.629451254937145,-13.347441470205013,-10.91936110580022
TEST,3.13475,-16.91597726160316,-0.027611360886830933,0.0,-39.506838246539374,-64.08626668211515,-33.429400069233836,7562.5,-20.826708897221728,-12.645174094467897,-38.41453863484527
TEST,3.9474375,-18.27950444135618,-0.0002650763516936566,0.0,-31.062401625737284,-32.16297448749323,-30.93089271551968,7500.0,-17.324831998455082,-12.114207558284676,-45.492848707088086
TEST,3.3669375,-13.383174192019997,-0.0002650763516936566,0.0,-27.826285925377917,-26.834996169645848,-25.82747598028353,7546.875,-19.57250914104034,-17.50384859407444,-47.59998858223949
TEST,3.204375,-15.321020064133052,8.686661818707667e-12,0.0,-37.132497623378164,-16.983174090201153,-21.162687404544975,7765.625,-12.91561734097203,2.612780019197835,-5.594945095708447
TEST,4.388625,-17.256723530008934,8.686661818707667e-12,0.0,-39.946448726596245,-40.556552234258554,-42.011574369349916,7515.625,-18.940424729033754,-19.792031084790274,-38.59626998611718
TEST,3.1115,-15.69545941382707,-0.0010603539739601534,0.0,-50.92578312422287,-44.858139334939686,-40.46350926410456,7562.5,-13.762747559142102,-8.29980354301209,-45.7092136794117
TEST,3.041875,-18.71329900861934,-0.005037834683058409,0.0,-24.660263433114437,-22.85124493229909,-26.40395509860361,7500.0,-22.14502568442459,-12.509951697133559,-45.717219765457656
TEST,3.622375,-20.741524253938994,-0.0002650763516936566,0.0,-23.45623743902304,-15.252913439554538,-20.943894907299715,7500.0,-9.898547288714298,-22.492626412604253,-49.49579558010789
TEST,12.1673125,-25.333888846975746,-0.21985331238221384,0.0,-19.37706067896619,-16.434557961187515,-22.93174196573942,7578.125,-20.01378340840496,-16.912300418601376,-42.21811963380337
TEST,3.29725,-14.301495495601198,-0.06358444932310364,0.09146341463414634,-180.86147805016836,-23.039002782100617,-75.83969251815613,7562.5,-22.273072639563644,-9.359827101030241,-36.521384006355774
TEST,3.041875,-18.5949538028469,-0.18647783433618015,0.0,-25.785794886304032,-32.797726612139165,-29.48659624139215,7562.5,-15.809531019713699,-6.512287685441244,-49.31988644139401
TEST,4.8105625,-15.605289894843484,-0.06999529167561838,0.0,-56.35262807790096,-3.158524445440177,-51.78664119690578,7734.375,-26.039512973916143,-9.320546259406122,-13.251415691485633
TEST,3.483,-19.47934556741618,8.686661818707667e-12,0.0,-28.397446549560946,-30.80660729857121,-29.23255657323063,7484.375,-18.272170327897992,-17.77132273090421,-44.43805157024006
TEST,3.413375,-15.977677086135035,-0.04438026358078626,0.0,-23.84550373258597,-23.927766303151227,-24.212739405280654,7515.625,-23.50842222753095,-16.76640509673635,-45.96473488438802
TEST,3.970625,-22.85822778688906,-0.036124853004873246,0.0,-22.788372111717706,-24.71168401019211,-27.896757965626783,7531.25,-14.83132488599773,-16.220959321446564,-45.991391372178725
TEST,3.7384375,-17.18982972252465,-0.005037834683058409,0.0,-32.77571365160599,-26.372622068811857,-33.53195747732989,7546.875,-22.276376852599554,-23.80374477987649,-42.312934565775514
TEST,3.3669375,-18.650107772484084,8.686661818707667e-12,0.0,-28.765540175507287,-10.46344602833799,-33.3150797208222,7500.0,-22.897398013255167,-18.35065441985234,-41.598673194871026
TEST,3.808125,-19.816365667242327,-0.013794708809204146,0.0,-32.27724002760159,-30.44555777618583,-31.273611567778218,7562.5,-18.0402578285627,-10.41077384372015,-41.373827331567085
TEST,3.390125,-18.52474216411996,-0.0002650763516936566,0.0,-32.55093650534602,-28.683738924237055,-35.34461479399432,7453.125,-23.106412121377126,-27.28251896363254,-47.939840070181035
TEST,3.808125,-13.759190156245229,-0.027345448669018488,0.0,-9.715073019005306,-2.7785874728105746,-25.416137612887272,7531.25,-24.354590481982846,-15.881662278836345,-35.82217489210217
TEST,3.1579375,-23.266053276519045,8.686661818707667e-12,0.0,-29.844442675017156,-26.0582583696769,-32.44384934794399,8000.0,-19.73274908186523,-19.003598140093032,-28.00966246668277
TEST,3.3669375,-17.77043425469091,-0.1470271556239548,0.0,-34.62383338022568,-32.77943125706626,-32.80513838901288,7453.125,-20.99826831620618,-22.92646666050903,-43.31722578132512
TEST,3.0883125,-21.121070119927428,-0.05717833516672343,0.0,-41.55697916979609,-47.83806630204653,-42.30899071385404,7421.875,-13.131304824030849,-24.376906479460672,-47.20635230416242
TEST,3.5294375,-19.55878921724182,-0.006894615849873186,0.0,-36.78255784792595,-35.21234884059705,-36.782476502920986,7437.5,-23.47938417864583,-27.480097136801277,-41.66112631242224
TEST,5.897875,-22.12036632867994,8.686661818707667e-12,0.0,-31.171366411682943,-24.773385136771278,-30.338902113753253,7500.0,-20.118621596736816,-24.166721642789554,-35.26625199707155
TEST,6.1765625,-20.980191608466292,-0.17186559871904286,0.0,-27.158938137353683,-28.83060204102335,-34.04215603080503,7453.125,-26.06773295273534,-23.269654871129944,-44.3749020441505
TEST,3.4598125,-18.560135536812535,-0.08095810540017616,0.0,-26.36009311239269,-33.7119603846356,-32.75030010173487,7484.375,-21.890305759085308,-16.112942892929155,-49.17441045446237
TEST,4.29575,-13.270749836226925,-0.03346349022459015,0.0,-1.486905658570394,-21.33582141502011,-59.00256076936725,7562.5,-25.2861719386405,-7.023248379080371,-39.80608725332219
TEST,3.041875,-18.40096345808082,8.686661818707667e-12,0.0,-34.354885004553964,-33.4492099364742,-33.25493559670299,7453.125,-25.09002867683853,-18.8042393877721,-43.56477226858371
TEST,3.1811875,-17.599071260751494,-0.014060206498028482,0.0,-28.01053237439193,-30.964109491366358,-30.669272371673387,7515.625,-23.073329317936825,-13.655726828044408,-45.12343111566723
TEST,3.5526875,-16.993358078832895,-0.04731148988274164,0.0,-17.89715062953067,-25.266792035549972,-25.747081894496365,7562.5,-16.03309280908685,-13.135037885529911,-43.71134080247138
TEST,3.1579375,-17.24615144473992,-0.018043645979933354,0.0,-33.66353169691304,-15.289534801324436,-29.885185445701165,7546.875,-17.393630397041065,-18.03990304533987,-41.55275962103846
TEST,3.7384375,-19.68911046738476,-0.0002650763516936566,0.0,-24.506100053944202,-31.15297903542821,-32.7523744375818,7546.875,-20.173197711424365,-7.22259233220737,-42.1447238758457
TEST,3.784875,-18.99534557728908,-0.0002650763516936566,0.0,-54.27649477956898,-22.761192358680038,-47.30865365703791,7671.875,-22.501119821870194,-19.298788466677976,-31.013542374085873
TEST,3.0883125,-18.533611613226626,-0.004242192817059735,0.0,-41.32680320190118,-34.40078781690547,-36.984667996478656,7468.75,-26.162567706393077,-25.985775354420355,-37.45727111128822
TEST,3.3436875,-15.2974504288503,-0.01273279919995234,0.0,-33.72343629898255,-29.047033340015286,-30.412853641531083,7531.25,-15.611145987231339,-20.1732768799423,-44.056578225226836
TEST,3.5526875,-21.346965482996957,-0.01645005095884887,0.0,-29.27614475666443,-11.369131818838481,-26.765328045698446,7546.875,-17.968466635275128,-13.27287593369745,-46.79296539009673
TEST,3.0883125,-16.758225981892593,-0.06518671637026963,0.0,-32.22748719349104,-25.584272910722845,-33.30333801334395,7500.0,-24.98867191220181,-21.336240946952472,-45.684254496855424
TEST,4.9923125,-18.67511212547266,8.686661818707667e-12,0.0,-53.935628560446574,-4.9166402942831695,-51.23570423732718,7406.25,-27.601436935504353,-27.033338827860263,-45.34729337878282
TEST,3.1115,-16.593275475290845,8.686661818707667e-12,0.0,-27.643988133903868,-26.544337260884085,-28.946415774525384,7437.5,-21.890599264859503,-23.946319229803336,-47.82052229660947
TEST,4.9923125,-22.867188600203882,-0.0002650763516936566,0.0,-32.431766036499425,-27.644799923423705,-34.10521717234222,7703.125,-18.279527065656495,-4.830150457559569,-25.412417602320197
TEST,3.2740625,-17.585349251058382,8.686661818707667e-12,0.0,-36.89043294405251,-37.782842481075264,-39.26076305799048,7375.0,-30.322749886338045,-32.657884853526404,-40.92019848517546
TEST,3.3669375,-16.187854479787557,-0.06946087405174609,0.0,-24.717946505217014,-44.603542408562504,-31.392444688822906,7500.0,-22.325761092094897,-29.396843556336748,-42.0256831334176
TEST,3.25075,-17.687770519127024,-0.03186706388135089,0.0,-28.470856685195706,-12.16445882032407,-30.73033936443779,7515.625,-22.94077424961475,-13.89698528240325,-46.97330762481655
TEST,3.1115,-18.190431681042195,-0.061181602803637686,0.0,-27.813357190779485,-28.197410735078904,-25.916179622581176,7562.5,-17.174197305468294,-8.219557770758762,-39.99942407859034
TEST,3.0883125,-15.963017883910434,-0.14325361157910085,0.0,-29.14452998987357,-29.360226766691298,-31.21497966685007,7515.625,-20.647495711366076,-19.447191632687506,-40.7019980107793
TEST,3.2740625,-18.538255038546147,-0.03585868002889114,0.0,-23.532601395901544,-11.567882298226737,-25.3655248366151,7562.5,-15.339193816788544,-14.211534378060087,-42.80826992076973
TEST,3.204375,-20.617003118078728,-0.1532301106226575,0.0,-38.63305467228665,-34.616280100948465,-37.285326072741874,7453.125,-19.50381075763552,-25.549579218260313,-45.06920316412736
TEST,3.6455625,-13.733735712051631,-0.0002650763516936566,0.0,-20.983876765044123,-12.754003143563953,-25.336828093114523,7468.75,-24.2310262376949,-16.035721877071282,-41.85646114904064
TEST,3.041875,-19.44525985430298,-0.2730298902423425,0.0,-30.447073481936133,-16.960646887343454,-30.54231073067714,7531.25,-20.00756220754137,-20.874009251121876,-43.14871134315883
TEST,3.2740625,-18.70842768879815,-0.015918917584295235,0.0,-33.07836728205398,-35.948967565719464,-33.49552309987084,7500.0,-21.854903257847084,-26.113758454809883,-46.09543242465269
TEST,3.227625,-17.490504896845437,8.686661818707667e-12,0.024922118380062305,-154.8593669441249,-31.332650298521138,-38.65324651679112,7484.375,-26.325847072345226,-20.28232763390855,-43.844705004674
TEST,4.0170625,-19.347957991799504,-0.013794708809204146,0.0,-45.527102414597465,-7.695291705405367,-41.26438520351279,7453.125,-29.761684389150062,-28.878298446824957,-36.69911966837314
TEST,4.0635,-15.048345888797812,-0.011405594729793262,0.0,-48.837315333627565,-13.073694536313454,-25.813117222523253,7671.875,-20.540433921677906,-6.598409923690589,-26.045948081566927
TEST,3.1115,-19.88888232421365,-0.04278182970839591,0.0,-30.491197434455312,-42.47074008590418,-30.554287529750088,7453.125,-24.515023908642576,-20.25802537117582,-42.86280795493268
TEST,3.227625,-19.1281450267797,-0.45854013073297095,0.0,-27.19885736456938,-37.5928580290783,-35.98668791235934,7484.375,-16.53627594691869,-16.340684785854513,-47.54458669233546
TEST,3.390125,-21.695861996119877,8.686661818707667e-12,0.0,-27.38538860335917,-28.698338352797496,-34.21140501135217,7468.75,-14.300606876468116,-24.322285107713107,-33.71642339801228
TEST,3.4598125,-18.388855392583977,-0.0002650763516936566,0.0,-32.970895703132285,-32.289092984104414,-33.55158102280562,7531.25,-14.92274385387536,-16.921907797322348,-46.84773453982924
TEST,3.3205,-16.520972145882414,-0.13759636760461663,0.0,-27.114091803571938,-30.310207613026975,-28.91315194423548,7531.25,-20.403195383892566,-8.707776311751466,-44.373246487671345
TEST,3.4598125,-18.087017652448043,-0.14783598553822225,0.0,-32.122541427779765,-32.21826171678165,-31.54067461299487,7546.875,-14.961409177271584,-16.453647817285145,-44.9614596815534
TEST,3.29725,-17.669711480733262,-0.0865785681781118,0.0,-31.038719515441617,-30.69796083309922,-31.172521680482273,7390.625,-28.44158712906995,-29.34860336561102,-42.58399188094771
TEST,3.0883125,-16.6265590921774,8.686661818707667e-12,0.0,-13.031212408570587,-17.415077286587596,-23.340470398344493,7609.375,-10.144059843330865,-1.353215543602559,-45.5341096733843
TEST,3.1115,-16.482100111515233,-0.0002650763516936566,0.0,-32.0448964681327,-11.47681047408731,-29.97587186115996,7500.0,-20.681926880045765,-26.478739217782298,-38.5061886837577
TEST,3.204375,-17.154546251711704,-0.36211107883370297,0.0,-44.62862623034255,-43.946447020594725,-46.12291577590651,7578.125,-19.022839464444974,-10.342029434479223,-38.29324212602532
TEST,3.0650625,-19.000539992657917,-0.009547849104476678,0.0,-26.875262849243022,-32.73291842070341,-29.949810206372305,7484.375,-15.180468931251582,-20.273473648088867,-43.79091552813185
TEST,3.808125,-12.279766138833015,8.686661818707667e-12,0.0,-19.55708834840864,-16.97860258000373,-82.88955704446035,8000.0,-18.625352098690694,-9.03780934795455,-37.939669130848074
TEST,3.4365625,-20.813269808185453,-0.04091736189281951,0.0,-35.003720309927694,-12.821432687327471,-33.84249460150205,7500.0,-23.641151676663924,-19.50279477734466,-43.10785426785425
TEST,4.3421875,-18.035625218907253,-0.0002650763516936566,0.0,-30.16835799843587,-35.69812114836965,-31.7336790497089,7484.375,-20.605190298975735,-21.150363184515427,-46.48578059678438
TEST,4.3421875,-18.672801358148796,-0.0002650763516936566,0.0,-29.90575465014862,-24.36092035092602,-28.88353875724034,7484.375,-25.620825252599243,-13.017332070023173,-48.32587428166353
TEST,3.13475,-18.05405054234855,-0.0002650763516936566,0.0,-32.01617192889609,-33.42280944684599,-32.82728764333734,7546.875,-18.413870588343116,0.434181577537025,-47.3110628609381
TEST,3.3669375,-16.609738851702947,-0.049177330881320744,0.0,-29.713297181074708,-26.52343869560856,-30.565327467596717,7562.5,-15.828946978602566,-16.61153599543922,-48.30136304737226
TEST,3.6688125,-17.568596673363956,8.686661818707667e-12,0.0,-26.356918698705456,-24.98584264479841,-26.137501697268036,7546.875,-10.46816773758649,-23.01224686579772,-41.10462146345432
TEST,3.4598125,-18.85226864418071,-0.0002650763516936566,0.014534883720930232,-104.2098200357612,-26.056404127714867,-38.62286850037944,7515.625,-20.90645240032937,-9.670854215201807,-42.46495595849021
TEST,4.4350625,-22.085882426759675,-0.0812256640318315,0.0,-32.6184587743446,-31.23527343575025,-34.46040360234637,7562.5,-9.458232930388235,-9.031820136528438,-46.870099590569055
TEST,3.3669375,-15.408851315000764,8.686661818707667e-12,0.008955223880597015,-95.7815683711463,-26.65306271602786,-21.862543643076698,8000.0,-7.603546955502836,2.463518914882016,-40.33444509727393
TEST,4.3421875,-19.952511218753475,-0.030536932695759446,0.0,-23.558033892544923,-18.686170569283764,-22.582046829596504,7515.625,-24.2064162741762,-18.61646121463024,-42.914284918308724
TEST,3.2740625,-14.710072240991085,-0.3119592338416136,0.012307692307692308,-101.27950326293562,-41.14026988498535,-42.76458011984364,7328.125,-19.68007251071821,-9.497172972479781,-64.24463988584671
TEST,3.0883125,-17.7160063468738,-0.02894104410025029,0.0,-32.63370455306364,-38.975978901358936,-33.460302638151,7390.625,-34.75925804023596,-37.396302005933435,-39.73989064692444
TEST,7.73225,-15.404681383166501,-0.012201893076009884,0.0,-23.966667871534103,-10.586885588520143,-21.91536733475238,7562.5,-13.288339965898452,-14.718067833671391,-48.731759882279306
TEST,3.413375,-18.63904374579632,-0.08577542222324319,0.0,-34.70633405375516,-27.03571393471102,-34.54314286204789,7500.0,-20.14087476390086,-13.990968393010675,-43.094865459293544
TEST,3.5526875,-17.99125733518467,-0.0002650763516936566,0.0,-37.24303232821675,-31.427113845257963,-34.943552549386496,7437.5,-29.00968470584253,-28.854569002593514,-35.21528135189166
TEST,5.062,-17.581046467266088,-0.2098000410133086,0.0,-49.66011954143643,-42.7242595541377,-50.38646663903823,7656.25,-26.152490197825486,-17.635272975185188,-30.602013256117488
TEST,3.483,-19.471859404846295,-0.4795235917717538,0.0,-21.16128131287207,-21.696341003968904,-24.237997845565232,7421.875,-24.061488576522784,-21.769868078213918,-48.637138068244184
TEST,3.8313125,-20.53292565433436,-0.017778026505040515,0.0,-29.549651808167205,-32.41025561390281,-32.25800733815951,7515.625,-19.472577829148527,-20.39976433124457,-42.303666260107306
TEST,4.6904375,-18.165582367628495,-0.049177330881320744,0.0,-35.349941997799405,-47.039016602163294,-54.58294284904153,7609.375,-23.724245947568498,-21.566631929088466,-27.03544718256417
TEST,3.7384375,-17.475952478213525,-0.0037118053935714878,0.0,-18.642214184825434,-12.479115921423206,-22.822239201070403,7515.625,-25.379230595819493,-16.14938891027662,-44.56610785635146
TEST,3.13475,-16.815226309342822,-0.0002650763516936566,0.0,-38.50232750314969,-43.96931451668486,-45.94322459554974,7562.5,-26.898483005657496,-21.864711513368647,-36.21657552535709
TEST,3.041875,-17.18390279992149,-0.06011388434647803,0.0,-27.747183699385246,-24.615931948552834,-27.164973653900972,7531.25,-22.176160112485217,-3.9527678176841334,-47.6101830922684
TEST,3.0650625,-16.19631773904855,-0.08979189483734165,0.0,-32.181797403176915,-27.361752034749895,-28.757792033040555,7546.875,-16.989441866702222,-19.796541818008265,-34.56157927939442
TEST,3.204375,-17.6675048810888,-0.0002650763516936566,0.0,-37.71601962512328,-34.39060928974183,-32.56856089879198,7484.375,-22.473408006785917,-21.43608104120934,-41.21309220874258
TEST,3.622375,-19.165956948276786,8.686661818707667e-12,0.0,-26.669633262944973,-6.352966026244474,-32.14111332531256,7578.125,-21.854915139589764,-8.992253094462,-41.744450566887835
TEST,3.1115,-12.915166948739119,-0.0002650763516936566,0.0,-8.297960855083641,-10.533315623202888,-32.60248516757886,7578.125,-19.206512641205705,-3.198842880457839,-44.28414103030927
TEST,3.2740625,-14.553609668799783,-0.0002650763516936566,0.0,-29.28093936037049,-31.254939089344454,-32.402504551360316,7593.75,-23.05673531018731,-4.427609680480543,-42.23612089001304
TEST,3.1579375,-17.747616548245432,-0.0002650763516936566,0.0,-14.643619325233102,-57.13586581487597,-54.75889288467195,7468.75,-27.4562721108711,-25.00301062367741,-45.37026227279216
TEST,4.156375,-20.60984728673307,8.686661818707667e-12,0.0,-26.33183784619125,-28.838175950771372,-31.390288233417408,7484.375,-17.856088536535452,-18.723889574476814,-42.785646104330226
TEST,3.970625,-16.255652150221938,-0.0002650763516936566,0.0,-25.329303578480385,-45.55019276828746,-41.42061524125892,7562.5,-26.46835765692687,-21.575439257349743,-28.60154158209484
TEST,4.2725,-20.936155915531202,-0.044113837507178066,0.0,-28.390893176505465,-28.128321033498466,-30.893986761478395,7453.125,-27.36167930116619,-18.034042308792124,-41.377157069710194
TEST,3.1579375,-19.68602642959269,8.686661818707667e-12,0.0,-29.60622513971965,-30.544314404664977,-32.56734877038063,7484.375,-20.53418406532088,-16.001620982184264,-43.42320387653143
TEST,3.227625,-19.66234559637741,8.686661818707667e-12,0.0,-27.58657088760902,-27.526771089109282,-28.504130209344964,7390.625,-24.188747091078163,-29.423668207924067,-38.64318875150221
TEST,3.8313125,-15.587995646692328,-0.24244766312981061,0.0,-30.18826957041845,-25.514737949858933,-30.685284970361018,7531.25,-22.000981358372847,-16.44670207366815,-47.605578894201166
TEST,3.227625,-16.824510014918065,-0.15403951838922608,0.0,-34.72922658326645,-36.09897693672498,-36.66270282163064,7515.625,-19.514358326348635,-14.281101876334766,-49.2996989839244
TEST,3.4365625,-16.803887233773054,-0.0007952533425227559,0.0,-25.49152890281122,-27.780506162059396,-28.606364710699957,7500.0,-23.304208409577274,-21.447762762907388,-47.69641407692271
TEST,3.13475,-21.47895158643426,8.686661818707667e-12,0.0,-26.02439997343751,-19.104884393913267,-24.954997463600833,7531.25,-15.194349050992095,-19.167814516018723,-38.89262229989782
TEST,3.9241875,-18.671996687258417,-0.21142951098114093,0.0,-34.02192347732925,-30.03753113017863,-31.180146583534324,7515.625,-18.278123478618205,-16.78063917053538,-47.68371734511931
TEST,3.575875,-20.785672135543194,8.686661818707667e-12,0.0,-26.18849506737959,-28.010947033257146,-28.89103831793716,7515.625,-18.289442112146567,-14.962175447862052,-42.90342122724405
TEST,3.25075,-16.259477797483896,-0.19975839210760565,0.0,-24.75746164813536,-22.58019381234306,-25.984010921178147,7578.125,-15.620478444988407,-14.007262907672214,-42.25022887585195
TEST,4.0635,-16.69467108576857,8.686661818707667e-12,0.0,-7.112331807406115,-9.899488946128642,-14.491261209759102,7734.375,-17.143765379479003,-15.928859989882604,-20.738416650342252
TEST,11.0991875,-25.44817540194,-0.04331460831606196,0.0,-37.545808129129476,-40.31693981830791,-41.78724993908339,7468.75,-27.809690816340286,-19.34526921277017,-45.449217164528235
TEST,3.7384375,-18.03582656903151,-0.06251643547182334,0.0,-33.08785273706316,-56.360812032024484,-36.800230487715865,7515.625,-27.242956015285976,-20.686090215937398,-39.14575888673903
TEST,3.970625,-19.676345023275466,-0.09086326794771432,0.0,-30.035777719085626,-22.18591997484953,-29.592820989947864,7437.5,-24.77237754735502,-30.05040461611459,-47.87382136855931
TEST,3.3205,-18.440971958041427,-0.055310774842344916,0.0,-27.883570625067172,-25.932667137700406,-27.924612118598986,7500.0,-17.953375513922897,-8.872447554057437,-48.01759338017139
TEST,3.901,-18.21793839449931,-0.0889884517190884,0.0,-27.94345474275333,-30.48270300924856,-27.45493942912632,7562.5,-14.843600051990915,-8.957805052871016,-40.86408007628527
TEST,3.8313125,-17.812168955179043,-0.0002650763516936566,0.0,-29.116945400916876,-31.60487240845417,-32.85482439024798,7656.25,-24.368196062396102,-15.369770685594176,-27.466774782460377
TEST,3.041875,-18.550753409988474,-0.01857490929934766,0.0,-31.400579239618516,-27.723730011949932,-32.131202004707916,7515.625,-21.71430958910228,-14.327077853711046,-46.035062679653535
TEST,3.5526875,-16.667794844357655,-0.08443701063946542,0.0,-33.69883822600799,-33.347060899039334,-32.42729460933818,7468.75,-19.935180194808307,-18.09281287289528,-50.78754848613936
TEST,3.7616875,-19.436160543723254,-0.0066293370947771635,0.0,-28.23311984289228,-27.533124000815945,-29.282544108646,7484.375,-26.025660064345324,-18.129895701664807,-46.08464467637441
TEST,3.13475,-14.871959316265253,-0.08202838938132907,0.0,-26.445393493729572,-9.472878475849292,-24.45958413845361,7500.0,-18.37157780859062,-16.23528009292226,-48.31922512238797
TEST,4.0635,-19.553409767573847,-0.09970714208785006,0.0,-27.922730944372383,-31.44312215722843,-33.848106212684286,7734.375,-21.49023658726096,-15.509445436152525,-12.833228036467858
TEST,6.896375,-18.670728078609013,-0.16781100314318864,0.0,-28.55696076673155,-27.595226428675964,-30.528946074592064,7500.0,-33.85368506433628,-21.596021508707544,-37.245734195720445
TEST,3.204375,-16.70966806744052,-0.02548429104932288,0.0,-30.540070844904275,-20.828691088456623,-30.47831378110904,7531.25,-24.381229763980816,-12.713681200583792,-42.601893582866275
TEST,3.5526875,-17.867954552701374,-0.11339268399383029,0.0,-46.5978588607543,-13.777575756595626,-42.24723268171783,7765.625,-18.122178106816623,-6.950313824263098,-11.442026383058263
TEST,3.1579375,-16.29629187367498,-0.0002650763516936566,0.0,-26.62738739286586,-13.058613686675557,-26.232501427103283,7484.375,-19.75519716763856,-21.11915679241089,-48.068092666289324
TEST,3.4598125,-17.996036546202966,-0.07427181680151661,0.0,-33.545993949801115,-30.448464011089676,-30.909563309015823,7484.375,-22.032032584712017,-21.79994391365988,-48.00456887004347
TEST,3.3669375,-17.29832965888288,8.686661818707667e-12,0.0,-34.28068542516938,-30.543455481484298,-32.80109227821316,7453.125,-21.508383691568522,-24.426759871966567,-35.87047423140842
TEST,3.1811875,-16.98029953004525,-0.0002650763516936566,0.0,-20.373026210753405,-10.884282027861758,-25.935371137450336,7734.375,-24.576948877275377,-8.383819557189874,-13.913987190290854
TEST,3.204375,-17.87402561371599,-0.03346349022459015,0.0,-36.66041189684804,-33.39395018462817,-38.59787661267289,7421.875,-28.469762579464852,-21.555039564741072,-43.838785877015496
TEST,3.575875,-17.86082841121092,-0.06491965133610232,0.0,-32.28031014377333,-32.19369350878142,-31.556371262409556,7531.25,-16.337621251044208,-15.94924705543658,-48.59876233731363
TEST,3.6455625,-14.831961827991263,-0.21903774865290404,0.0,-71.66527962743598,-18.433673985362134,-71.0332401065301,7750.0,-16.366265771603246,-0.6446237143880964,-12.548317634498986
TEST,3.6455625,-18.069601969696883,-0.003976995056927497,0.0,-23.89150609940812,-26.9666183263297,-26.605337536170758,7515.625,-19.400446123237774,-18.15406006949884,-44.18786796683262
TEST,3.5526875,-16.254912313764873,-0.30728947443225535,0.0,-25.036432437154858,-28.282559509357725,-29.701286138472987,7531.25,-32.73403141910645,-15.72607842949322,-38.50258106723133
TEST,3.692,-16.742273840418672,-0.0015905795113501132,0.0,-34.43364039949149,-13.239210073713632,-27.515751158462137,7484.375,-28.321625904016116,-19.424982503398333,-46.407168669274185
TEST,4.66725,-14.749926637937424,-0.0005301608019318732,0.0,-21.58823801619415,-23.355271387643782,-24.10535684373717,7531.25,-22.6701215428237,-22.34576588294304,-37.83829794501406
TEST,4.1331875,-17.954077381933416,8.686661818707667e-12,0.0170316301703163,-141.2804811248164,-16.35298555835341,-28.258046165174328,7500.0,-23.120124860636114,-16.819011833579083,-43.36918791431806
TEST,3.4598125,-16.528029459717292,-0.08202838938132907,0.0,-29.265600908134594,-16.532656846831788,-28.90724113328713,7578.125,-17.493525133334124,-12.164840431758122,-41.70387370129601
TEST,5.6425,-22.150609115597494,-0.0780155042842847,0.0,-14.226269287079802,-15.378915462494767,-25.366080524085625,7468.75,-23.262396982862576,-16.858857281946193,-48.82072876043446
TEST,3.3436875,-18.06624755420766,-0.028143209745831645,0.0,-32.50506543175963,-17.067163369474834,-30.554138184848014,7515.625,-20.640959010119822,-19.045048448822683,-45.67746643949488
TEST,3.4365625,-17.53464849343995,-0.051310211493175405,0.0,-28.835926357123643,-36.432023632504894,-29.87582417076229,7515.625,-18.708073095960845,-14.461871023908465,-44.396059337676675
TEST,3.483,-18.084620547027043,-0.0002650763516936566,0.0,-22.230047061250254,-32.22359217528163,-31.631688648986973,7515.625,-25.124704625663565,-13.435093891553521,-43.458715088728766
TEST,5.062,-20.570219185218907,8.686661818707667e-12,0.0,-24.538609786709287,-26.2236564970804,-30.402933269496643,7531.25,-19.498047241763857,-15.896912632710531,-42.23158522212831
TEST,3.0883125,-19.17857487409397,-0.043847419605522145,0.0,-29.483902273915895,-23.9084558107564,-25.936720318247097,7562.5,-22.03980415839023,-12.122107855582648,-40.624968766513064
TEST,7.4666875,-20.808626133763074,-0.02787728124560249,0.0,-22.53544915109391,-0.9701166593487969,-65.9791606635673,7750.0,-12.318459667010679,-1.1537146905397577,-11.580806201863773
TEST,3.0883125,-19.317962194939486,-0.002120837418053447,0.0,-32.60482372817158,-35.817619879495,-34.121316681726356,7515.625,-21.366250486535932,-23.467371352678143,-45.34637560808372
TEST,3.6455625,-18.703498657797574,-0.0002650763516936566,0.0,-31.306877607311456,-25.653871190476963,-30.088507963197827,7515.625,-23.040490653274766,-14.345240891889176,-43.17073349304968
TEST,4.969125,-17.805108852807788,-0.0002650763516936566,0.0,-28.409651346115208,-32.563453671941616,-29.77622137481382,7515.625,-24.166279600146723,-23.31166183996158,-40.84667578476294
TEST,4.388625,-16.90555517621536,8.686661818707667e-12,0.0,-34.49556985472728,-26.833880162632955,-32.548923119453306,7531.25,-22.67204266586477,-4.361195241600335,-45.1876801838331
TEST,3.1811875,-22.437861427259197,-0.13894299628563775,0.0,-37.09143951764308,-32.243052448054364,-34.700482333728125,7468.75,-18.33243232997556,-17.242660900015565,-42.05834646742285
TEST,3.575875,-17.981614951718498,-0.0002650763516936566,0.0,-25.197623996362054,-24.603388805669468,-29.838007339542436,7515.625,-21.254297667233956,-17.31016494349707,-44.19302309856376
TEST,3.25075,-16.71990501760698,-0.06038080165633591,0.02476780185758514,-156.86228084318492,-35.299494785287166,-33.84302431966358,7546.875,-18.412336117427174,-8.291692739190168,-44.74554877097963
TEST,3.901,-20.143938982142945,8.686661818707667e-12,0.0,-30.079069935530477,-29.94862245935544,-31.244104424616374,7500.0,-18.96557913467027,-12.936290737723638,-47.80663008198103
TEST,3.390125,-16.89060526329451,-0.13517296197028006,0.0,-30.211018509272733,-20.674413157291248,-27.405929088801805,7515.625,-19.945663406799845,-21.84358889753601,-46.56435203828785
TEST,3.13475,-14.175115559043556,-0.010609369379315323,0.00964630225080386,-88.44288866270915,-27.170860297299008,-35.90645012779807,7546.875,-26.06239273331721,-5.823887240731189,-40.30786176877724
TEST,3.901,-17.498287130942337,-0.0002650763516936566,0.0,-35.08536802814865,-32.98085352324108,-33.497876808137406,7500.0,-21.695112935662582,-17.99775895552547,-43.904507664532716
TEST,3.1811875,-22.014306801161567,-0.4800838452397493,0.060126582278481014,-184.49808462933328,-15.207208568934877,-31.890320791462166,7500.0,-21.3942581852004,-13.221527139774018,-45.50807152996218
TEST,3.5526875,-21.51934417988013,8.686661818707667e-12,0.0,-33.82108291561285,-11.422368087654622,-35.23097464999495,7468.75,-20.080108254559732,-27.06257583923344,-42.112224516635806
TEST,3.692,-17.974834341604108,-0.07186601234086222,0.0,-22.926633550364244,-8.73891810288057,-22.66095891663491,7531.25,-15.879597685345491,-13.663073823130098,-46.55797863866812
TEST,4.736875,-20.440432884466446,-0.1883738141203238,0.0,-11.366214728196514,-7.346178211312523,-34.343395415398234,7500.0,-22.63106502685269,-16.887912111671554,-46.33878109732596
TEST,3.1811875,-20.67978665186186,-0.2457191846894115,0.0,-33.519072676070735,-13.020279430229294,-32.96716936697605,7531.25,-19.659830934988456,-15.235182841693323,-43.43301458307115
TEST,3.1811875,-19.223396975966512,-0.3527200311515069,0.0,-24.04731517089384,-36.15794594849493,-30.70865779748057,7546.875,-18.812205688451492,-13.743671623936407,-42.314267412865505
TEST,4.1099375,-15.439487010006872,-0.0002650763516936566,0.0,-34.46948182041207,-29.584289054118923,-30.91772465635022,7515.625,-18.892095889565432,-14.433836006727638,-47.293372425027435
TEST,5.317375,-17.07578620355686,-0.0002650763516936566,0.0,-33.24102523308171,-16.838742483788938,-27.097224833222413,7515.625,-19.9120482589003,-16.203618504559905,-43.163128012605604
TEST,4.736875,-17.643667345412542,-0.0002650763516936566,0.0,-30.332273423795918,-12.36819456645212,-30.34230839029751,7546.875,-19.673808124352142,-13.721384788680304,-41.45641435513674
TEST,3.692,-23.388650805850503,-0.1670003111020255,0.0,-30.369139101195124,-27.774285781887073,-31.94520835410014,7531.25,-19.93558907155294,-16.12097312068756,-43.68717019719253
TEST,4.1099375,-19.88557784381747,-0.07213329104349293,0.0,-39.17454943031771,-14.484417218608563,-34.356200309390516,7453.125,-14.19774140499231,-24.408990320185254,-46.73573065785299
TEST,4.2493125,-18.05362714300221,-0.0002650763516936566,0.0,-23.97641260735736,-23.26585826012883,-27.80248878802456,7500.0,-17.838554967469953,-21.00762847181739,-47.76599939555483
TEST,3.5526875,-19.615923376548118,-0.042515452658982836,0.0,-37.5863066013047,-29.7078916303933,-35.033294234105476,7453.125,-26.147051286454584,-23.965013003560955,-44.0238971165283
TEST,3.0883125,-17.124851343215816,-0.1359806887238315,0.0,-24.05362241666194,-26.131344292936806,-26.277498601345865,7468.75,-25.230888376633214,-19.926558628035615,-49.10935457609125
TEST,6.19975,-16.960648725048223,-0.24490118877242928,0.0,-42.516917307127734,-10.032230704896167,-42.849026396303,7546.875,-18.19660366241589,-12.406933480371194,-48.8906458831684
TEST,3.204375,-18.184586959411643,-0.21659151682966904,0.0,-21.833056480911694,-17.538561921571066,-20.601531384929416,7546.875,-16.0428428804723,-13.283572377341372,-47.69581163615581
TEST,3.041875,-17.730280163834422,-0.12844482514991065,0.0,-35.32894365111191,-30.585920940438285,-32.46992911194712,7531.25,-25.569656183002778,-18.25127155134311,-42.600671653661564
TEST,3.4598125,-15.78365188901355,-0.0002650763516936566,0.0,-31.08012982174431,-20.127458163841755,-30.050693781549054,7546.875,-16.885341737261207,-6.9242832336980555,-46.92933937271266
TEST,3.390125,-18.522663079799482,8.686661818707667e-12,0.0,-27.122870307716543,-31.295813650487563,-28.75432139734445,7531.25,-19.655623874665515,-19.132646321783987,-44.9469285085627
TEST,3.1811875,-17.100842983779177,-0.0002650763516936566,0.0,-36.426109802307906,-37.502239396304006,-35.219687385557904,7484.375,-24.28823144598783,-26.547810319902418,-41.263134549858364
TEST,3.3436875,-20.924690741369098,8.686661818707667e-12,0.0,-1.3083682333003654,-51.077995945441884,-51.601881897767655,7437.5,-13.304841253917282,-17.132317382680036,-46.98831601139612
TEST,3.018625,-17.648854729812484,8.686661818707667e-12,0.0,-29.362066320815323,-29.009241689634223,-32.585954927716664,7578.125,-11.42971950429962,-13.218756267332928,-47.05503489404245
TEST,4.1331875,-20.99811320867159,8.686661818707667e-12,0.0,-28.72703249171895,-27.32904637566731,-29.16955557260117,7453.125,-19.94131901247286,-23.45856477584708,-48.793026196563325
TEST,3.3669375,-20.74710604457828,-0.0002650763516936566,0.0,-26.42269120614735,-13.49101471306291,-28.598561908584244,7468.75,-24.832002905106094,-30.85949931849096,-41.90970810967178
TEST,3.25075,-19.592632038810127,-0.0002650763516936566,0.0,-29.86286380980421,-30.98467806839607,-29.476781295650113,7484.375,-18.586691651977176,-23.253948581417347,-38.92763311290227
TEST,3.3205,-16.22343628723632,-0.0002650763516936566,0.0,-25.662903908794583,-23.9100273720951,-25.384558802445973,7562.5,-19.23886159335502,-11.84047955585919,-43.59319106126564
TEST,3.041875,-16.619574950956604,-0.023889330438006076,0.0,-29.382648822257107,-35.07915119727707,-35.56955317326879,7500.0,-22.167167115300494,-13.938303554036544,-44.38198779668633
TEST,3.1811875,-15.610032083552163,-0.05344361597734182,0.0,-13.042979753885403,-8.974173562940189,-27.853936244001623,7515.625,-25.594971027500588,-15.242793345746783,-45.20061188892632
TEST,3.0883125,-19.07119024707248,-0.0002650763516936566,0.0,-37.96079761756076,-31.962077841834866,-35.14448881902139,7515.625,-16.397424575769648,-17.132959472910102,-40.91487517411905
TEST,3.3205,-19.320982919659105,-0.0002650763516936566,0.0,-28.38810862443497,-18.627123533567104,-31.218743734076043,7562.5,-17.575789056990157,-9.95199717173454,-46.168356589691896
TEST,3.901,-16.80955572223715,-0.0002650763516936566,0.0,-29.799061114223896,-20.41392132342996,-26.548889583092013,7515.625,-21.971912310167426,-15.714514897212943,-46.69494099513069
TEST,4.0403125,-17.591111492135685,-0.02149743853143496,0.0,-31.27474855062742,-29.42273419624604,-28.957314740862877,7500.0,-19.72465712781886,-19.603852205414483,-48.08248058893236
TEST,3.4598125,-16.86257797931941,-0.21061473778622275,0.0,-35.52547556707613,-24.221968383384876,-31.044522786055218,7500.0,-18.691853494968726,-7.51682534126779,-48.133850136757744
TEST,5.03875,-18.233869513644084,-0.0002650763516936566,0.0,-16.76789185118735,-57.16573572939746,-57.50743018836831,7484.375,-23.650834706597205,-9.088330260073462,-42.98224997259763
TEST,3.018625,-15.077062779998219,-0.0007952533425227559,0.0,-31.486027282501546,-33.12687014662755,-33.982976695316786,7531.25,-16.25923411294301,-10.671379545795403,-47.523528818392165
TEST,3.413375,-14.043680478336999,-0.0002650763516936566,0.0,-28.38705094506749,-24.464002104684273,-24.510350552024352,7500.0,-16.95765752924295,-16.509364778612245,-48.40871250351016
TEST,3.1811875,-21.036055120015973,-0.1986735034706847,0.0,-33.66139247348228,-31.49902261143337,-36.146166225265404,7484.375,-19.189193768364063,-22.571047139249757,-43.5729420380149
TEST,3.575875,-16.379792525493283,8.686661818707667e-12,0.0,-25.877732218664043,-28.511009049422796,-27.868081792052045,7578.125,-16.572570390680905,-7.101111589550271,-48.55646825820609
TEST,3.1579375,-15.683862781913158,-0.08015547895263306,0.03184713375796178,-179.46763298047483,-14.032146121559228,-29.024931876477304,7562.5,-22.478579880709983,-12.040738937139366,-38.56657526679499
TEST,3.390125,-17.839045356794266,-0.3764935257951537,0.0,-25.731487168055196,-22.737491449749065,-29.398728173877387,7453.125,-26.898415568579104,-26.686667516460382,-42.48843592803715
TEST,3.25075,-17.377396044640065,-0.02043458685057665,0.0,-32.975294255717536,-34.86603171558997,-32.14500922746858,7546.875,-17.562645263053405,-14.99307864596922,-43.28706536564706
TEST,3.599125,-19.437039255002034,-0.0002650763516936566,0.0,-35.430507578580404,-32.42261584676231,-32.20055628940783,7531.25,-8.329820533781941,-14.301151180175118,-52.177969855475844
TEST,3.1579375,-19.91850092552031,-0.034794069684300336,0.0,-28.888769232998197,-24.17715544190187,-26.40613677398783,7500.0,-19.34856528421824,-30.142725410186898,-45.0481261840943
TEST,3.575875,-14.900128147646889,-0.020168894250398202,0.0,-50.58580594067725,-22.726951411738565,-30.926009788243146,7546.875,-24.861495297040705,-6.6107568579299425,-41.13875068540119
TEST,6.1533125,-17.454577379868983,-0.15349990483094633,0.0,-14.57741782664766,-23.767403136052074,-32.80679173476738,7703.125,-17.744143718053003,-10.408840341329316,-25.7678728306023
TEST,3.1579375,-15.701009162616351,-0.0002650763516936566,0.0,-26.082178147305463,-18.674679393346388,-27.085758560536547,7515.625,-23.086118544163835,-17.631616129672253,-49.4875325727231
TEST,4.66725,-19.543441978049486,-0.14864489077773368,0.0,-29.113313609508996,-17.687335800548684,-29.89630984373198,7515.625,-23.69716857224062,-13.478690975724653,-44.92455902115839
TEST,3.1579375,-20.196610012234206,8.686661818707667e-12,0.0,-29.607990704381358,-32.80303952540569,-33.83914262236556,7531.25,-21.56402585677541,-18.673458485724865,-35.150420902403425
TEST,4.0170625,-17.17051594460787,-0.0002650763516936566,0.0,-29.05220395776329,-28.3607917820788,-28.446337992054616,7500.0,-28.444319032383817,-16.856298289187507,-43.163531615039915
TEST,3.227625,-18.427393223668442,-0.013794708809204146,0.0,-35.84122538551649,-22.222916286046747,-37.62920687711009,7468.75,-26.778255539934953,-22.43242669987191,-46.1825547635393
TEST,3.8313125,-20.572445208610635,-0.22937388510096302,0.0,-32.153978599009946,-28.922046807605163,-30.388133644208715,7562.5,-17.72122563485474,-13.29802664210682,-39.51476886852714
TEST,3.3205,-17.990230760612103,-0.09649014588883292,0.0,-38.20759391736612,-36.86561671528877,-35.97523294506069,7484.375,-19.390429846408253,-16.021025188555505,-49.85406110518721
TEST,5.3638125,-21.632135584012076,-0.032665240375998265,0.0,-32.57987423560374,-34.51923062855033,-36.74818582351953,7421.875,-25.576521017189137,-25.391369152358763,-45.04781436465706
TEST,3.204375,-13.01470906879041,8.686661818707667e-12,0.0,-23.060091709247942,-7.086792725527672,-50.04215160286472,7578.125,-23.79463447467163,-15.5150334318553,-42.92834941840363
TEST,3.784875,-19.190438401424046,-0.022560420284397725,0.0,-30.88711451238866,-35.42721332605856,-34.50576375605171,7687.5,-24.651231915901413,-25.137535716738164,-13.938267815681542
TEST,7.0134375,-25.520936262107906,-0.0002650763516936566,0.0,-20.744111015948313,-54.38829308926212,-54.88993429484134,7312.5,-40.415475089789346,-38.66140385198507,-17.046501528707253
TEST,3.0883125,-15.638523206291211,-0.025218443941243167,0.006514657980456026,-87.25716008339631,-38.8208528003147,-37.658902695657986,7578.125,-18.510957226484102,-0.2810245847170165,-41.279613541046714
TEST,4.156375,-17.927304910365333,-0.05291021572919726,0.0,-24.117423191640178,-27.703796547315363,-27.082608940992884,7484.375,-18.407110362296905,-13.353583723807581,-52.771287606277916
TEST,3.4365625,-19.69685313577112,-0.16564932582282452,0.0,-32.4631047718215,-19.14749861120552,-30.155490306360264,7500.0,-20.075932579590905,-16.05643208440535,-44.58114464726927
TEST,3.390125,-18.619078016764725,-0.0002650763516936566,0.0,-28.657126391855545,-32.480345444775494,-31.911145516181673,7593.75,-19.045965645873423,-10.700066935506925,-39.28540105703303
TEST,3.5526875,-15.668087097920909,-0.0002650763516936566,0.0,-28.46942254885434,-25.0621488306424,-29.013730070057612,7484.375,-21.778794465766982,-21.84240372817473,-48.76555593216047
TEST,3.9241875,-18.648805567071605,-0.048644192553258914,0.0,-11.231771374396082,-13.076192076778092,-26.537344469490584,7484.375,-25.919121521398736,-7.760454777414637,-47.38180555478998
TEST,3.9241875,-19.30419810337333,-0.0002650763516936566,0.0,-35.46582766272556,-34.10290783315493,-37.4512851567547,7484.375,-28.116690616590468,-22.210437510040506,-43.961445487830744
TEST,3.8776875,-17.320539650144234,-0.25499519297415973,0.0,-28.394149271621266,-17.1596778502148,-31.02235279788136,7515.625,-18.646356811372037,-29.729516339523855,-38.45591933137578
TEST,3.1579375,-17.85128890568434,8.686661818707667e-12,0.0,-30.03931439206132,-29.028050173301025,-31.734007329477016,7468.75,-15.997218446060046,-28.946314898103594,-39.270941374597825
TEST,3.599125,-18.662413013880766,-0.00875179402535564,0.0,-35.21554013228071,-18.80129034747666,-33.05701745671724,7406.25,-24.779992285795814,-31.20162002082366,-41.29975179695829
TEST,3.4598125,-14.651484055691046,-0.3166315051852129,0.0,-32.39542889497086,-22.188152181589068,-27.053240922182486,7515.625,-20.309117808365006,-18.7110704175618,-45.74887951313466
TEST,3.7616875,-16.245512824670023,8.686661818707667e-12,0.0,-31.89866769166631,-23.896509990211513,-29.095066599019113,7562.5,-20.12017358646981,-9.507193361612373,-44.117120143760204
TEST,3.4365625,-18.767069930883476,-0.026813648654277183,0.0,-31.17621002618278,-25.837398650362353,-31.815956033692004,7468.75,-17.82040326432647,-24.373864920681562,-48.46148130604385
TEST,3.204375,-18.97810114973079,-0.07079697976867505,0.0,-34.07054283337163,-35.178981957633944,-33.88075783567182,7531.25,-20.731766269728517,-15.212502394484432,-51.808134079004
TEST,3.50625,-17.507624389951783,-0.19704642454527938,0.0,-36.78411910426291,-39.11133778502314,-36.47522945970155,7515.625,-17.825778917604467,-21.21336705597499,-44.365119992571834
TEST,3.575875,-19.805167543232287,8.686661818707667e-12,0.0,-30.27245259795265,-21.742619119290595,-27.269737329467105,7515.625,-22.174205800203783,-15.522700653084044,-48.6006124054812
TEST,4.4118125,-18.257362932402625,-0.0002650763516936566,0.0,-34.914742451517235,-19.274611194492195,-27.299845827975282,7531.25,-17.985114997408893,-16.725151230108366,-44.691376082681835
TEST,3.1811875,-16.68284370136137,-0.10694974284495923,0.00949367088607595,-90.41555913850887,-34.56219483973197,-38.16009447811901,7562.5,-19.084535096117584,-7.272361430570108,-40.19844425141413
TEST,5.2013125,-20.454566308873027,-0.2087138975033206,0.0,-26.215221480746774,-29.196490541499106,-32.990522255550744,7593.75,-18.393074766890173,-10.446476743906238,-46.462114147582945
TEST,3.1811875,-18.103875182240458,-0.03106896072716775,0.0,-32.71629451936934,-13.843314397319606,-30.138836393514115,7500.0,-21.95672016159569,-12.479908306970259,-50.828238757425005
TEST,3.041875,-22.69461529325231,-0.04198272306649124,0.052980132450331126,-131.30079417221572,-10.10383658401654,-35.83030160585886,7500.0,-21.7896709515311,-15.931554685428104,-43.15437943251463
TEST,3.0650625,-15.507145951723007,-0.2555411491412873,0.0,-23.293477756933093,-23.77198668587434,-26.403332307024606,7500.0,-27.44049441728073,-25.579220019005497,-41.71900386337333
TEST,3.3669375,-13.632150055348669,8.686661818707667e-12,0.0,-57.06998968592494,-20.694438615790283,-46.6909935455572,7578.125,-21.508965859084668,-5.199543521564529,-38.78510223940407
TEST,3.3669375,-19.466873312111403,-0.3163565961114909,0.0,-33.713145118906816,-28.645976489037828,-31.618386744240333,7500.0,-18.43537634676338,-14.761366482008526,-47.772458593604846
TEST,3.0650625,-15.508302434999013,-0.002385978511132731,0.0,-13.069768622576785,-7.043759799022421,-31.60639101796531,7734.375,-16.41809720219682,-1.3620931226575834,-11.892333825249793
TEST,3.1811875,-17.575681260555815,-0.0002650763516936566,0.0,-23.220182014688795,-24.487876809882273,-30.56147463078853,7562.5,-21.544257607176142,-12.25705763067279,-43.49223259770789
TEST,3.413375,-18.420744152890315,-0.08336642984273752,0.0,-28.730617114744817,-24.074989718165916,-26.849601914250897,7484.375,-22.00198201458616,-20.740394229317218,-49.466607926818895
TEST,3.0883125,-19.076636208537938,-0.34968392358731193,0.0,-35.14664267177011,-13.343907166208746,-34.87146892579929,7484.375,-20.6320226628154,-20.737519514513792,-45.30233695348289
TEST,3.2740625,-16.66408284762541,-0.05717833516672343,0.0,-29.284878881548515,-24.7766865136523,-28.638796615750714,7500.0,-23.411707210222676,-19.666697391453788,-42.878227544111795
TEST,4.0170625,-16.06461716509323,-0.0002650763516936566,0.0075,-27.965795744439912,-81.55427465114175,-34.696506351365,7531.25,-24.022951765164496,-14.196893829422486,-36.829925362563884
TEST,3.3669375,-20.022589058189496,-0.0002650763516936566,0.0,-33.85893134977768,-38.302917800414654,-38.280185617850236,7468.75,-17.037969752094867,-22.263211904786814,-47.32741668421772
TEST,3.25075,-14.97288315869513,8.686661818707667e-12,0.0,-51.70654655824548,-52.452240981404785,-51.04468772078571,7437.5,-25.79241835384452,-21.287167037324885,-39.62803837022324
TEST,3.0883125,-16.10969013612858,8.686661818707667e-12,0.0,-40.160129234493816,-15.86658017411612,-37.89863070283234,7468.75,-22.623342232891904,-24.261283775111693,-44.507947761069204
TEST,3.390125,-19.45384299170376,-0.010343977148118291,0.0,-32.41143680712727,-33.51101054270162,-34.50919760007395,7500.0,-18.516035713090474,-15.776222723071356,-47.8961093377439
TEST,5.9443125,-16.43703202586109,8.686661818707667e-12,0.010135135135135136,-10.808714276598645,-8.80366412410285,-31.88565103290012,7515.625,-18.371126974261944,-7.107913937220928,-44.8862644299295
TEST,4.0635,-19.181435964642766,-0.0002650763516936566,0.0,-29.122976437224878,-30.848857412422227,-30.860892100160477,7500.0,-17.67686107002413,-21.164862670997813,-48.35240676571151
TEST,5.1084375,-15.214995615928096,-0.05797884110139964,0.0,-26.749549879028635,-26.978261659487615,-28.707115685326244,7593.75,-20.912962521969586,-6.386510242409997,-43.357834508590024
TEST,4.68275,-19.954295690203793,-0.0002650763516936566,0.0,-65.43444764069018,-4.094158484994402,-65.29637108178251,7656.25,-24.383685627384395,-22.393538053209944,-21.584146617294564
TEST,3.204375,-16.77289155157647,8.686661818707667e-12,0.0,-27.385884037627612,-28.85218098998059,-28.853209993256314,7468.75,-25.40495641902798,-14.08829756328128,-45.89140229925034
TEST,3.6688125,-17.992905397036434,-0.05637790300119763,0.0,-38.0673015848205,-15.09909403889683,-36.736537316503444,7453.125,-20.20524664469714,-24.840476615350127,-44.68121570368595
TEST,3.599125,-16.33362268805832,-0.0015905795113501132,0.0,-29.92071626439526,-30.637895931535482,-28.26707110062454,7531.25,-20.10506589928801,-17.14279800217585,-46.93560018578371
TEST,4.87625,-18.704650820841234,-0.18620701386260433,0.0,-46.51198068313502,-10.779375931221303,-23.001669397993226,7515.625,-13.442245204425518,-17.294741636052798,-42.766381569770004
TEST,3.4598125,-17.339484199102657,-0.152690547345179,0.0,-34.396762794218375,-20.459427115449625,-27.328790327338453,7531.25,-16.46361969868351,-16.583216764123293,-41.61843724991752
TEST,3.599125,-18.49082195002367,-0.0002650763516936566,0.0,-26.346897858242556,-23.453062817079548,-26.090120622203273,7578.125,-15.004093930704911,-6.489068150795511,-39.00333329921366
TEST,3.7384375,-17.134580688799982,-0.17754521413522523,0.0,-27.13345222443698,-29.246142205444308,-27.8061241311284,7468.75,-18.049903430319823,-18.680846120798073,-51.81697978264903
TEST,4.29575,-17.489682699769105,-0.048644192553258914,0.0,-34.01104734725189,-35.304574796694155,-34.01045193540766,7500.0,-23.928154643319736,-25.265517989181376,-44.202931675319604
TEST,3.25075,-15.219728434628923,8.686661818707667e-12,0.0,-30.739143182569286,-25.599376615763674,-31.577197655726806,7531.25,-17.34153487080957,-3.5819683692300615,-47.49449107971044
TEST,4.4815,-19.83157661868768,-0.02229466265015617,0.0,-21.27361712094634,-22.871669460384226,-26.49502096653932,7562.5,-14.473575138993176,-15.101472080075908,-46.76004261826195
TEST,3.1579375,-16.918322923945986,8.686661818707667e-12,0.0,-28.34321579100146,-29.38436924797335,-27.90466337163844,7500.0,-18.983092961249067,-15.886676140731275,-42.26946815763786
TEST,3.71525,-19.91221280985088,8.686661818707667e-12,0.02972972972972973,-48.497566005903494,-112.25160890352953,-48.347282983152105,7468.75,-20.75250690112609,-18.753897037631575,-46.02736547694987
TEST,3.1811875,-16.184209809553526,-0.011140178169657216,0.0,-29.987870354084983,-52.999855773226386,-33.07817429963616,7546.875,-24.770175000290358,-19.386442851917778,-39.69144191733682
TEST,3.5526875,-17.340225486929242,-0.0002650763516936566,0.0,-31.77687354539414,-18.53377840673251,-28.242416331241508,7500.0,-22.187243521031583,-19.768067235838103,-46.83555799027454
TEST,3.25075,-17.589708747185476,-0.00583354943784558,0.0,-29.761473133429824,-30.469369246762824,-31.591793218991114,7562.5,-21.220151082101676,-25.464162236850704,-40.1750015366001
TEST,3.575875,-15.778548494089701,-0.0002650763516936566,0.0,-24.251569075186122,-20.374621425646033,-28.32074581800777,7453.125,-30.99907936072429,-22.526808329758403,-47.113918053292934
TEST,3.622375,-17.05116006050494,-0.0002650763516936566,0.0,-24.240849608846194,-22.547718821442015,-27.579199657924672,7453.125,-25.22223416527084,-17.10941123696788,-48.266842393195205
TEST,3.3205,-18.282820586377305,8.686661818707667e-12,0.0,-28.82226873662168,-17.403542452738353,-28.01003713409765,7515.625,-20.30240955631269,-18.51162523321362,-42.217502806001264
TEST,3.7384375,-18.707955348026683,-0.0002650763516936566,0.0,-39.98627518068674,-34.510138464744315,-42.98893658644535,7531.25,-18.57260095237085,-11.413155267039528,-42.84260656518213
TEST,4.4350625,-20.053041654357763,-0.3521679326521596,0.0,-55.2352611735565,-55.329981904774606,-55.24643702328628,7421.875,-25.06503898872584,-22.508013674508028,-50.547840160968335
TEST,3.1811875,-12.811841423127941,8.686661818707667e-12,0.028481012658227847,-179.8520983243151,-34.28028146947882,-37.76617593122819,7578.125,-21.399437119564414,-14.843009722748405,-33.94702788531369
TEST,4.179625,-18.29613274661744,8.686661818707667e-12,0.0,-39.936036036843994,-22.133931036623657,-37.35003127997365,7750.0,-20.558581063618092,-20.794382200813317,-34.37768256911892
TEST,3.0883125,-18.231892002222853,-0.20437068114278062,0.0,-33.55571595803359,-39.38781839300208,-37.0859458618871,7515.625,-17.478564588283042,-14.222616187614321,-43.12513635064168
TEST,3.3669375,-19.902706012596855,8.686661818707667e-12,0.0,-34.24365535180792,-33.35746164637948,-36.76866208770056,7515.625,-16.690162292876234,-12.892118742781577,-43.00887099035191
TEST,3.2740625,-17.792091798450535,-0.01299826443135051,0.0,-30.31827893020699,-19.944058589330485,-27.647870666175724,7500.0,-23.06076052563505,-10.384668455515495,-44.01166836103034
TEST,3.7384375,-12.763101783360852,-0.0002650763516936566,0.0,-28.033215650786072,-21.830619795916775,-31.43659312547779,8000.0,-47.490281199362556,-14.183527435830328,-28.44380216004521
TEST,3.2740625,-15.448696975948957,-0.04731148988274164,0.0,-29.07801575740219,-19.462810815140884,-26.861735698413625,7484.375,-23.024324031580136,-21.867033825266375,-43.79887874194492
TEST,3.13475,-19.100317657512036,-0.028409146388016938,0.0,-22.504533692320603,-18.12419363463313,-26.155446686243163,7515.625,-21.36688134419916,-11.257936589731713,-47.91994546147003
TEST,3.413375,-20.371730989492924,-0.0002650763516936566,0.0,-32.659695229471374,-20.96480366643923,-29.113141995047805,7531.25,-20.575143536698697,-17.619605541478656,-44.25649885059029
TEST,3.3205,-17.817328867378894,8.686661818707667e-12,0.0,-38.95965424922863,-45.68851164334733,-46.136183228482864,7578.125,-23.383912526896808,-9.64181827642858,-43.37383056399666
TEST,4.736875,-20.732107824645723,-0.03825453050433889,0.0635593220338983,-59.48670916834435,-139.77228580741723,-67.52047702288077,7765.625,-11.432317282111839,-3.9257282196730188,-13.220037869641281
TEST,3.3669375,-19.085676658140603,8.686661818707667e-12,0.0,-32.569223950380604,-34.87553047104036,-33.14084554043946,7578.125,-19.885992512305144,-11.023796964339873,-37.171305491973435
TEST,3.13475,-16.348209746790342,-0.0002650763516936566,0.0,-8.074229824313925,-6.572524866572085,-29.942885186811758,7703.125,-14.787815182095358,-8.42505783105684,-27.191472097052824
TEST,3.0883125,-17.26827721215758,8.686661818707667e-12,0.0,-30.642759361065906,-30.96036475652263,-33.754269815502255,7468.75,-20.05885874797553,-30.55599773529171,-33.910351168500625
TEST,3.4598125,-17.403061898555897,8.686661818707667e-12,0.0,-29.88063412147337,-28.909528813470693,-31.59025757757484,7453.125,-23.947551797833192,-18.02399939240221,-50.011141137695645
TEST,3.413375,-18.07301069201792,-0.0002650763516936566,0.0,-32.27903870036041,-28.790627169405752,-31.304891482436638,7500.0,-23.991231069383666,-11.9709639592892,-45.623222172516364
TEST,3.0883125,-17.80916248259572,-0.010343977148118291,0.0,-34.36934938190544,-43.48918285623874,-42.14089413749458,7562.5,-29.688067134831435,-21.483201652289353,-28.16830708725611
TEST,3.413375,-17.642602619558076,-0.0002650763516936566,0.0,-32.694697173434264,-30.374465504761268,-32.10047451313635,7515.625,-22.78161123880251,-19.627514386885366,-43.57677680676209
TEST,3.3436875,-17.724480030397277,8.686661818707667e-12,0.0,-29.64161556970414,-35.69096273973079,-32.38425201423776,7484.375,-25.606303695344696,-20.14442318912654,-42.396336477991724
TEST,3.3205,-16.144345534171013,-0.0002650763516936566,0.0,-28.91533007994999,-27.528444051865478,-31.361926413626335,7562.5,-18.583319484152234,-15.724932312693149,-43.9981321074702
TEST,3.575875,-17.076600001316855,-0.037722062173869836,0.0,-32.567121638144584,-26.985006507165764,-31.174911171267937,7500.0,-27.023568010190715,-16.343763716352242,-45.490363705807496
TEST,3.1579375,-17.764831261619072,-0.1268308475104468,0.0,-24.166006245550452,-10.404233866313728,-61.066834961140586,7578.125,-15.520192024729859,-4.775044737109944,-43.48998156155913
TEST,3.1811875,-15.870829058156241,-0.15080233977989782,0.02531645569620253,-155.73212935796653,-39.68303708298924,-35.95629007201963,7578.125,-17.731145636113084,-8.07848264946309,-44.541786436200965
TEST,3.3436875,-18.18639974017686,8.686661818707667e-12,0.0,-27.810729178607204,-25.399541075198684,-29.014790933023882,7750.0,-25.419413315915495,-10.185682211445496,-10.724423816856728
TEST,3.390125,-16.526001511580514,-0.018840553144862864,0.0,-25.200187905338193,-26.02766551865206,-28.829482722877206,7421.875,-24.396975998276698,-17.30230893021676,-49.16254362895079
TEST,3.204375,-18.409148293384163,-0.1602474850205539,0.0,-28.732350390317997,-23.87706064967299,-29.197093995391768,7453.125,-22.924887075683845,-26.324078766227572,-45.14055370636433
TEST,3.413375,-17.100849841127225,-0.01645005095884887,0.0,-27.963460798395644,-30.397244946566154,-27.951799612115963,7515.625,-18.08971395946765,-13.362159652098327,-46.87383747705909
TEST,3.25075,-19.395101951143754,-0.0002650763516936566,0.0,-33.477871239401985,-37.113726120394155,-35.88298396538319,7562.5,-18.37148428698081,-14.102654141103365,-42.03651348466714
TEST,3.1115,-21.218271017876724,-0.01246734208167076,0.0,-41.257402223505856,-38.65363169029699,-41.103084355790116,7453.125,-26.18674820216544,-20.699356625711253,-47.99584808009075
TEST,3.018625,-18.099853343951636,-0.020965996433982316,0.0,-34.86750298420068,-39.43057228527058,-39.674563444087966,7578.125,-25.795980985209876,-14.49596708783686,-36.45255200480722
TEST,4.08675,-21.058743391689084,-0.10668139065097615,0.0,-36.36534024407704,-33.74305966136464,-35.55167337224079,7500.0,-20.6560622594211,-19.034973296716437,-44.60199682865651
TEST,3.13475,-15.149616310049261,-0.004772612629630685,0.0,-42.919977322716775,-17.47747144401998,-46.261114462638076,7562.5,-23.002566582835836,-7.946654360921812,-42.69936157026596
TEST,3.970625,-20.016285626154627,8.686661818707667e-12,0.0,-43.714457728382726,-36.71606747169847,-38.892419893361,7593.75,-19.689780698739334,-22.285967981386527,-28.454699136127175
TEST,3.483,-21.620630621114802,-0.0002650763516936566,0.0,-16.866060485426974,-16.34983280374627,-28.43072185256916,7484.375,-15.438145034276644,-12.563948240535176,-44.348792476517886
TEST,3.0883125,-15.114613675439672,-0.06946087405174609,0.0,-49.486411414411656,-24.85092513537878,-23.750806846042835,7671.875,-23.830470435063035,-0.25714965975269166,-25.5605023791815
TEST,3.4598125,-17.48344255589379,-0.13840431975980189,0.0,-33.869595929268236,-20.66066574320151,-33.681346885760455,7531.25,-14.10819514828355,-17.727223190485915,-47.340841467634796
TEST,3.1278125,-19.891928394654013,-0.11527277576098138,0.0,-69.44178021556102,-21.751674185284077,-68.43426464250147,7718.75,-20.483536310332003,-20.546282874082614,-13.824116168303817
TEST,4.644,-17.824482346242597,-0.04065104201550308,0.0367965367965368,-33.314601516866084,-191.11078956040114,-38.43274528359934,7562.5,-21.880819585876928,-13.53078021319726,-35.82004693495375
TEST,3.018625,-20.455103213825232,-0.0002650763516936566,0.0,-34.60674259720189,-33.20080183739988,-35.16227445992092,7515.625,-19.245606147955392,-24.110170964868104,-37.18288605856756
TEST,4.3421875,-22.357103845140543,-0.0034466238264973144,0.0,-29.607488251627625,-24.36025194213156,-28.67243946150955,7640.625,-20.213869946427288,-6.501161216389761,-39.98543147723515
TEST,3.0883125,-17.855129913279047,-0.20247120668336382,0.0,-28.731008630418994,-29.700625879306326,-31.816687594026863,7453.125,-24.25254386729514,-16.487235246294084,-49.657171664915154
TEST,3.4365625,-16.233302662241407,-0.11795932727726678,0.03508771929824561,-133.98065362771746,-10.103364530638707,-27.408948806020447,7515.625,-23.10046896646082,-12.08752434404802,-44.37342063528615
TEST,3.3436875,-17.088436948178966,8.686661818707667e-12,0.0,-40.36670297303088,-18.737259349761054,-40.303378924302926,7468.75,-20.663496953733677,-22.021828512417883,-46.20514760714862
TEST,3.2740625,-22.515140804333804,8.686661818707667e-12,0.0,-35.749786387865626,-10.636037470564645,-32.15639300408725,7531.25,-21.40401535650826,-24.680622427954887,-40.38397228222024
TEST,3.9241875,-19.01920382497274,-0.7200839663162542,0.0,-29.730081065918572,-9.485977785036038,-30.136792691423043,7531.25,-22.081146702854166,-15.883952627314521,-42.43430606838162
TEST,3.622375,-19.362227972531215,-0.04891075762679811,0.0,-30.990719568705224,-33.55785489990563,-34.47273380448282,7671.875,-22.358385092544957,-21.84170041321434,-17.723233702909383
TEST,3.3669375,-19.909405741038352,8.686661818707667e-12,0.0,-29.35794413589563,-23.496231150140922,-27.74110844498714,7500.0,-17.59351168813805,-15.577016591672127,-45.60042053040626
TEST,5.36,-19.590641229733322,-0.09327434072879116,0.0,-18.333988986310015,-49.622556653239656,-45.93609719002927,7671.875,-21.57926592581291,-13.575473191948994,-33.24536435391171
TEST,3.3669375,-18.255648225448226,-0.0002650763516936566,0.0,-35.86613545809134,-34.9037448726725,-37.689087125419,7468.75,-22.849036686819606,-25.50123095567527,-46.04734035644104
TEST,3.3669375,-20.19333497870679,8.686661818707667e-12,0.0,-32.79817247726089,-38.48701112957485,-38.792261426235456,7453.125,-20.630700606492454,-18.846464163494296,-48.54823491394328
TEST,3.0883125,-17.62852391744656,8.686661818707667e-12,0.0,-28.273457555162775,-28.946551744056396,-28.323730022500715,7484.375,-21.105304632084,-22.233290394768552,-40.1534200540715
TEST,3.25175,-19.900030932902105,-0.39311830368791656,0.0,-41.77592352780012,-1.4781798104055675,-41.65660692203093,7500.0,-23.93368882637442,-22.94558131828063,-45.63058526018176
TEST,4.4118125,-20.5309228879613,-0.053710328385452574,0.0,-35.62844344101275,-28.191131948655322,-32.48580908148658,7484.375,-20.367263213982213,-14.120380481008922,-46.691575228279675
TEST,3.018625,-19.35071077299241,-0.01830927357787012,0.0,-23.20594341339322,-22.390171071003948,-24.34977458888818,7531.25,-21.53999835635271,-11.9355412690268,-44.96814607963262
TEST,5.4799375,-21.28216084644213,-0.0002650763516936566,0.0,3.4482329184385705,-22.53138039387676,-29.422194262613736,7500.0,-23.289467590053732,-22.21469036690584,-41.09788814676533
TEST,3.390125,-20.6559415260078,-0.09166688451284843,0.0,-32.53343895245046,-22.842010770931402,-31.357828293145133,7500.0,-22.46159423682265,-25.618546072293746,-39.85126181719508
TEST,3.25075,-20.472634783090324,8.686661818707667e-12,0.0,-32.44793249643015,-32.03581888264385,-32.09329281616625,7484.375,-23.32271037569346,-23.51198965010058,-44.85516803813513
TEST,3.1115,-18.74392900006216,-0.08283118892328938,0.0,-28.854888376790086,-24.444757252590833,-27.822852829763747,7484.375,-22.35453598404331,-24.03521391654182,-45.95935825908249
TEST,3.29725,-15.350219155282973,-0.0002650763516936566,0.03048780487804878,-121.25767853121704,-12.613845726265506,-30.622962739912836,7531.25,-18.23293019958791,-14.140797214853762,-46.19731882821018
TEST,3.0883125,-17.14346183263441,-0.017246811922399477,0.0,-24.84041517531613,-31.748428112025103,-32.2670233663969,7437.5,-22.63794435364045,-23.387541847905837,-48.8615564711594
TEST,3.25075,-17.72499999261911,8.686661818707667e-12,0.0,-33.133941243263145,-10.5831784765041,-32.202435127984266,7500.0,-17.363945109578378,-22.74792783725178,-47.682965588007434
TEST,3.5526875,-6.373280965561668,-0.0002650763516936566,0.0,-23.347765590326553,-29.04609302039176,-25.187822729398924,7906.25,-57.27308690562946,-23.713533212763394,-21.282115034479077
TEST,3.1115,-19.63496007109232,-0.003976995056927497,0.0,-56.170267819738626,-55.59756070654092,-56.08213264229636,7421.875,-28.663755680352992,-25.97165951825086,-50.58544959609192
TEST,3.2740625,-16.974050543099853,-0.06892648930701889,0.0,-29.68049920592222,-20.61108565204886,-30.32015555360282,7515.625,-24.216801749115067,-14.6235030190308,-44.01804868835839
TEST,3.483,-16.716582743910564,-0.07774804451803807,0.0,-25.769501131841416,-27.910274186112176,-25.727916055907713,7546.875,-16.55222430133417,-16.269568617099566,-43.69203334793231
TEST,3.2740625,-20.086293894878867,-0.391731689544384,0.0,-32.02699205176267,-26.231795393658203,-32.43624263447368,7484.375,-18.598443566361755,-20.626791716140026,-45.859216754026505
TEST,3.784875,-22.173616219730675,-0.04171637052241074,0.0,-29.67924974997144,-31.609631469089862,-29.894126475633513,7546.875,-20.76373284646334,-13.510170621372296,-43.04940954759468
TEST,3.3436875,-17.497295762281833,-0.0002650763516936566,0.0,-9.801907391807754,-2.059133139400627,-43.75813242059234,7468.75,-24.500238933351348,-17.0718112398109,-45.03592393388966
TEST,3.4598125,-21.242185044695447,-0.3527200311515069,0.0,-28.937931901009634,-20.122470677312187,-34.27608281403357,7531.25,-21.78874898065311,-19.318228270220494,-41.52865360865229
TEST,3.6455625,-17.348613464310226,-0.04011842675668668,0.0,-8.01512587406178,-55.04688507972129,-55.7898041512003,7406.25,-16.879851392996773,-21.91162308766208,-58.61451316988764
TEST,3.2740625,-16.160454825019723,8.686661818707667e-12,0.0,-18.631964788015868,-45.96312317014685,-25.638745696893743,7546.875,-17.35267729610836,-11.303408756333951,-42.613046534661635
TEST,5.03875,-18.4475237627448,-0.023889330438006076,0.0,-35.60713222316291,-41.901617937985414,-49.40676285855151,7578.125,-26.744386060430518,-17.18285919809071,-25.959565550648236
TEST,3.4365625,-17.974439682082327,-0.0002650763516936566,0.0,-38.89736961682112,-18.267891522284856,-34.74268655022267,7546.875,-20.196878140262147,-19.637378497253557,-43.171840142938876
TEST,3.1115,-16.34896908940667,-0.10748647210658069,0.009708737864077669,-99.08882521308563,-67.77879130614609,-74.10003368987987,7328.125,-19.30296617282957,-6.2041761457994085,-66.38107087412769
TEST,3.413375,-17.233082461548843,-0.013529219235480412,0.0,-22.1637607149138,-19.603887883873824,-21.79561724191101,7468.75,-24.508870921531212,-21.08190357306566,-48.670605433833934
TEST,3.204375,-17.925869955245002,-0.0002650763516936566,0.0,-36.55571218254612,-22.269777770264273,-36.122476837701456,7484.375,-26.015638938382217,-26.808460860425043,-39.365265312511866
TEST,3.041875,-19.967545690798655,-0.0002650763516936566,0.0,-26.071576798779354,-13.217592409210718,-31.66044924354506,7437.5,-25.033351258384943,-16.37810841986429,-39.51194441129991
TEST,4.8994375,-16.241604550259165,-0.0002650763516936566,0.0,-34.66026530434119,-26.603672568439748,-33.9467191117085,7500.0,-21.9713801257942,-19.559846904582812,-49.150973870888656
TEST,3.3205,-19.029189342196744,-0.13759636760461663,0.0,-25.483647962552734,-8.669988980284852,-26.53731836388761,7546.875,-18.53558577322528,-9.892748511243909,-40.257717320192036
TEST,6.2694375,-14.486622791877362,8.686661818707667e-12,0.056,-15.295232829005817,-23.13653545093532,-42.99413812077204,7531.25,-21.49871049253471,-15.526138258575678,-38.21027610631648
TEST,3.204375,-19.249609767499656,-0.0002650763516936566,0.0,-27.616938190478983,-27.020950476303625,-30.469796065750614,7546.875,-19.271615974941383,-8.492359636529358,-43.879651201788604
TEST,3.0883125,-16.33814611371103,-0.0002650763516936566,0.0,-40.4429317339213,-6.556538460768397,-42.06860985835094,7531.25,-17.86501479487479,-10.01958014576342,-49.636751653462426
TEST,3.1579375,-18.29968123322651,8.686661818707667e-12,0.0,-32.5793671452847,-8.757953775199452,-27.49871399632933,7531.25,-13.661335508014755,-15.53417691326905,-46.419868776562254
TEST,3.1579375,-16.275970732939385,-0.06331743354853778,0.0,-27.425510896434005,-20.840415870801102,-27.302458884675993,7515.625,-20.87789187406511,-16.943421693520484,-49.57494053482436
TEST,5.7818125,-14.359062598316576,-0.03293131550775816,0.0,-26.618081302427576,-27.066680270367904,-26.682250909453735,7515.625,-21.536357280198846,-20.763538276273273,-47.09895173293987
TEST,3.483,-20.17002684765572,-0.11527277576098138,0.0,-31.11258769808169,-35.209842870949714,-34.03602399595863,7531.25,-16.56327208202037,-11.230165053937874,-42.67598158187582
TEST,4.945875,-16.602144800911766,-0.013529219235480412,0.0,-29.69848076913356,-14.041301920461864,-34.98621704501595,7578.125,-26.072747582566187,-24.07505444066554,-30.476458236421394
TEST,3.25075,-15.253563214677424,-0.0002650763516936566,0.0,-29.651438899518496,-32.54984108066562,-32.53103991676815,7468.75,-27.105615677681882,-24.394548686283187,-43.207660324207346
TEST,3.0883125,-17.562635528919397,-0.0002650763516936566,0.0,-29.471739731668094,-25.073381426154107,-25.845685219803578,7515.625,-24.90823931148782,-14.2953857317639,-39.303461863648394
TEST,3.1579375,-21.01633557190944,-0.16673009723530627,0.0,-25.519600207290953,-22.273473258693304,-27.087788435708692,7546.875,-19.43897318622887,-12.443898849231068,-45.33536745837917
TEST,3.71525,-15.134830546663814,-0.08336642984273752,0.0,-32.22704189017114,-18.65124354715843,-28.738552302844106,7718.75,-25.231402462791095,-17.71926694045729,-15.655518867000339
TEST,3.2740625,-16.757109145420067,-0.005303064835240379,0.0,-27.958767666296986,-17.563357057968656,-29.423830886945282,7468.75,-26.992447177597178,-25.620268889258178,-45.57595354690399
TEST,3.13475,-16.41077116853079,-0.0002650763516936566,0.0,-45.28566167702455,-44.14232262818763,-47.596634885889145,7640.625,-23.75907191924577,-21.912735791847346,-28.395134085566085
TEST,3.227625,-20.32245990779389,-0.046511966420103606,0.0,-38.8950165300263,-31.393490033371847,-35.87297779738058,7484.375,-19.354364760768235,-23.813817573632548,-45.62323254116943
TEST,3.25075,-14.37568534398875,-0.0002650763516936566,0.0,-27.536053579334407,-19.453165102564643,-28.11948160472287,7578.125,-16.57133654002473,-8.597292075888738,-42.069558467981935
TEST,6.1765625,-21.461567585504646,-0.044913140245864826,0.0,-25.26285756680653,-35.76671970013527,-37.176423894202884,7593.75,-22.318016870051686,-21.487631628447843,-29.59155780813103
TEST,3.3205,-20.27383792815574,-0.07748059298727761,0.0,-30.619503130691967,-35.52375155234181,-35.22860721904551,7468.75,-24.275811801409645,-21.112645665657276,-49.553766777692346
TEST,3.1225625,-13.961804990816374,-0.0002650763516936566,0.0,-27.658834679568248,-17.500179436823498,-24.60402052426615,7500.0,-22.93085207094127,-19.29460603226491,-48.34237080364197
TEST,3.041875,-17.48788813750807,-0.05904629712315071,0.0,-24.53467037686152,-17.90811610089967,-26.8773083493437,7578.125,-15.943687258975402,-7.103464751272618,-50.156501114687714
TEST,4.3189375,-16.173327094554125,-0.059313181627574964,0.0,-31.878973010800216,-13.98083623335007,-29.606257759791674,7515.625,-21.504913263936963,-19.34164200123297,-45.51509202488923
TEST,3.227625,-14.356365163581092,8.686661818707667e-12,0.0,-45.13574804578393,-23.668886582190805,-29.18366290636339,7578.125,-14.35891084900262,-1.8810122811881484,-48.37154534675651
TEST,3.6455625,-22.19630294779205,-0.05797884110139964,0.0,-27.381692571480773,-24.373207299030337,-28.37326331000374,7546.875,-20.853686349270554,-15.554249206426547,-43.40213363334085
TEST,3.7616875,-21.17119885968461,-0.3665339111553785,0.0,-35.556524842142366,-18.174917798528824,-29.47421447680746,7500.0,-16.415497816143755,-21.10620943477184,-39.593887565545614
TEST,3.0650625,-22.828564568540536,-0.1303281781848854,0.0,-40.402171064951915,-15.778335266955352,-38.58195076390081,7390.625,-19.617115817429905,-28.665130811377438,-43.25349133269138
TEST,3.204375,-19.09180310565621,-0.11231852852632361,0.0,-30.17157971306775,-24.692204198244546,-29.964358276229888,7546.875,-20.96621299158947,-20.321410889241676,-41.33707991470004
