run,set,view,auc,eer,min_dcf,ref_min_dcf,min_dcf_lo,min_dcf_hi,eer_lo,eer_hi,delta_lo,delta_hi,delta,p_not_worse,epoch,kind,group,n_real,n_fake,reference
rb_R0_xlsr1b_s0,holdout,clean,1.00000,0.00000,0.00000,0.00000,0.00000,0.00000,0.00000,0.00000,0.00000,0.00000,0.00000,1.00000,2,generator,diffgan_tts,1275,84,xlsr1b_d6rall
rb_R0_xlsr1b_s0,holdout,clean,1.00000,0.00000,0.00000,0.00000,0.00000,0.00000,0.00000,0.00000,0.00000,0.00000,0.00000,1.00000,2,generator,elevenlabs,1275,143,xlsr1b_d6rall
rb_R0_xlsr1b_s0,holdout,clean,1.00000,0.00000,0.00000,0.00000,0.00000,0.00000,0.00000,0.00000,0.00000,0.00000,0.00000,1.00000,2,generator,grad_tts,1275,84,xlsr1b_d6rall
rb_R0_xlsr1b_s0,holdout,clean,1.00000,0.00000,0.00000,0.00000,0.00000,0.00000,0.00000,0.00000,0.00000,0.00000,0.00000,1.00000,2,generator,openvoicev2,1275,154,xlsr1b_d6rall
rb_R0_xlsr1b_s0,holdout,clean,1.00000,0.00000,0.00000,0.00000,0.00000,0.00000,0.00000,0.00000,0.00000,0.00000,0.00000,1.00000,2,generator,playht,1275,145,xlsr1b_d6rall
rb_R0_xlsr1b_s0,holdout,clean,1.00000,0.00000,0.00000,0.00000,0.00000,0.00000,0.00000,0.00000,0.00000,0.00000,0.00000,1.00000,2,generator,pro_diff,1275,84,xlsr1b_d6rall
rb_R0_xlsr1b_s0,holdout,clean,1.00000,0.00000,0.00000,0.00000,0.00000,0.00000,0.00000,0.00000,0.00000,0.00000,0.00000,1.00000,2,generator,unit_speech,1275,152,xlsr1b_d6rall
rb_R0_xlsr1b_s0,holdout,clean,1.00000,0.00000,0.00000,0.00000,0.00000,0.00000,0.00000,0.00000,0.00000,0.00000,0.00000,1.00000,2,generator,wavegrad2,1275,84,xlsr1b_d6rall
rb_R0_xlsr1b_s0,holdout,clean,1.00000,0.00000,0.00000,0.00000,0.00000,0.00000,0.00000,0.00000,0.00000,0.00000,0.00000,1.00000,2,generator,xtts_v2,1275,152,xlsr1b_d6rall
rb_R0_xlsr1b_s0,holdout,clean,1.00000,0.00000,0.00000,0.00000,0.00000,0.00000,0.00000,0.00000,0.00000,0.00000,0.00000,1.00000,2,generator,your_tts,1275,145,xlsr1b_d6rall
rb_R0_xlsr1b_s0,holdout,clean,1.00000,0.00000,0.00000,0.00000,0.00000,0.00000,0.00000,0.00000,0.00000,0.00000,0.00000,1.00000,2,real source,real_extra,358,1227,xlsr1b_d6rall
rb_R0_xlsr1b_s0,holdout,clean,1.00000,0.00000,0.00000,0.00000,0.00000,0.00000,0.00000,0.00000,0.00000,0.00000,0.00000,1.00000,2,real source,real_libri,160,1227,xlsr1b_d6rall
rb_R0_xlsr1b_s0,holdout,clean,1.00000,0.00000,0.00000,0.00000,0.00000,0.00000,0.00000,0.00000,0.00000,0.00000,0.00000,1.00000,2,real source,real_lj,757,1227,xlsr1b_d6rall
rb_R0_xlsr1b_s0,holdout,clean,1.00000,0.00000,0.00000,0.00000,0.00000,0.00000,0.00000,0.00000,0.00000,0.00000,0.00000,1.00000,2,duration,2-3 s,92,12,xlsr1b_d6rall
rb_R0_xlsr1b_s0,holdout,clean,1.00000,0.00000,0.00000,0.00000,0.00000,0.00000,0.00000,0.00000,0.00000,0.00000,0.00000,1.00000,2,duration,3-4 s,982,973,xlsr1b_d6rall
rb_R0_xlsr1b_s0,holdout,clean,1.00000,0.00000,0.00000,0.00000,0.00000,0.00000,0.00000,0.00000,0.00000,0.00000,0.00000,1.00000,2,duration,4-6 s,151,219,xlsr1b_d6rall
rb_R0_xlsr1b_s0,holdout,clean,1.00000,0.00000,0.00000,0.00000,0.00000,0.00000,0.00000,0.00000,0.00000,0.00000,0.00000,1.00000,2,duration,>6 s,14,23,xlsr1b_d6rall
rb_R0_xlsr1b_s0,holdout,aug,0.99875,0.02328,0.03686,0.03686,0.00471,0.04394,0.00235,0.03951,0.00000,0.00000,0.00000,1.00000,2,generator,diffgan_tts,1275,84,xlsr1b_d6rall
rb_R0_xlsr1b_s0,holdout,aug,0.98928,0.05542,0.12582,0.12582,0.07490,0.14436,0.04174,0.06987,0.00000,0.00000,0.00000,1.00000,2,generator,elevenlabs,1275,143,xlsr1b_d6rall
rb_R0_xlsr1b_s0,holdout,aug,0.99451,0.05604,0.09021,0.09021,0.04545,0.12863,0.02328,0.07140,0.00000,0.00000,0.00000,1.00000,2,generator,grad_tts,1275,84,xlsr1b_d6rall
rb_R0_xlsr1b_s0,holdout,aug,0.99887,0.01915,0.03373,0.03373,0.01094,0.04000,0.00715,0.03075,0.00000,0.00000,0.00000,1.00000,2,generator,openvoicev2,1275,154,xlsr1b_d6rall
rb_R0_xlsr1b_s0,holdout,aug,0.99567,0.04147,0.07378,0.07378,0.04157,0.08627,0.02751,0.05348,0.00000,0.00000,0.00000,1.00000,2,generator,playht,1275,145,xlsr1b_d6rall
rb_R0_xlsr1b_s0,holdout,aug,0.99962,0.00948,0.00706,0.00706,0.00312,0.01255,0.00156,0.01184,0.00000,0.00000,0.00000,1.00000,2,generator,pro_diff,1275,84,xlsr1b_d6rall
rb_R0_xlsr1b_s0,holdout,aug,0.99780,0.02649,0.05412,0.05412,0.02665,0.06431,0.01401,0.03934,0.00000,0.00000,0.00000,1.00000,2,generator,unit_speech,1275,152,xlsr1b_d6rall
rb_R0_xlsr1b_s0,holdout,aug,0.99868,0.01183,0.02747,0.02747,0.00235,0.07066,0.00118,0.03655,0.00000,0.00000,0.00000,1.00000,2,generator,wavegrad2,1275,84,xlsr1b_d6rall
rb_R0_xlsr1b_s0,holdout,aug,0.99725,0.02688,0.04863,0.04863,0.02743,0.05884,0.01888,0.03990,0.00000,0.00000,0.00000,1.00000,2,generator,xtts_v2,1275,152,xlsr1b_d6rall
rb_R0_xlsr1b_s0,holdout,aug,0.99889,0.02211,0.04235,0.04235,0.01261,0.05335,0.00698,0.03992,0.00000,0.00000,0.00000,1.00000,2,generator,your_tts,1275,145,xlsr1b_d6rall
rb_R0_xlsr1b_s0,holdout,aug,0.99402,0.04738,0.10755,0.10755,0.07678,0.13129,0.03468,0.05867,0.00000,0.00000,0.00000,1.00000,2,real source,real_extra,358,1227,xlsr1b_d6rall
rb_R0_xlsr1b_s0,holdout,aug,0.99712,0.03233,0.07647,0.07647,0.04725,0.10180,0.02429,0.04786,0.00000,0.00000,0.00000,1.00000,2,real source,real_libri,160,1227,xlsr1b_d6rall
rb_R0_xlsr1b_s0,holdout,aug,0.99801,0.02371,0.05243,0.05243,0.03464,0.06549,0.01501,0.03094,0.00000,0.00000,0.00000,1.00000,2,real source,real_lj,757,1227,xlsr1b_d6rall
rb_R0_xlsr1b_s0,holdout,aug,0.99778,0.03103,0.05628,0.05628,0.03303,0.07901,0.01752,0.04055,0.00000,0.00000,0.00000,1.00000,2,channel,codec,381,360,xlsr1b_d6rall
rb_R0_xlsr1b_s0,holdout,aug,0.99682,0.03210,0.07326,0.07326,0.02210,0.10606,0.01172,0.06799,0.00000,0.00000,0.00000,1.00000,2,channel,telephony,132,118,xlsr1b_d6rall
rb_R0_xlsr1b_s0,holdout,aug,0.99886,0.02206,0.03481,0.03481,0.00746,0.05989,0.00726,0.04413,0.00000,0.00000,0.00000,1.00000,2,channel,bandlimit,134,138,xlsr1b_d6rall
rb_R0_xlsr1b_s0,holdout,aug,0.99994,0.00755,0.00741,0.00741,0.00000,0.02222,0.00000,0.01895,0.00000,0.00000,0.00000,1.00000,2,channel,resample,135,130,xlsr1b_d6rall
rb_R0_xlsr1b_s0,holdout,aug,0.99967,0.00797,0.01176,0.01176,0.00000,0.02265,0.00000,0.01594,0.00000,0.00000,0.00000,1.00000,2,channel,tilt,255,247,xlsr1b_d6rall
rb_R0_xlsr1b_s0,holdout,aug,0.99718,0.03347,0.06441,0.06441,0.03524,0.09210,0.01882,0.05021,0.00000,0.00000,0.00000,1.00000,2,channel,noise,240,238,xlsr1b_d6rall
rb_R0_xlsr1b_s0,holdout,aug,0.99967,0.01496,0.02069,0.02069,0.00000,0.03448,0.00000,0.02590,0.00000,0.00000,0.00000,1.00000,2,channel,hum,145,124,xlsr1b_d6rall
rb_R0_xlsr1b_s0,holdout,aug,0.92876,0.16257,0.35136,0.35136,0.26901,0.41954,0.12316,0.20198,0.00000,0.00000,0.00000,1.00000,2,channel,reverb,202,204,xlsr1b_d6rall
rb_R0_xlsr1b_s0,holdout,aug,1.00000,0.00000,0.00000,0.00000,0.00000,0.00000,0.00000,0.00000,0.00000,0.00000,0.00000,1.00000,2,channel,clipping,75,62,xlsr1b_d6rall
rb_R0_xlsr1b_s0,holdout,aug,0.99735,0.01951,0.03636,0.03636,0.00000,0.07273,0.00000,0.06894,0.00000,0.00000,0.00000,1.00000,2,channel,codec_aac,55,48,xlsr1b_d6rall
rb_R0_xlsr1b_s0,holdout,aug,0.99856,0.03102,0.03030,0.03030,0.00000,0.06061,0.00000,0.06205,0.00000,0.00000,0.00000,1.00000,2,channel,codec_g711,66,63,xlsr1b_d6rall
rb_R0_xlsr1b_s0,holdout,aug,0.99802,0.03373,0.06122,0.06122,0.00000,0.09184,0.00000,0.06746,0.00000,0.00000,0.00000,1.00000,2,channel,codec_g722,63,56,xlsr1b_d6rall
rb_R0_xlsr1b_s0,holdout,aug,1.00000,0.00000,0.00000,0.00000,0.00000,0.00000,0.00000,0.00000,0.00000,0.00000,0.00000,1.00000,2,channel,codec_g726,66,67,xlsr1b_d6rall
rb_R0_xlsr1b_s0,holdout,aug,0.99946,0.01641,0.01587,0.01587,0.00000,0.04762,0.00000,0.04923,0.00000,0.00000,0.00000,1.00000,2,channel,codec_mp3,63,59,xlsr1b_d6rall
rb_R0_xlsr1b_s0,holdout,aug,0.99539,0.04445,0.09146,0.09146,0.01471,0.15734,0.01482,0.08143,0.00000,0.00000,0.00000,1.00000,2,channel,codec_opus,68,67,xlsr1b_d6rall
rb_R0_xlsr1b_s0,holdout,aug,0.99678,0.03421,0.06366,0.06366,0.00000,0.11645,0.00000,0.07677,0.00000,0.00000,0.00000,1.00000,2,channel,noise_babble,57,60,xlsr1b_d6rall
rb_R0_xlsr1b_s0,holdout,aug,0.99950,0.01576,0.01613,0.01613,0.00000,0.03226,0.00000,0.03921,0.00000,0.00000,0.00000,1.00000,2,channel,noise_brown,62,65,xlsr1b_d6rall
rb_R0_xlsr1b_s0,holdout,aug,0.99826,0.01580,0.04350,0.04350,0.00000,0.08699,0.00000,0.04757,0.00000,0.00000,0.00000,1.00000,2,channel,noise_pink,67,60,xlsr1b_d6rall
rb_R0_xlsr1b_s0,holdout,aug,0.99371,0.05608,0.09259,0.09259,0.01852,0.14815,0.01829,0.10273,0.00000,0.00000,0.00000,1.00000,2,channel,noise_white,54,53,xlsr1b_d6rall
rb_R0_xlsr1b_s0,holdout,aug,0.99004,0.08514,0.11957,0.11957,0.00000,0.16304,0.00000,0.17092,0.00000,0.00000,0.00000,1.00000,2,duration,2-3 s,92,12,xlsr1b_d6rall
rb_R0_xlsr1b_s0,holdout,aug,0.99689,0.03207,0.06574,0.06574,0.04805,0.07997,0.02222,0.03828,0.00000,0.00000,0.00000,1.00000,2,duration,3-4 s,942,991,xlsr1b_d6rall
rb_R0_xlsr1b_s0,holdout,aug,0.99893,0.01590,0.02528,0.02528,0.00539,0.04743,0.00247,0.02926,0.00000,0.00000,0.00000,1.00000,2,duration,4-6 s,181,197,xlsr1b_d6rall
rb_R0_xlsr1b_s0,holdout,aug,0.99691,0.03935,0.04167,0.04167,0.00000,0.08333,0.00000,0.09722,0.00000,0.00000,0.00000,1.00000,2,duration,>6 s,24,27,xlsr1b_d6rall
rb_R0_xlsr1b_s0,holdout,unseen,0.99153,0.04773,0.05647,,0.04235,0.06904,0.02876,0.06357,,,,,2,generator,diffgan_tts,1275,84,
rb_R0_xlsr1b_s0,holdout,unseen,0.95402,0.11905,0.30733,,0.21768,0.37054,0.09209,0.15535,,,,,2,generator,elevenlabs,1275,143,
rb_R0_xlsr1b_s0,holdout,unseen,0.98783,0.04773,0.08944,,0.04310,0.15384,0.03433,0.06357,,,,,2,generator,grad_tts,1275,84,
rb_R0_xlsr1b_s0,holdout,unseen,0.99383,0.03909,0.09002,,0.05141,0.11990,0.02227,0.05707,,,,,2,generator,openvoicev2,1275,154,
rb_R0_xlsr1b_s0,holdout,unseen,0.98536,0.06201,0.13362,,0.08396,0.15765,0.04884,0.07715,,,,,2,generator,playht,1275,145,
rb_R0_xlsr1b_s0,holdout,unseen,0.99604,0.03315,0.04863,,0.02431,0.05806,0.01614,0.04422,,,,,2,generator,pro_diff,1275,84,
rb_R0_xlsr1b_s0,holdout,unseen,0.99090,0.04616,0.10472,,0.06617,0.14581,0.03292,0.06545,,,,,2,generator,unit_speech,1275,152,
rb_R0_xlsr1b_s0,holdout,unseen,0.99343,0.03864,0.05961,,0.03763,0.07137,0.02406,0.05487,,,,,2,generator,wavegrad2,1275,84,
rb_R0_xlsr1b_s0,holdout,unseen,0.99261,0.04091,0.07324,,0.04891,0.09709,0.02881,0.05346,,,,,2,generator,xtts_v2,1275,152,
rb_R0_xlsr1b_s0,holdout,unseen,0.99554,0.02870,0.06365,,0.02980,0.07767,0.02054,0.04108,,,,,2,generator,your_tts,1275,145,
rb_R0_xlsr1b_s0,holdout,unseen,0.98104,0.07823,0.17041,,0.12847,0.19835,0.05826,0.08994,,,,,2,real source,real_extra,358,1227,
rb_R0_xlsr1b_s0,holdout,unseen,0.97728,0.07499,0.17258,,0.12231,0.21972,0.05583,0.10372,,,,,2,real source,real_libri,160,1227,
rb_R0_xlsr1b_s0,holdout,unseen,0.99260,0.03174,0.08487,,0.06149,0.10126,0.02517,0.03941,,,,,2,real source,real_lj,757,1227,
rb_R0_xlsr1b_s0,holdout,unseen,0.96055,0.09276,0.23544,,0.18623,0.27821,0.07331,0.11550,,,,,2,unseen op,room,472,455,
rb_R0_xlsr1b_s0,holdout,unseen,0.98915,0.05286,0.11742,,0.07907,0.14855,0.03827,0.06632,,,,,2,unseen op,codec,513,452,
rb_R0_xlsr1b_s0,holdout,unseen,0.98542,0.06954,0.16456,,0.09522,0.20743,0.04490,0.09010,,,,,2,unseen op,tandem,241,248,
rb_R0_xlsr1b_s0,holdout,unseen,0.99638,0.02922,0.06511,,0.03389,0.09134,0.01747,0.04277,,,,,2,unseen op,packet_loss,236,278,
rb_R0_xlsr1b_s0,holdout,unseen,0.99252,0.03623,0.08677,,0.04701,0.12384,0.01908,0.05536,,,,,2,unseen op,agc,246,223,
rb_R0_xlsr1b_s0,holdout,unseen,0.99932,0.01310,0.03598,,0.00000,0.06102,0.00000,0.03945,,,,,2,unseen op,codec_ac3,80,73,
rb_R0_xlsr1b_s0,holdout,unseen,0.97500,0.08697,0.17155,,0.07341,0.24520,0.04349,0.15963,,,,,2,unseen op,codec_amrnb,68,70,
rb_R0_xlsr1b_s0,holdout,unseen,0.98021,0.06261,0.17057,,0.07407,0.22001,0.03439,0.12537,,,,,2,unseen op,codec_g723_1,81,63,
rb_R0_xlsr1b_s0,holdout,unseen,0.99510,0.03137,0.07269,,0.00000,0.13067,0.00000,0.07012,,,,,2,unseen op,codec_mp2,68,60,
rb_R0_xlsr1b_s0,holdout,unseen,0.98666,0.05337,0.14588,,0.03890,0.22636,0.01967,0.10674,,,,,2,unseen op,codec_real_144,77,73,
rb_R0_xlsr1b_s0,holdout,unseen,0.99918,0.01431,0.02559,,0.00000,0.06870,0.00000,0.04979,,,,,2,unseen op,codec_vorbis,73,67,
rb_R0_xlsr1b_s0,holdout,unseen,0.99341,0.02602,0.06757,,0.00000,0.15047,0.00000,0.07397,,,,,2,unseen op,codec_wmav2,66,46,
rb_R0_xlsr1b_s0,holdout,device,1.00000,0.00000,0.00000,,0.00000,0.00000,0.00000,0.00000,,,,,2,generator,diffgan_tts,1275,84,
rb_R0_xlsr1b_s0,holdout,device,0.99998,0.00039,0.00078,,0.00000,0.00235,0.00000,0.00118,,,,,2,generator,elevenlabs,1275,143,
rb_R0_xlsr1b_s0,holdout,device,0.99999,0.00039,0.00078,,0.00000,0.00235,0.00000,0.00118,,,,,2,generator,grad_tts,1275,84,
rb_R0_xlsr1b_s0,holdout,device,1.00000,0.00000,0.00000,,0.00000,0.00000,0.00000,0.00000,,,,,2,generator,openvoicev2,1275,154,
rb_R0_xlsr1b_s0,holdout,device,0.99994,0.00698,0.00863,,0.00000,0.01182,0.00000,0.01278,,,,,2,generator,playht,1275,145,
rb_R0_xlsr1b_s0,holdout,device,1.00000,0.00000,0.00000,,0.00000,0.00000,0.00000,0.00000,,,,,2,generator,pro_diff,1275,84,
rb_R0_xlsr1b_s0,holdout,device,1.00000,0.00000,0.00000,,0.00000,0.00000,0.00000,0.00000,,,,,2,generator,unit_speech,1275,152,
rb_R0_xlsr1b_s0,holdout,device,0.99998,0.00078,0.00157,,0.00000,0.00394,0.00000,0.00197,,,,,2,generator,wavegrad2,1275,84,
rb_R0_xlsr1b_s0,holdout,device,1.00000,0.00000,0.00000,,0.00000,0.00000,0.00000,0.00000,,,,,2,generator,xtts_v2,1275,152,
rb_R0_xlsr1b_s0,holdout,device,1.00000,0.00000,0.00000,,0.00000,0.00000,0.00000,0.00000,,,,,2,generator,your_tts,1275,145,
rb_R0_xlsr1b_s0,holdout,device,0.99997,0.00262,0.00559,,0.00000,0.01117,0.00000,0.00704,,,,,2,real source,real_extra,358,1227,
rb_R0_xlsr1b_s0,holdout,device,0.99999,0.00041,0.00140,,0.00000,0.00419,0.00000,0.00122,,,,,2,real source,real_libri,160,1227,
rb_R0_xlsr1b_s0,holdout,device,1.00000,0.00107,0.00140,,0.00000,0.00396,0.00000,0.00254,,,,,2,real source,real_lj,757,1227,
rb_R0_xlsr1b_s0,itw,clean,0.99877,0.01560,0.03966,0.03966,0.02456,0.04950,0.00999,0.02121,0.00000,0.00000,0.00000,1.00000,2,generator,itw_fake,1250,1250,xlsr1b_d6rall
rb_R0_xlsr1b_s0,itw,clean,0.99877,0.01560,0.03966,0.03966,0.02593,0.05022,0.01120,0.02241,0.00000,0.00000,0.00000,1.00000,2,real source,itw,1250,1250,xlsr1b_d6rall
rb_R0_xlsr1b_s0,itw,clean,0.98969,0.06482,0.14281,0.14281,0.08441,0.16713,0.03714,0.08440,0.00000,0.00000,0.00000,1.00000,2,duration,<2 s,370,247,xlsr1b_d6rall
rb_R0_xlsr1b_s0,itw,clean,0.99925,0.00549,0.01413,0.01413,0.00000,0.03366,0.00000,0.01703,0.00000,0.00000,0.00000,1.00000,2,duration,2-3 s,304,227,xlsr1b_d6rall
rb_R0_xlsr1b_s0,itw,clean,0.99996,0.00173,0.00452,0.00452,0.00000,0.01022,0.00000,0.00593,0.00000,0.00000,0.00000,1.00000,2,duration,3-4 s,507,672,xlsr1b_d6rall
rb_R0_xlsr1b_s0,itw,clean,1.00000,0.00000,0.00000,0.00000,0.00000,0.00000,0.00000,0.00000,0.00000,0.00000,0.00000,1.00000,2,duration,4-6 s,62,101,xlsr1b_d6rall
rb_R0_xlsr1b_s0,itw,aug,0.99120,0.05440,0.13954,0.13954,0.11656,0.15167,0.04639,0.06320,0.00000,0.00000,0.00000,1.00000,2,generator,itw_fake,1250,1250,xlsr1b_d6rall
rb_R0_xlsr1b_s0,itw,aug,0.99120,0.05440,0.13954,0.13954,0.11244,0.15101,0.04479,0.06200,0.00000,0.00000,0.00000,1.00000,2,real source,itw,1250,1250,xlsr1b_d6rall
rb_R0_xlsr1b_s0,itw,aug,0.99472,0.03403,0.08772,0.08772,0.04863,0.10900,0.02312,0.04896,0.00000,0.00000,0.00000,1.00000,2,channel,codec,350,385,xlsr1b_d6rall
rb_R0_xlsr1b_s0,itw,aug,0.98543,0.07220,0.15879,0.15879,0.08121,0.21183,0.03610,0.10117,0.00000,0.00000,0.00000,1.00000,2,channel,telephony,138,139,xlsr1b_d6rall
rb_R0_xlsr1b_s0,itw,aug,0.99258,0.04356,0.09876,0.09876,0.03382,0.15431,0.01791,0.06881,0.00000,0.00000,0.00000,1.00000,2,channel,bandlimit,144,132,xlsr1b_d6rall
rb_R0_xlsr1b_s0,itw,aug,0.99611,0.03636,0.09131,0.09131,0.03719,0.12858,0.01455,0.05818,0.00000,0.00000,0.00000,1.00000,2,channel,resample,137,138,xlsr1b_d6rall
rb_R0_xlsr1b_s0,itw,aug,0.99669,0.02677,0.06898,0.06898,0.02833,0.09424,0.01239,0.04329,0.00000,0.00000,0.00000,1.00000,2,channel,tilt,232,253,xlsr1b_d6rall
rb_R0_xlsr1b_s0,itw,aug,0.99265,0.04869,0.11544,0.11544,0.06816,0.15762,0.03246,0.06692,0.00000,0.00000,0.00000,1.00000,2,channel,noise,249,244,xlsr1b_d6rall
rb_R0_xlsr1b_s0,itw,aug,0.99508,0.03603,0.09912,0.09912,0.03863,0.13777,0.01612,0.06449,0.00000,0.00000,0.00000,1.00000,2,channel,hum,117,132,xlsr1b_d6rall
rb_R0_xlsr1b_s0,itw,aug,0.91074,0.18792,0.43196,0.43196,0.32245,0.47784,0.14758,0.22541,0.00000,0.00000,0.00000,1.00000,2,channel,reverb,205,168,xlsr1b_d6rall
rb_R0_xlsr1b_s0,itw,aug,0.99396,0.03324,0.06122,0.06122,0.00000,0.12245,0.00000,0.06668,0.00000,0.00000,0.00000,1.00000,2,channel,clipping,65,56,xlsr1b_d6rall
rb_R0_xlsr1b_s0,itw,aug,0.98526,0.07680,0.11047,0.11047,0.03125,0.18750,0.02486,0.12873,0.00000,0.00000,0.00000,1.00000,2,channel,codec_aac,64,53,xlsr1b_d6rall
rb_R0_xlsr1b_s0,itw,aug,0.98943,0.05310,0.11278,0.11278,0.02256,0.15797,0.01299,0.09086,0.00000,0.00000,0.00000,1.00000,2,channel,codec_g711,56,76,xlsr1b_d6rall
rb_R0_xlsr1b_s0,itw,aug,0.99736,0.03334,0.03390,0.03390,0.00000,0.08475,0.00000,0.07488,0.00000,0.00000,0.00000,1.00000,2,channel,codec_g722,59,61,xlsr1b_d6rall
rb_R0_xlsr1b_s0,itw,aug,0.99740,0.02292,0.06250,0.06250,0.00000,0.10598,0.00000,0.07292,0.00000,0.00000,0.00000,1.00000,2,channel,codec_g726,48,80,xlsr1b_d6rall
rb_R0_xlsr1b_s0,itw,aug,0.99298,0.05132,0.09023,0.09023,0.00000,0.15096,0.00000,0.10263,0.00000,0.00000,0.00000,1.00000,2,channel,codec_mp3,60,57,xlsr1b_d6rall
rb_R0_xlsr1b_s0,itw,aug,0.99891,0.01656,0.01587,0.01587,0.00000,0.04762,0.00000,0.04967,0.00000,0.00000,0.00000,1.00000,2,channel,codec_opus,63,58,xlsr1b_d6rall
rb_R0_xlsr1b_s0,itw,aug,0.97730,0.07945,0.19821,0.19821,0.07522,0.29288,0.03562,0.15069,0.00000,0.00000,0.00000,1.00000,2,channel,noise_babble,52,61,xlsr1b_d6rall
rb_R0_xlsr1b_s0,itw,aug,0.99809,0.03308,0.05085,0.05085,0.00000,0.08475,0.00000,0.07463,0.00000,0.00000,0.00000,1.00000,2,channel,noise_brown,59,62,xlsr1b_d6rall
rb_R0_xlsr1b_s0,itw,aug,0.99189,0.07015,0.08108,0.08108,0.02703,0.15706,0.01585,0.10860,0.00000,0.00000,0.00000,1.00000,2,channel,noise_pink,74,55,xlsr1b_d6rall
rb_R0_xlsr1b_s0,itw,aug,1.00000,0.00000,0.00000,0.00000,0.00000,0.00000,0.00000,0.00000,0.00000,0.00000,0.00000,1.00000,2,channel,noise_white,64,66,xlsr1b_d6rall
rb_R0_xlsr1b_s0,itw,aug,0.97197,0.10871,0.24705,0.24705,0.18316,0.28073,0.07490,0.13302,0.00000,0.00000,0.00000,1.00000,2,duration,<2 s,370,247,xlsr1b_d6rall
rb_R0_xlsr1b_s0,itw,aug,0.99322,0.04341,0.10452,0.10452,0.06210,0.13339,0.02852,0.06433,0.00000,0.00000,0.00000,1.00000,2,duration,2-3 s,304,227,xlsr1b_d6rall
rb_R0_xlsr1b_s0,itw,aug,0.99597,0.04001,0.08383,0.08383,0.05482,0.10259,0.02685,0.05040,0.00000,0.00000,0.00000,1.00000,2,duration,3-4 s,496,655,xlsr1b_d6rall
rb_R0_xlsr1b_s0,itw,aug,0.99502,0.02733,0.05857,0.05857,0.01370,0.09966,0.00903,0.05697,0.00000,0.00000,0.00000,1.00000,2,duration,4-6 s,73,110,xlsr1b_d6rall
rb_R0_xlsr1b_s0,itw,unseen,0.96254,0.11560,0.29611,,0.26015,0.31718,0.10239,0.12721,,,,,2,generator,itw_fake,1250,1250,
rb_R0_xlsr1b_s0,itw,unseen,0.96254,0.11560,0.29611,,0.25977,0.31821,0.10279,0.12761,,,,,2,real source,itw,1250,1250,
rb_R0_xlsr1b_s0,itw,unseen,0.85361,0.22980,0.58435,,0.51039,0.62279,0.20358,0.25406,,,,,2,unseen op,room,492,461,
rb_R0_xlsr1b_s0,itw,unseen,0.98021,0.08590,0.21354,,0.16125,0.24791,0.06935,0.10573,,,,,2,unseen op,codec,455,453,
rb_R0_xlsr1b_s0,itw,unseen,0.96100,0.12527,0.27510,,0.20332,0.34597,0.09178,0.15237,,,,,2,unseen op,tandem,231,248,
rb_R0_xlsr1b_s0,itw,unseen,0.98532,0.05813,0.15507,,0.09391,0.21225,0.03993,0.08430,,,,,2,unseen op,packet_loss,239,260,
rb_R0_xlsr1b_s0,itw,unseen,0.98649,0.06483,0.14171,,0.09628,0.18505,0.04325,0.08655,,,,,2,unseen op,agc,248,261,
rb_R0_xlsr1b_s0,itw,unseen,0.98894,0.07015,0.15044,,0.04122,0.21823,0.03147,0.11536,,,,,2,unseen op,codec_ac3,55,74,
rb_R0_xlsr1b_s0,itw,unseen,0.96034,0.12404,0.30371,,0.15365,0.37564,0.06983,0.18606,,,,,2,unseen op,codec_amrnb,65,64,
rb_R0_xlsr1b_s0,itw,unseen,0.97151,0.08199,0.19493,,0.08931,0.32280,0.04086,0.16398,,,,,2,unseen op,codec_g723_1,62,60,
rb_R0_xlsr1b_s0,itw,unseen,0.97933,0.06580,0.16883,,0.04156,0.24182,0.01483,0.10211,,,,,2,unseen op,codec_mp2,77,60,
rb_R0_xlsr1b_s0,itw,unseen,0.98884,0.06320,0.14405,,0.05229,0.20780,0.02828,0.10566,,,,,2,unseen op,codec_real_144,76,66,
rb_R0_xlsr1b_s0,itw,unseen,0.99213,0.05278,0.11190,,0.02363,0.17631,0.01528,0.09184,,,,,2,unseen op,codec_vorbis,60,72,
rb_R0_xlsr1b_s0,itw,unseen,0.98567,0.08553,0.16341,,0.04641,0.24067,0.02544,0.14518,,,,,2,unseen op,codec_wmav2,60,57,
rb_R0_xlsr1b_s0,itw,device,0.99703,0.02640,0.06743,,0.04901,0.08048,0.01879,0.03202,,,,,2,generator,itw_fake,1250,1250,
rb_R0_xlsr1b_s0,itw,device,0.99703,0.02640,0.06743,,0.05026,0.08403,0.01998,0.03360,,,,,2,real source,itw,1250,1250,
rb_R0_xlsr1b_s1,holdout,clean,1.00000,0.00000,0.00000,0.00000,0.00000,0.00000,0.00000,0.00000,0.00000,0.00000,0.00000,1.00000,3,generator,diffgan_tts,1275,84,xlsr1b_d6rall_s1
rb_R0_xlsr1b_s1,holdout,clean,1.00000,0.00000,0.00000,0.00000,0.00000,0.00000,0.00000,0.00000,0.00000,0.00000,0.00000,1.00000,3,generator,elevenlabs,1275,143,xlsr1b_d6rall_s1
rb_R0_xlsr1b_s1,holdout,clean,1.00000,0.00000,0.00000,0.00000,0.00000,0.00000,0.00000,0.00000,0.00000,0.00000,0.00000,1.00000,3,generator,grad_tts,1275,84,xlsr1b_d6rall_s1
rb_R0_xlsr1b_s1,holdout,clean,1.00000,0.00000,0.00000,0.00000,0.00000,0.00000,0.00000,0.00000,0.00000,0.00000,0.00000,1.00000,3,generator,openvoicev2,1275,154,xlsr1b_d6rall_s1
rb_R0_xlsr1b_s1,holdout,clean,1.00000,0.00000,0.00000,0.00000,0.00000,0.00000,0.00000,0.00000,0.00000,0.00000,0.00000,1.00000,3,generator,playht,1275,145,xlsr1b_d6rall_s1
rb_R0_xlsr1b_s1,holdout,clean,1.00000,0.00000,0.00000,0.00000,0.00000,0.00000,0.00000,0.00000,0.00000,0.00000,0.00000,1.00000,3,generator,pro_diff,1275,84,xlsr1b_d6rall_s1
rb_R0_xlsr1b_s1,holdout,clean,1.00000,0.00000,0.00000,0.00000,0.00000,0.00000,0.00000,0.00000,0.00000,0.00000,0.00000,1.00000,3,generator,unit_speech,1275,152,xlsr1b_d6rall_s1
rb_R0_xlsr1b_s1,holdout,clean,1.00000,0.00000,0.00000,0.00000,0.00000,0.00000,0.00000,0.00000,0.00000,0.00000,0.00000,1.00000,3,generator,wavegrad2,1275,84,xlsr1b_d6rall_s1
rb_R0_xlsr1b_s1,holdout,clean,1.00000,0.00000,0.00000,0.00000,0.00000,0.00000,0.00000,0.00000,0.00000,0.00000,0.00000,1.00000,3,generator,xtts_v2,1275,152,xlsr1b_d6rall_s1
rb_R0_xlsr1b_s1,holdout,clean,1.00000,0.00000,0.00000,0.00000,0.00000,0.00000,0.00000,0.00000,0.00000,0.00000,0.00000,1.00000,3,generator,your_tts,1275,145,xlsr1b_d6rall_s1
rb_R0_xlsr1b_s1,holdout,clean,1.00000,0.00000,0.00000,0.00000,0.00000,0.00000,0.00000,0.00000,0.00000,0.00000,0.00000,1.00000,3,real source,real_extra,358,1227,xlsr1b_d6rall_s1
rb_R0_xlsr1b_s1,holdout,clean,1.00000,0.00000,0.00000,0.00000,0.00000,0.00000,0.00000,0.00000,0.00000,0.00000,0.00000,1.00000,3,real source,real_libri,160,1227,xlsr1b_d6rall_s1
rb_R0_xlsr1b_s1,holdout,clean,1.00000,0.00000,0.00000,0.00000,0.00000,0.00000,0.00000,0.00000,0.00000,0.00000,0.00000,1.00000,3,real source,real_lj,757,1227,xlsr1b_d6rall_s1
rb_R0_xlsr1b_s1,holdout,clean,1.00000,0.00000,0.00000,0.00000,0.00000,0.00000,0.00000,0.00000,0.00000,0.00000,0.00000,1.00000,3,duration,2-3 s,92,12,xlsr1b_d6rall_s1
rb_R0_xlsr1b_s1,holdout,clean,1.00000,0.00000,0.00000,0.00000,0.00000,0.00000,0.00000,0.00000,0.00000,0.00000,0.00000,1.00000,3,duration,3-4 s,982,973,xlsr1b_d6rall_s1
rb_R0_xlsr1b_s1,holdout,clean,1.00000,0.00000,0.00000,0.00000,0.00000,0.00000,0.00000,0.00000,0.00000,0.00000,0.00000,1.00000,3,duration,4-6 s,151,219,xlsr1b_d6rall_s1
rb_R0_xlsr1b_s1,holdout,clean,1.00000,0.00000,0.00000,0.00000,0.00000,0.00000,0.00000,0.00000,0.00000,0.00000,0.00000,1.00000,3,duration,>6 s,14,23,xlsr1b_d6rall_s1
rb_R0_xlsr1b_s1,holdout,aug,0.99867,0.02289,0.02588,0.02588,0.00857,0.03298,0.00471,0.03317,0.00000,0.00000,0.00000,1.00000,3,generator,diffgan_tts,1275,84,xlsr1b_d6rall_s1
rb_R0_xlsr1b_s1,holdout,aug,0.98863,0.06363,0.12952,0.12952,0.08173,0.17334,0.03513,0.08353,0.00000,0.00000,0.00000,1.00000,3,generator,elevenlabs,1275,143,xlsr1b_d6rall_s1
rb_R0_xlsr1b_s1,holdout,aug,0.99596,0.03590,0.07374,0.07374,0.02810,0.11862,0.01261,0.06035,0.00000,0.00000,0.00000,1.00000,3,generator,grad_tts,1275,84,xlsr1b_d6rall_s1
rb_R0_xlsr1b_s1,holdout,aug,0.99904,0.01798,0.02760,0.02760,0.01176,0.03236,0.00794,0.02475,0.00000,0.00000,0.00000,1.00000,3,generator,openvoicev2,1275,154,xlsr1b_d6rall_s1
rb_R0_xlsr1b_s1,holdout,aug,0.99599,0.04147,0.06123,0.06123,0.03922,0.08407,0.02402,0.05270,0.00000,0.00000,0.00000,1.00000,3,generator,playht,1275,145,xlsr1b_d6rall_s1
rb_R0_xlsr1b_s1,holdout,aug,0.99956,0.01105,0.01020,0.01020,0.00233,0.01571,0.00117,0.01818,0.00000,0.00000,0.00000,1.00000,3,generator,pro_diff,1275,84,xlsr1b_d6rall_s1
rb_R0_xlsr1b_s1,holdout,aug,0.99840,0.02531,0.03451,0.03451,0.02037,0.04239,0.01324,0.03293,0.00000,0.00000,0.00000,1.00000,3,generator,unit_speech,1275,152,xlsr1b_d6rall_s1
rb_R0_xlsr1b_s1,holdout,aug,0.99814,0.01380,0.03609,0.03609,0.00782,0.08193,0.00392,0.03657,0.00000,0.00000,0.00000,1.00000,3,generator,wavegrad2,1275,84,xlsr1b_d6rall_s1
rb_R0_xlsr1b_s1,holdout,aug,0.99728,0.02728,0.04392,0.04392,0.02665,0.05490,0.01364,0.03974,0.00000,0.00000,0.00000,1.00000,3,generator,xtts_v2,1275,152,xlsr1b_d6rall_s1
rb_R0_xlsr1b_s1,holdout,aug,0.99900,0.01396,0.03698,0.03698,0.01018,0.05569,0.00698,0.03450,0.00000,0.00000,0.00000,1.00000,3,generator,your_tts,1275,145,xlsr1b_d6rall_s1
rb_R0_xlsr1b_s1,holdout,aug,0.99496,0.03871,0.09080,0.09080,0.06565,0.11174,0.02782,0.04823,0.00000,0.00000,0.00000,1.00000,3,real source,real_extra,358,1227,xlsr1b_d6rall_s1
rb_R0_xlsr1b_s1,holdout,aug,0.99651,0.03233,0.07581,0.07581,0.04037,0.10389,0.01955,0.05026,0.00000,0.00000,0.00000,1.00000,3,real source,real_libri,160,1227,xlsr1b_d6rall_s1
rb_R0_xlsr1b_s1,holdout,aug,0.99790,0.02371,0.05670,0.05670,0.03922,0.06937,0.01714,0.03322,0.00000,0.00000,0.00000,1.00000,3,real source,real_lj,757,1227,xlsr1b_d6rall_s1
rb_R0_xlsr1b_s1,holdout,aug,0.99760,0.02431,0.05744,0.05744,0.02953,0.08156,0.01351,0.03646,0.00000,0.00000,0.00000,1.00000,3,channel,codec,381,360,xlsr1b_d6rall_s1
rb_R0_xlsr1b_s1,holdout,aug,0.99782,0.02408,0.06631,0.06631,0.01453,0.09091,0.01181,0.05574,0.00000,0.00000,0.00000,1.00000,3,channel,telephony,132,118,xlsr1b_d6rall_s1
rb_R0_xlsr1b_s1,holdout,aug,0.99924,0.01471,0.02239,0.02239,0.00000,0.04484,0.00000,0.03677,0.00000,0.00000,0.00000,1.00000,3,channel,bandlimit,134,138,xlsr1b_d6rall_s1
rb_R0_xlsr1b_s1,holdout,aug,1.00000,0.00000,0.00000,0.00000,0.00000,0.00000,0.00000,0.00000,0.00000,0.00000,0.00000,1.00000,3,channel,resample,135,130,xlsr1b_d6rall_s1
rb_R0_xlsr1b_s1,holdout,aug,0.99983,0.00399,0.01086,0.01086,0.00000,0.01968,0.00000,0.01403,0.00000,0.00000,0.00000,1.00000,3,channel,tilt,255,247,xlsr1b_d6rall_s1
rb_R0_xlsr1b_s1,holdout,aug,0.99751,0.02929,0.05304,0.05304,0.02387,0.07691,0.01255,0.04603,0.00000,0.00000,0.00000,1.00000,3,channel,noise,240,238,xlsr1b_d6rall_s1
rb_R0_xlsr1b_s1,holdout,aug,0.99944,0.01496,0.01379,0.01379,0.00000,0.03448,0.00000,0.02656,0.00000,0.00000,0.00000,1.00000,3,channel,hum,145,124,xlsr1b_d6rall_s1
rb_R0_xlsr1b_s1,holdout,aug,0.92910,0.14779,0.35527,0.35527,0.26807,0.42268,0.11569,0.18239,0.00000,0.00000,0.00000,1.00000,3,channel,reverb,202,204,xlsr1b_d6rall_s1
rb_R0_xlsr1b_s1,holdout,aug,1.00000,0.00000,0.00000,0.00000,0.00000,0.00000,0.00000,0.00000,0.00000,0.00000,0.00000,1.00000,3,channel,clipping,75,62,xlsr1b_d6rall_s1
rb_R0_xlsr1b_s1,holdout,aug,0.99811,0.01951,0.03571,0.03571,0.00000,0.10714,0.00000,0.06784,0.00000,0.00000,0.00000,1.00000,3,channel,codec_aac,55,48,xlsr1b_d6rall_s1
rb_R0_xlsr1b_s1,holdout,aug,0.99784,0.03102,0.05751,0.05751,0.00000,0.10892,0.00000,0.06205,0.00000,0.00000,0.00000,1.00000,3,channel,codec_g711,66,63,xlsr1b_d6rall_s1
rb_R0_xlsr1b_s1,holdout,aug,0.99717,0.03373,0.06122,0.06122,0.00000,0.09524,0.00000,0.07639,0.00000,0.00000,0.00000,1.00000,3,channel,codec_g722,63,56,xlsr1b_d6rall_s1
rb_R0_xlsr1b_s1,holdout,aug,1.00000,0.00000,0.00000,0.00000,0.00000,0.00000,0.00000,0.00000,0.00000,0.00000,0.00000,1.00000,3,channel,codec_g726,66,67,xlsr1b_d6rall_s1
rb_R0_xlsr1b_s1,holdout,aug,1.00000,0.00000,0.00000,0.00000,0.00000,0.00000,0.00000,0.00000,0.00000,0.00000,0.00000,1.00000,3,channel,codec_mp3,63,59,xlsr1b_d6rall_s1
rb_R0_xlsr1b_s1,holdout,aug,0.99440,0.04445,0.07353,0.07353,0.01471,0.13177,0.01482,0.08889,0.00000,0.00000,0.00000,1.00000,3,channel,codec_opus,68,67,xlsr1b_d6rall_s1
rb_R0_xlsr1b_s1,holdout,aug,0.99766,0.03421,0.05263,0.05263,0.00000,0.08799,0.00000,0.06842,0.00000,0.00000,0.00000,1.00000,3,channel,noise_babble,57,60,xlsr1b_d6rall_s1
rb_R0_xlsr1b_s1,holdout,aug,0.99975,0.01576,0.01613,0.01613,0.00000,0.03226,0.00000,0.03151,0.00000,0.00000,0.00000,1.00000,3,channel,noise_brown,62,65,xlsr1b_d6rall_s1
rb_R0_xlsr1b_s1,holdout,aug,0.99826,0.01580,0.04350,0.04350,0.00000,0.07463,0.00000,0.04739,0.00000,0.00000,0.00000,1.00000,3,channel,noise_pink,67,60,xlsr1b_d6rall_s1
rb_R0_xlsr1b_s1,holdout,aug,0.99336,0.05608,0.08790,0.08790,0.01852,0.15271,0.01846,0.09347,0.00000,0.00000,0.00000,1.00000,3,channel,noise_white,54,53,xlsr1b_d6rall_s1
rb_R0_xlsr1b_s1,holdout,aug,0.99185,0.08514,0.09783,0.09783,0.00000,0.15217,0.00000,0.15942,0.00000,0.00000,0.00000,1.00000,3,duration,2-3 s,92,12,xlsr1b_d6rall_s1
rb_R0_xlsr1b_s1,holdout,aug,0.99679,0.02949,0.07026,0.07026,0.05204,0.08460,0.02225,0.03519,0.00000,0.00000,0.00000,1.00000,3,duration,3-4 s,942,991,xlsr1b_d6rall_s1
rb_R0_xlsr1b_s1,holdout,aug,0.99896,0.01590,0.03950,0.03950,0.00552,0.05525,0.00276,0.03187,0.00000,0.00000,0.00000,1.00000,3,duration,4-6 s,181,197,xlsr1b_d6rall_s1
rb_R0_xlsr1b_s1,holdout,aug,0.99383,0.07870,0.08333,0.08333,0.00000,0.16667,0.00000,0.13657,0.00000,0.00000,0.00000,1.00000,3,duration,>6 s,24,27,xlsr1b_d6rall_s1
rb_R0_xlsr1b_s1,holdout,unseen,0.98987,0.05957,0.11923,,0.05794,0.13647,0.02405,0.07979,,,,,3,generator,diffgan_tts,1275,84,
rb_R0_xlsr1b_s1,holdout,unseen,0.95406,0.11905,0.28425,,0.20611,0.35447,0.08392,0.14447,,,,,3,generator,elevenlabs,1275,143,
rb_R0_xlsr1b_s1,holdout,unseen,0.98690,0.04773,0.11534,,0.05725,0.17119,0.03029,0.07190,,,,,3,generator,grad_tts,1275,84,
rb_R0_xlsr1b_s1,holdout,unseen,0.99484,0.03192,0.07590,,0.03935,0.12284,0.01993,0.05786,,,,,3,generator,openvoicev2,1275,154,
rb_R0_xlsr1b_s1,holdout,unseen,0.98699,0.06201,0.10757,,0.07214,0.13493,0.05158,0.08101,,,,,3,generator,playht,1275,145,
rb_R0_xlsr1b_s1,holdout,unseen,0.99595,0.03590,0.05255,,0.03133,0.06433,0.02115,0.05607,,,,,3,generator,pro_diff,1275,84,
rb_R0_xlsr1b_s1,holdout,unseen,0.99247,0.04459,0.08952,,0.05283,0.11063,0.02922,0.06272,,,,,3,generator,unit_speech,1275,152,
rb_R0_xlsr1b_s1,holdout,unseen,0.99366,0.03590,0.08157,,0.03606,0.09490,0.02366,0.05957,,,,,3,generator,wavegrad2,1275,84,
rb_R0_xlsr1b_s1,holdout,unseen,0.99316,0.03934,0.08168,,0.03949,0.11139,0.02591,0.05260,,,,,3,generator,xtts_v2,1275,152,
rb_R0_xlsr1b_s1,holdout,unseen,0.99612,0.04147,0.05961,,0.03839,0.06982,0.02053,0.05034,,,,,3,generator,your_tts,1275,145,
rb_R0_xlsr1b_s1,holdout,unseen,0.98241,0.07479,0.16622,,0.12568,0.18997,0.05342,0.08691,,,,,3,real source,real_extra,358,1227,
rb_R0_xlsr1b_s1,holdout,unseen,0.98017,0.06303,0.16662,,0.12072,0.20357,0.04986,0.08696,,,,,3,real source,real_libri,160,1227,
rb_R0_xlsr1b_s1,holdout,unseen,0.99216,0.03978,0.09630,,0.07182,0.11506,0.02984,0.04785,,,,,3,real source,real_lj,757,1227,
rb_R0_xlsr1b_s1,holdout,unseen,0.96539,0.09708,0.23661,,0.18573,0.28256,0.08195,0.12298,,,,,3,unseen op,room,472,455,
rb_R0_xlsr1b_s1,holdout,unseen,0.99037,0.04870,0.10821,,0.07723,0.13926,0.03522,0.06314,,,,,3,unseen op,codec,513,452,
rb_R0_xlsr1b_s1,holdout,unseen,0.98329,0.06545,0.17146,,0.09810,0.20741,0.04086,0.09000,,,,,3,unseen op,tandem,241,248,
rb_R0_xlsr1b_s1,holdout,unseen,0.99735,0.02138,0.05433,,0.02500,0.07952,0.01351,0.03885,,,,,3,unseen op,packet_loss,236,278,
rb_R0_xlsr1b_s1,holdout,unseen,0.99194,0.03623,0.08722,,0.04737,0.12261,0.02137,0.05567,,,,,3,unseen op,agc,246,223,
rb_R0_xlsr1b_s1,holdout,unseen,0.99795,0.02620,0.06098,,0.00000,0.09549,0.00000,0.05257,,,,,3,unseen op,codec_ac3,80,73,
rb_R0_xlsr1b_s1,holdout,unseen,0.98235,0.08697,0.12743,,0.05882,0.20600,0.04331,0.14496,,,,,3,unseen op,codec_amrnb,68,70,
rb_R0_xlsr1b_s1,holdout,unseen,0.98452,0.07672,0.12346,,0.04938,0.18519,0.03439,0.12522,,,,,3,unseen op,codec_g723_1,81,63,
rb_R0_xlsr1b_s1,holdout,unseen,0.99804,0.01569,0.04328,,0.00000,0.08571,0.00000,0.05441,,,,,3,unseen op,codec_mp2,68,60,
rb_R0_xlsr1b_s1,holdout,unseen,0.98826,0.04003,0.08593,,0.01299,0.16995,0.00649,0.08655,,,,,3,unseen op,codec_real_144,77,73,
rb_R0_xlsr1b_s1,holdout,unseen,0.99877,0.01431,0.03928,,0.00000,0.07866,0.00000,0.04980,,,,,3,unseen op,codec_vorbis,73,67,
rb_R0_xlsr1b_s1,holdout,unseen,0.98897,0.04447,0.08969,,0.00000,0.21241,0.00000,0.13340,,,,,3,unseen op,codec_wmav2,66,46,
rb_R0_xlsr1b_s1,holdout,device,1.00000,0.00000,0.00000,,0.00000,0.00000,0.00000,0.00000,,,,,3,generator,diffgan_tts,1275,84,
rb_R0_xlsr1b_s1,holdout,device,0.99984,0.00703,0.01098,,0.00078,0.01648,0.00039,0.01678,,,,,3,generator,elevenlabs,1275,143,
rb_R0_xlsr1b_s1,holdout,device,1.00000,0.00000,0.00000,,0.00000,0.00000,0.00000,0.00000,,,,,3,generator,grad_tts,1275,84,
rb_R0_xlsr1b_s1,holdout,device,1.00000,0.00000,0.00000,,0.00000,0.00000,0.00000,0.00000,,,,,3,generator,openvoicev2,1275,154,
rb_R0_xlsr1b_s1,holdout,device,0.99992,0.00698,0.01098,,0.00000,0.01490,0.00000,0.01584,,,,,3,generator,playht,1275,145,
rb_R0_xlsr1b_s1,holdout,device,1.00000,0.00000,0.00000,,0.00000,0.00000,0.00000,0.00000,,,,,3,generator,pro_diff,1275,84,
rb_R0_xlsr1b_s1,holdout,device,1.00000,0.00000,0.00000,,0.00000,0.00000,0.00000,0.00000,,,,,3,generator,unit_speech,1275,152,
rb_R0_xlsr1b_s1,holdout,device,0.99997,0.00118,0.00235,,0.00000,0.00471,0.00000,0.00235,,,,,3,generator,wavegrad2,1275,84,
rb_R0_xlsr1b_s1,holdout,device,1.00000,0.00000,0.00000,,0.00000,0.00000,0.00000,0.00000,,,,,3,generator,xtts_v2,1275,152,
rb_R0_xlsr1b_s1,holdout,device,1.00000,0.00000,0.00000,,0.00000,0.00000,0.00000,0.00000,,,,,3,generator,your_tts,1275,145,
rb_R0_xlsr1b_s1,holdout,device,0.99994,0.00565,0.00978,,0.00140,0.01540,0.00041,0.00925,,,,,3,real source,real_extra,358,1227,
rb_R0_xlsr1b_s1,holdout,device,0.99997,0.00081,0.00279,,0.00000,0.00699,0.00000,0.00516,,,,,3,real source,real_libri,160,1227,
rb_R0_xlsr1b_s1,holdout,device,0.99999,0.00148,0.00412,,0.00000,0.00693,0.00000,0.00469,,,,,3,real source,real_lj,757,1227,
rb_R0_xlsr1b_s1,itw,clean,0.99851,0.01920,0.04229,0.04229,0.02890,0.05681,0.01279,0.02440,0.00000,0.00000,0.00000,1.00000,3,generator,itw_fake,1250,1250,xlsr1b_d6rall_s1
rb_R0_xlsr1b_s1,itw,clean,0.99851,0.01920,0.04229,0.04229,0.02914,0.05669,0.01280,0.02401,0.00000,0.00000,0.00000,1.00000,3,real source,itw,1250,1250,xlsr1b_d6rall_s1
rb_R0_xlsr1b_s1,itw,clean,0.98910,0.06009,0.13894,0.13894,0.07559,0.16640,0.03241,0.07633,0.00000,0.00000,0.00000,1.00000,3,duration,<2 s,370,247,xlsr1b_d6rall_s1
rb_R0_xlsr1b_s1,itw,clean,0.99953,0.00549,0.01413,0.01413,0.00000,0.02932,0.00000,0.01703,0.00000,0.00000,0.00000,1.00000,3,duration,2-3 s,304,227,xlsr1b_d6rall_s1
rb_R0_xlsr1b_s1,itw,clean,0.99989,0.00420,0.00963,0.00963,0.00254,0.01984,0.00074,0.00940,0.00000,0.00000,0.00000,1.00000,3,duration,3-4 s,507,672,xlsr1b_d6rall_s1
rb_R0_xlsr1b_s1,itw,clean,1.00000,0.00000,0.00000,0.00000,0.00000,0.00000,0.00000,0.00000,0.00000,0.00000,0.00000,1.00000,3,duration,4-6 s,62,101,xlsr1b_d6rall_s1
rb_R0_xlsr1b_s1,itw,aug,0.99102,0.05040,0.12754,0.12754,0.10305,0.14560,0.04000,0.05800,0.00000,0.00000,0.00000,1.00000,3,generator,itw_fake,1250,1250,xlsr1b_d6rall_s1
rb_R0_xlsr1b_s1,itw,aug,0.99102,0.05040,0.12754,0.12754,0.10114,0.14858,0.04039,0.05762,0.00000,0.00000,0.00000,1.00000,3,real source,itw,1250,1250,xlsr1b_d6rall_s1
rb_R0_xlsr1b_s1,itw,aug,0.99455,0.03403,0.08612,0.08612,0.05369,0.12174,0.02312,0.05039,0.00000,0.00000,0.00000,1.00000,3,channel,codec,350,385,xlsr1b_d6rall_s1
rb_R0_xlsr1b_s1,itw,aug,0.98613,0.06498,0.14862,0.14862,0.08042,0.21256,0.03610,0.09746,0.00000,0.00000,0.00000,1.00000,3,channel,telephony,138,139,xlsr1b_d6rall_s1
rb_R0_xlsr1b_s1,itw,aug,0.99479,0.04703,0.09632,0.09632,0.04164,0.13198,0.02178,0.06881,0.00000,0.00000,0.00000,1.00000,3,channel,bandlimit,144,132,xlsr1b_d6rall_s1
rb_R0_xlsr1b_s1,itw,aug,0.99418,0.05091,0.09271,0.09271,0.03650,0.12714,0.02535,0.07635,0.00000,0.00000,0.00000,1.00000,3,channel,resample,137,138,xlsr1b_d6rall_s1
rb_R0_xlsr1b_s1,itw,aug,0.99737,0.01653,0.04003,0.04003,0.01098,0.07146,0.00413,0.03718,0.00000,0.00000,0.00000,1.00000,3,channel,tilt,232,253,xlsr1b_d6rall_s1
rb_R0_xlsr1b_s1,itw,aug,0.99231,0.04869,0.12045,0.12045,0.06723,0.15267,0.02840,0.06697,0.00000,0.00000,0.00000,1.00000,3,channel,noise,249,244,xlsr1b_d6rall_s1
rb_R0_xlsr1b_s1,itw,aug,0.99437,0.03603,0.08136,0.08136,0.03409,0.12054,0.01612,0.06459,0.00000,0.00000,0.00000,1.00000,3,channel,hum,117,132,xlsr1b_d6rall_s1
rb_R0_xlsr1b_s1,itw,aug,0.92507,0.15543,0.39388,0.39388,0.29048,0.44816,0.12044,0.18501,0.00000,0.00000,0.00000,1.00000,3,channel,reverb,205,168,xlsr1b_d6rall_s1
rb_R0_xlsr1b_s1,itw,aug,0.99423,0.01662,0.03061,0.03061,0.00000,0.09184,0.00000,0.05005,0.00000,0.00000,0.00000,1.00000,3,channel,clipping,65,56,xlsr1b_d6rall_s1
rb_R0_xlsr1b_s1,itw,aug,0.98379,0.09404,0.14172,0.14172,0.06250,0.23766,0.03445,0.15360,0.00000,0.00000,0.00000,1.00000,3,channel,codec_aac,64,53,xlsr1b_d6rall_s1
rb_R0_xlsr1b_s1,itw,aug,0.99201,0.03759,0.08553,0.08553,0.02244,0.15789,0.01299,0.07770,0.00000,0.00000,0.00000,1.00000,3,channel,codec_g711,56,76,xlsr1b_d6rall_s1
rb_R0_xlsr1b_s1,itw,aug,0.99819,0.01667,0.03390,0.03390,0.00000,0.07895,0.00000,0.05869,0.00000,0.00000,0.00000,1.00000,3,channel,codec_g722,59,61,xlsr1b_d6rall_s1
rb_R0_xlsr1b_s1,itw,aug,0.99922,0.01667,0.02143,0.02143,0.00000,0.06254,0.00000,0.03974,0.00000,0.00000,0.00000,1.00000,3,channel,codec_g726,48,80,xlsr1b_d6rall_s1
rb_R0_xlsr1b_s1,itw,aug,0.99357,0.03421,0.07682,0.07682,0.00000,0.16667,0.00000,0.08553,0.00000,0.00000,0.00000,1.00000,3,channel,codec_mp3,60,57,xlsr1b_d6rall_s1
rb_R0_xlsr1b_s1,itw,aug,0.99781,0.03311,0.05911,0.05911,0.00000,0.11151,0.00000,0.07503,0.00000,0.00000,0.00000,1.00000,3,channel,codec_opus,63,58,xlsr1b_d6rall_s1
rb_R0_xlsr1b_s1,itw,aug,0.97888,0.09726,0.21154,0.21154,0.09422,0.28285,0.04382,0.15069,0.00000,0.00000,0.00000,1.00000,3,channel,noise_babble,52,61,xlsr1b_d6rall_s1
rb_R0_xlsr1b_s1,itw,aug,0.99863,0.03308,0.05085,0.05085,0.00000,0.08295,0.00000,0.05829,0.00000,0.00000,0.00000,1.00000,3,channel,noise_brown,59,62,xlsr1b_d6rall_s1
rb_R0_xlsr1b_s1,itw,aug,0.98698,0.07015,0.12162,0.12162,0.04054,0.18919,0.02244,0.12008,0.00000,0.00000,0.00000,1.00000,3,channel,noise_pink,74,55,xlsr1b_d6rall_s1
rb_R0_xlsr1b_s1,itw,aug,0.99834,0.01539,0.03125,0.03125,0.00000,0.07285,0.00000,0.05416,0.00000,0.00000,0.00000,1.00000,3,channel,noise_white,64,66,xlsr1b_d6rall_s1
rb_R0_xlsr1b_s1,itw,aug,0.97612,0.08440,0.20674,0.20674,0.13344,0.25791,0.05199,0.11212,0.00000,0.00000,0.00000,1.00000,3,duration,<2 s,370,247,xlsr1b_d6rall_s1
rb_R0_xlsr1b_s1,itw,aug,0.99340,0.05275,0.11244,0.11244,0.06735,0.14115,0.03022,0.06978,0.00000,0.00000,0.00000,1.00000,3,duration,2-3 s,304,227,xlsr1b_d6rall_s1
rb_R0_xlsr1b_s1,itw,aug,0.99457,0.04254,0.09914,0.09914,0.06829,0.12080,0.03113,0.05394,0.00000,0.00000,0.00000,1.00000,3,duration,3-4 s,496,655,xlsr1b_d6rall_s1
rb_R0_xlsr1b_s1,itw,aug,0.99514,0.02733,0.05857,0.05857,0.01370,0.10552,0.00455,0.07061,0.00000,0.00000,0.00000,1.00000,3,duration,4-6 s,73,110,xlsr1b_d6rall_s1
rb_R0_xlsr1b_s1,itw,unseen,0.96639,0.10640,0.25966,,0.22765,0.28614,0.09516,0.11683,,,,,3,generator,itw_fake,1250,1250,
rb_R0_xlsr1b_s1,itw,unseen,0.96639,0.10640,0.25966,,0.22639,0.28515,0.09359,0.11842,,,,,3,real source,itw,1250,1250,
rb_R0_xlsr1b_s1,itw,unseen,0.87898,0.19938,0.48868,,0.41149,0.53664,0.17100,0.22249,,,,,3,unseen op,room,492,461,
rb_R0_xlsr1b_s1,itw,unseen,0.97988,0.08150,0.20218,,0.15722,0.23323,0.06495,0.10132,,,,,3,unseen op,codec,455,453,
rb_R0_xlsr1b_s1,itw,unseen,0.95955,0.10855,0.28795,,0.21511,0.36152,0.08145,0.14819,,,,,3,unseen op,tandem,231,248,
rb_R0_xlsr1b_s1,itw,unseen,0.98753,0.06215,0.15976,,0.09826,0.19878,0.04207,0.09030,,,,,3,unseen op,packet_loss,239,260,
rb_R0_xlsr1b_s1,itw,unseen,0.98500,0.06876,0.16591,,0.11589,0.19621,0.04718,0.09240,,,,,3,unseen op,agc,248,261,
rb_R0_xlsr1b_s1,itw,unseen,0.98993,0.03845,0.10586,,0.02304,0.16564,0.00909,0.09292,,,,,3,unseen op,codec_ac3,55,74,
rb_R0_xlsr1b_s1,itw,unseen,0.96454,0.12404,0.25357,,0.12308,0.33820,0.06202,0.18625,,,,,3,unseen op,codec_amrnb,65,64,
rb_R0_xlsr1b_s1,itw,unseen,0.96935,0.13118,0.24700,,0.12863,0.33911,0.06559,0.19677,,,,,3,unseen op,codec_g723_1,62,60,
rb_R0_xlsr1b_s1,itw,unseen,0.98496,0.06580,0.12208,,0.02851,0.20779,0.01483,0.10211,,,,,3,unseen op,codec_mp2,77,60,
rb_R0_xlsr1b_s1,itw,unseen,0.98505,0.06320,0.11808,,0.05228,0.19669,0.02814,0.11982,,,,,3,unseen op,codec_real_144,76,66,
rb_R0_xlsr1b_s1,itw,unseen,0.98796,0.06806,0.13571,,0.03310,0.21673,0.01528,0.11392,,,,,3,unseen op,codec_vorbis,60,72,
rb_R0_xlsr1b_s1,itw,unseen,0.98246,0.08553,0.16015,,0.04992,0.27075,0.02544,0.14518,,,,,3,unseen op,codec_wmav2,60,57,
rb_R0_xlsr1b_s1,itw,device,0.99609,0.02960,0.07611,,0.05609,0.08961,0.02240,0.03521,,,,,3,generator,itw_fake,1250,1250,
rb_R0_xlsr1b_s1,itw,device,0.99609,0.02960,0.07611,,0.05885,0.09223,0.02240,0.03721,,,,,3,real source,itw,1250,1250,
rb_R1_xlsr1b_s0,holdout,clean,1.00000,0.00000,0.00000,0.00000,0.00000,0.00000,0.00000,0.00000,0.00000,0.00000,0.00000,1.00000,3,generator,diffgan_tts,1275,84,rb_R0_xlsr1b_s0
rb_R1_xlsr1b_s0,holdout,clean,0.99998,0.00118,0.00235,0.00000,0.00000,0.00471,0.00000,0.00585,0.00000,0.00471,0.00235,0.42000,3,generator,elevenlabs,1275,143,rb_R0_xlsr1b_s0
rb_R1_xlsr1b_s0,holdout,clean,1.00000,0.00000,0.00000,0.00000,0.00000,0.00000,0.00000,0.00000,0.00000,0.00000,0.00000,1.00000,3,generator,grad_tts,1275,84,rb_R0_xlsr1b_s0
rb_R1_xlsr1b_s0,holdout,clean,1.00000,0.00000,0.00000,0.00000,0.00000,0.00000,0.00000,0.00000,0.00000,0.00000,0.00000,1.00000,3,generator,openvoicev2,1275,154,rb_R0_xlsr1b_s0
rb_R1_xlsr1b_s0,holdout,clean,1.00000,0.00000,0.00000,0.00000,0.00000,0.00000,0.00000,0.00000,0.00000,0.00000,0.00000,1.00000,3,generator,playht,1275,145,rb_R0_xlsr1b_s0
rb_R1_xlsr1b_s0,holdout,clean,1.00000,0.00000,0.00000,0.00000,0.00000,0.00000,0.00000,0.00000,0.00000,0.00000,0.00000,1.00000,3,generator,pro_diff,1275,84,rb_R0_xlsr1b_s0
rb_R1_xlsr1b_s0,holdout,clean,1.00000,0.00000,0.00000,0.00000,0.00000,0.00000,0.00000,0.00000,0.00000,0.00000,0.00000,1.00000,3,generator,unit_speech,1275,152,rb_R0_xlsr1b_s0
rb_R1_xlsr1b_s0,holdout,clean,1.00000,0.00000,0.00000,0.00000,0.00000,0.00000,0.00000,0.00000,0.00000,0.00000,0.00000,1.00000,3,generator,wavegrad2,1275,84,rb_R0_xlsr1b_s0
rb_R1_xlsr1b_s0,holdout,clean,1.00000,0.00000,0.00000,0.00000,0.00000,0.00000,0.00000,0.00000,0.00000,0.00000,0.00000,1.00000,3,generator,xtts_v2,1275,152,rb_R0_xlsr1b_s0
rb_R1_xlsr1b_s0,holdout,clean,1.00000,0.00000,0.00000,0.00000,0.00000,0.00000,0.00000,0.00000,0.00000,0.00000,0.00000,1.00000,3,generator,your_tts,1275,145,rb_R0_xlsr1b_s0
rb_R1_xlsr1b_s0,holdout,clean,1.00000,0.00000,0.00000,0.00000,0.00000,0.00000,0.00000,0.00000,0.00000,0.00000,0.00000,1.00000,3,real source,real_extra,358,1227,rb_R0_xlsr1b_s0
rb_R1_xlsr1b_s0,holdout,clean,0.99999,0.00041,0.00140,0.00000,0.00000,0.00419,0.00000,0.00122,0.00000,0.00419,0.00140,0.56500,3,real source,real_libri,160,1227,rb_R0_xlsr1b_s0
rb_R1_xlsr1b_s0,holdout,clean,1.00000,0.00107,0.00140,0.00000,0.00000,0.00396,0.00000,0.00254,0.00000,0.00396,0.00140,0.40000,3,real source,real_lj,757,1227,rb_R0_xlsr1b_s0
rb_R1_xlsr1b_s0,holdout,clean,1.00000,0.00000,0.00000,0.00000,0.00000,0.00000,0.00000,0.00000,0.00000,0.00000,0.00000,1.00000,3,duration,2-3 s,92,12,rb_R0_xlsr1b_s0
rb_R1_xlsr1b_s0,holdout,clean,1.00000,0.00102,0.00176,0.00000,0.00000,0.00354,0.00000,0.00308,0.00000,0.00354,0.00176,0.40000,3,duration,3-4 s,982,973,rb_R0_xlsr1b_s0
rb_R1_xlsr1b_s0,holdout,clean,1.00000,0.00000,0.00000,0.00000,0.00000,0.00000,0.00000,0.00000,0.00000,0.00000,0.00000,1.00000,3,duration,4-6 s,151,219,rb_R0_xlsr1b_s0
rb_R1_xlsr1b_s0,holdout,clean,1.00000,0.00000,0.00000,0.00000,0.00000,0.00000,0.00000,0.00000,0.00000,0.00000,0.00000,1.00000,3,duration,>6 s,14,23,rb_R0_xlsr1b_s0
rb_R1_xlsr1b_s0,holdout,aug,0.99914,0.02367,0.02588,0.03686,0.00235,0.03216,0.00118,0.03161,-0.01727,0.00551,-0.01098,0.77500,3,generator,diffgan_tts,1275,84,rb_R0_xlsr1b_s0
rb_R1_xlsr1b_s0,holdout,aug,0.98988,0.06363,0.13692,0.12582,0.09008,0.16086,0.04098,0.07729,-0.02836,0.05524,0.01109,0.26500,3,generator,elevenlabs,1275,143,rb_R0_xlsr1b_s0
rb_R1_xlsr1b_s0,holdout,aug,0.99643,0.04499,0.08551,0.09021,0.02821,0.11066,0.01183,0.05918,-0.03380,0.01100,-0.00471,0.89500,3,generator,grad_tts,1275,84,rb_R0_xlsr1b_s0
rb_R1_xlsr1b_s0,holdout,aug,0.99916,0.01394,0.02603,0.03373,0.00941,0.03765,0.00638,0.02280,-0.01319,0.00708,-0.00769,0.78000,3,generator,openvoicev2,1275,154,rb_R0_xlsr1b_s0
rb_R1_xlsr1b_s0,holdout,aug,0.99631,0.03567,0.06437,0.07378,0.03684,0.08563,0.02093,0.04838,-0.01963,0.00865,-0.00941,0.81000,3,generator,playht,1275,145,rb_R0_xlsr1b_s0
rb_R1_xlsr1b_s0,holdout,aug,0.99962,0.01183,0.01333,0.00706,0.00078,0.01882,0.00039,0.01976,-0.00473,0.00941,0.00627,0.20500,3,generator,pro_diff,1275,84,rb_R0_xlsr1b_s0
rb_R1_xlsr1b_s0,holdout,aug,0.99853,0.01967,0.04500,0.05412,0.01647,0.05423,0.01112,0.03660,-0.01882,-0.00049,-0.00911,0.98500,3,generator,unit_speech,1275,152,rb_R0_xlsr1b_s0
rb_R1_xlsr1b_s0,holdout,aug,0.99824,0.02249,0.04158,0.02747,0.00312,0.08477,0.00156,0.03931,-0.00316,0.01884,0.01412,0.29000,3,generator,wavegrad2,1275,84,rb_R0_xlsr1b_s0
rb_R1_xlsr1b_s0,holdout,aug,0.99763,0.02649,0.05393,0.04863,0.02349,0.07608,0.01325,0.03934,-0.01207,0.02760,0.00530,0.45500,3,generator,xtts_v2,1275,152,rb_R0_xlsr1b_s0
rb_R1_xlsr1b_s0,holdout,aug,0.99909,0.02054,0.03529,0.04235,0.01175,0.04394,0.00698,0.03765,-0.01412,0.00553,-0.00706,0.90000,3,generator,your_tts,1275,145,rb_R0_xlsr1b_s0
rb_R1_xlsr1b_s0,holdout,aug,0.99558,0.03649,0.08940,0.10755,0.06146,0.10760,0.02519,0.04738,-0.03776,0.00001,-0.01815,0.95500,3,real source,real_extra,358,1227,rb_R0_xlsr1b_s0
rb_R1_xlsr1b_s0,holdout,aug,0.99802,0.03111,0.06287,0.07647,0.03613,0.07686,0.01875,0.04143,-0.03472,0.00428,-0.01360,0.91000,3,real source,real_libri,160,1227,rb_R0_xlsr1b_s0
rb_R1_xlsr1b_s0,holdout,aug,0.99787,0.02625,0.06066,0.05243,0.04318,0.07348,0.01862,0.03429,-0.00507,0.02058,0.00823,0.14000,3,real source,real_lj,757,1227,rb_R0_xlsr1b_s0
rb_R1_xlsr1b_s0,holdout,aug,0.99814,0.02562,0.05958,0.05628,0.02906,0.07175,0.01208,0.03504,-0.02344,0.01808,0.00330,0.52000,3,channel,codec,381,360,rb_R0_xlsr1b_s0
rb_R1_xlsr1b_s0,holdout,aug,0.99788,0.02408,0.06569,0.07326,0.01453,0.09474,0.00803,0.05194,-0.03865,0.02343,-0.00758,0.68000,3,channel,telephony,132,118,rb_R0_xlsr1b_s0
rb_R1_xlsr1b_s0,holdout,aug,0.99908,0.02206,0.03481,0.03481,0.00728,0.06211,0.00353,0.04413,-0.02484,0.02484,0.00000,0.62500,3,channel,bandlimit,134,138,rb_R0_xlsr1b_s0
rb_R1_xlsr1b_s0,holdout,aug,1.00000,0.00000,0.00000,0.00741,0.00000,0.00000,0.00000,0.00000,-0.02222,0.00000,-0.00741,1.00000,3,channel,resample,135,130,rb_R0_xlsr1b_s0
rb_R1_xlsr1b_s0,holdout,aug,0.99983,0.00399,0.00784,0.01176,0.00000,0.01569,0.00000,0.01392,-0.01388,0.00000,-0.00392,1.00000,3,channel,tilt,255,247,rb_R0_xlsr1b_s0
rb_R1_xlsr1b_s0,holdout,aug,0.99846,0.02511,0.04470,0.06441,0.01852,0.06597,0.00837,0.03974,-0.04171,-0.00406,-0.01970,1.00000,3,channel,noise,240,238,rb_R0_xlsr1b_s0
rb_R1_xlsr1b_s0,holdout,aug,0.99978,0.01496,0.01379,0.02069,0.00000,0.02759,0.00000,0.02589,-0.01382,0.00000,-0.00690,1.00000,3,channel,hum,145,124,rb_R0_xlsr1b_s0
rb_R1_xlsr1b_s0,holdout,aug,0.93507,0.15271,0.35677,0.35136,0.26954,0.42668,0.12316,0.19225,-0.04954,0.06377,0.00541,0.51000,3,channel,reverb,202,204,rb_R0_xlsr1b_s0
rb_R1_xlsr1b_s0,holdout,aug,1.00000,0.00000,0.00000,0.00000,0.00000,0.00000,0.00000,0.00000,0.00000,0.00000,0.00000,1.00000,3,channel,clipping,75,62,rb_R0_xlsr1b_s0
rb_R1_xlsr1b_s0,holdout,aug,0.99773,0.01951,0.05390,0.03636,0.00000,0.10716,0.00000,0.05875,-0.03636,0.07143,0.01753,0.54500,3,channel,codec_aac,55,48,rb_R0_xlsr1b_s0
rb_R1_xlsr1b_s0,holdout,aug,0.99832,0.01551,0.04236,0.03030,0.00000,0.09091,0.00000,0.05411,-0.03030,0.05442,0.01206,0.51500,3,channel,codec_g711,66,63,rb_R0_xlsr1b_s0
rb_R1_xlsr1b_s0,holdout,aug,0.99830,0.03373,0.04762,0.06122,0.00000,0.07937,0.00000,0.06746,-0.03175,0.00000,-0.01361,1.00000,3,channel,codec_g722,63,56,rb_R0_xlsr1b_s0
rb_R1_xlsr1b_s0,holdout,aug,1.00000,0.00000,0.00000,0.00000,0.00000,0.00000,0.00000,0.00000,0.00000,0.00000,0.00000,1.00000,3,channel,codec_g726,66,67,rb_R0_xlsr1b_s0
rb_R1_xlsr1b_s0,holdout,aug,1.00000,0.00000,0.00000,0.01587,0.00000,0.00000,0.00000,0.00000,-0.04762,0.00000,-0.01587,1.00000,3,channel,codec_mp3,63,59,rb_R0_xlsr1b_s0
rb_R1_xlsr1b_s0,holdout,aug,0.99868,0.01482,0.02941,0.09146,0.00000,0.05882,0.00000,0.04463,-0.10320,0.00000,-0.06205,1.00000,3,channel,codec_opus,68,67,rb_R0_xlsr1b_s0
rb_R1_xlsr1b_s0,holdout,aug,0.99795,0.03421,0.05263,0.06366,0.00000,0.10526,0.00000,0.06863,-0.05263,0.00000,-0.01103,1.00000,3,channel,noise_babble,57,60,rb_R0_xlsr1b_s0
rb_R1_xlsr1b_s0,holdout,aug,0.99975,0.01576,0.01613,0.01613,0.00000,0.03226,0.00000,0.03151,-0.03226,0.00000,0.00000,1.00000,3,channel,noise_brown,62,65,rb_R0_xlsr1b_s0
rb_R1_xlsr1b_s0,holdout,aug,0.99876,0.01580,0.01493,0.04350,0.00000,0.04478,0.00000,0.04739,-0.05714,0.00000,-0.02857,0.99000,3,channel,noise_pink,67,60,rb_R0_xlsr1b_s0
rb_R1_xlsr1b_s0,holdout,aug,0.99755,0.03739,0.05556,0.09259,0.00000,0.09270,0.00000,0.07477,-0.09704,0.00000,-0.03704,0.98000,3,channel,noise_white,54,53,rb_R0_xlsr1b_s0
rb_R1_xlsr1b_s0,holdout,aug,0.99004,0.08514,0.11957,0.11957,0.00000,0.15245,0.00000,0.19565,-0.04348,0.04526,0.00000,0.71000,3,duration,2-3 s,92,12,rb_R0_xlsr1b_s0
rb_R1_xlsr1b_s0,holdout,aug,0.99706,0.03207,0.07093,0.06574,0.05036,0.08587,0.02274,0.03829,-0.00901,0.01664,0.00519,0.29000,3,duration,3-4 s,942,991,rb_R0_xlsr1b_s0
rb_R1_xlsr1b_s0,holdout,aug,0.99902,0.02120,0.02762,0.02528,0.00552,0.04972,0.00276,0.03180,-0.01657,0.01740,0.00235,0.47500,3,duration,4-6 s,181,197,rb_R0_xlsr1b_s0
rb_R1_xlsr1b_s0,holdout,aug,0.99537,0.03935,0.06349,0.04167,0.00000,0.16667,0.00000,0.11806,-0.06349,0.12500,0.02183,0.54500,3,duration,>6 s,24,27,rb_R0_xlsr1b_s0
rb_R1_xlsr1b_s0,holdout,unseen,0.99499,0.03354,0.06041,0.05647,0.02659,0.08790,0.01261,0.04773,-0.02980,0.03059,0.00394,0.53500,3,generator,diffgan_tts,1275,84,rb_R0_xlsr1b_s0
rb_R1_xlsr1b_s0,holdout,unseen,0.95368,0.11202,0.29377,0.30733,0.21096,0.37982,0.08391,0.14731,-0.05535,0.04584,-0.01356,0.63500,3,generator,elevenlabs,1275,143,rb_R0_xlsr1b_s0
rb_R1_xlsr1b_s0,holdout,unseen,0.99431,0.02367,0.05964,0.08944,0.01488,0.09964,0.01103,0.05293,-0.08093,0.00948,-0.02980,0.89500,3,generator,grad_tts,1275,84,rb_R0_xlsr1b_s0
rb_R1_xlsr1b_s0,holdout,unseen,0.99510,0.03909,0.08531,0.09002,0.04799,0.10701,0.02433,0.05825,-0.02553,0.01650,-0.00471,0.70000,3,generator,openvoicev2,1275,154,rb_R0_xlsr1b_s0
rb_R1_xlsr1b_s0,holdout,unseen,0.98979,0.04845,0.08790,0.13362,0.06116,0.10118,0.03566,0.06782,-0.06986,-0.01104,-0.04572,1.00000,3,generator,playht,1275,145,rb_R0_xlsr1b_s0
rb_R1_xlsr1b_s0,holdout,unseen,0.99685,0.03354,0.04392,0.04863,0.02192,0.05335,0.01457,0.04734,-0.01490,0.01571,-0.00471,0.66000,3,generator,pro_diff,1275,84,rb_R0_xlsr1b_s0
rb_R1_xlsr1b_s0,holdout,unseen,0.99332,0.04577,0.07903,0.10472,0.05020,0.11242,0.03161,0.06153,-0.05014,0.00237,-0.02569,0.96500,3,generator,unit_speech,1275,152,rb_R0_xlsr1b_s0
rb_R1_xlsr1b_s0,holdout,unseen,0.99279,0.03825,0.10201,0.05961,0.03757,0.13886,0.02482,0.07141,-0.00867,0.07620,0.04240,0.09000,3,generator,wavegrad2,1275,84,rb_R0_xlsr1b_s0
rb_R1_xlsr1b_s0,holdout,unseen,0.99380,0.03895,0.07932,0.07324,0.04000,0.11240,0.02603,0.05183,-0.02124,0.02868,0.00609,0.38000,3,generator,xtts_v2,1275,152,rb_R0_xlsr1b_s0
rb_R1_xlsr1b_s0,holdout,unseen,0.99634,0.03450,0.06914,0.06365,0.03606,0.08396,0.01976,0.04654,-0.00463,0.01817,0.00549,0.08500,3,generator,your_tts,1275,145,rb_R0_xlsr1b_s0
rb_R1_xlsr1b_s0,holdout,unseen,0.98706,0.06309,0.14806,0.17041,0.10896,0.17184,0.04431,0.07826,-0.04752,-0.00418,-0.02235,0.99500,3,real source,real_extra,358,1227,rb_R0_xlsr1b_s0
rb_R1_xlsr1b_s0,holdout,unseen,0.98468,0.06860,0.15184,0.17258,0.09956,0.18902,0.04032,0.08735,-0.05759,-0.00399,-0.02073,0.98500,3,real source,real_libri,160,1227,rb_R0_xlsr1b_s0
rb_R1_xlsr1b_s0,holdout,unseen,0.99135,0.03831,0.09630,0.08487,0.07042,0.11668,0.02920,0.04661,-0.00572,0.02590,0.01143,0.11500,3,real source,real_lj,757,1227,rb_R0_xlsr1b_s0
rb_R1_xlsr1b_s0,holdout,unseen,0.96920,0.09492,0.22861,0.23544,0.18243,0.27456,0.07444,0.11547,-0.03934,0.02688,-0.00684,0.66500,3,unseen op,room,472,455,rb_R0_xlsr1b_s0
rb_R1_xlsr1b_s0,holdout,unseen,0.99118,0.04246,0.09804,0.11742,0.06738,0.12870,0.03316,0.05592,-0.03307,0.00589,-0.01939,0.90500,3,unseen op,codec,513,452,rb_R0_xlsr1b_s0
rb_R1_xlsr1b_s0,holdout,unseen,0.98615,0.06136,0.12308,0.16456,0.06492,0.17567,0.03682,0.08591,-0.07198,-0.00417,-0.04148,0.98500,3,unseen op,tandem,241,248,rb_R0_xlsr1b_s0
rb_R1_xlsr1b_s0,holdout,unseen,0.99716,0.02530,0.05433,0.06511,0.02119,0.07514,0.01355,0.04065,-0.02819,0.00269,-0.01078,0.95500,3,unseen op,packet_loss,236,278,rb_R0_xlsr1b_s0
rb_R1_xlsr1b_s0,holdout,unseen,0.99243,0.03623,0.08722,0.08677,0.04700,0.12116,0.02137,0.05114,-0.02440,0.01670,0.00044,0.53500,3,unseen op,agc,246,223,rb_R0_xlsr1b_s0
rb_R1_xlsr1b_s0,holdout,unseen,0.99949,0.01310,0.02500,0.03598,0.00000,0.05000,0.00000,0.03930,-0.03750,0.01277,-0.01098,0.92000,3,unseen op,codec_ac3,80,73,rb_R0_xlsr1b_s0
rb_R1_xlsr1b_s0,holdout,unseen,0.97973,0.08697,0.14214,0.17155,0.05882,0.21567,0.04349,0.14496,-0.10306,0.03914,-0.02941,0.76500,3,unseen op,codec_amrnb,68,70,rb_R0_xlsr1b_s0
rb_R1_xlsr1b_s0,holdout,unseen,0.99118,0.04850,0.08642,0.17057,0.02469,0.13580,0.01411,0.08481,-0.12346,-0.01235,-0.08415,1.00000,3,unseen op,codec_g723_1,81,63,rb_R0_xlsr1b_s0
rb_R1_xlsr1b_s0,holdout,unseen,0.99363,0.04706,0.07269,0.07269,0.01471,0.14370,0.00735,0.07843,0.00000,0.04412,0.00000,0.57000,3,unseen op,codec_mp2,68,60,rb_R0_xlsr1b_s0
rb_R1_xlsr1b_s0,holdout,unseen,0.98879,0.05337,0.11991,0.14588,0.02348,0.19554,0.01334,0.09356,-0.07307,0.04952,-0.02597,0.67000,3,unseen op,codec_real_144,77,73,rb_R0_xlsr1b_s0
rb_R1_xlsr1b_s0,holdout,unseen,0.99939,0.01431,0.02559,0.02559,0.00000,0.05514,0.00000,0.04979,-0.02760,0.01370,0.00000,0.95500,3,unseen op,codec_vorbis,73,67,rb_R0_xlsr1b_s0
rb_R1_xlsr1b_s0,holdout,unseen,0.98880,0.04447,0.11999,0.06757,0.00000,0.22360,0.00000,0.13340,-0.00819,0.14907,0.05242,0.24500,3,unseen op,codec_wmav2,66,46,rb_R0_xlsr1b_s0
rb_R1_xlsr1b_s0,holdout,device,1.00000,0.00000,0.00000,0.00000,0.00000,0.00000,0.00000,0.00000,0.00000,0.00000,0.00000,1.00000,3,generator,diffgan_tts,1275,84,rb_R0_xlsr1b_s0
rb_R1_xlsr1b_s0,holdout,device,0.99991,0.00585,0.00471,0.00078,0.00078,0.00784,0.00039,0.01052,-0.00078,0.00706,0.00392,0.08500,3,generator,elevenlabs,1275,143,rb_R0_xlsr1b_s0
rb_R1_xlsr1b_s0,holdout,device,1.00000,0.00000,0.00000,0.00078,0.00000,0.00000,0.00000,0.00000,-0.00235,0.00000,-0.00078,1.00000,3,generator,grad_tts,1275,84,rb_R0_xlsr1b_s0
rb_R1_xlsr1b_s0,holdout,device,1.00000,0.00000,0.00000,0.00000,0.00000,0.00000,0.00000,0.00000,0.00000,0.00000,0.00000,1.00000,3,generator,openvoicev2,1275,154,rb_R0_xlsr1b_s0
rb_R1_xlsr1b_s0,holdout,device,0.99997,0.00580,0.00471,0.00863,0.00000,0.00863,0.00000,0.01043,-0.00706,0.00000,-0.00392,0.99000,3,generator,playht,1275,145,rb_R0_xlsr1b_s0
rb_R1_xlsr1b_s0,holdout,device,1.00000,0.00000,0.00000,0.00000,0.00000,0.00000,0.00000,0.00000,0.00000,0.00000,0.00000,1.00000,3,generator,pro_diff,1275,84,rb_R0_xlsr1b_s0
rb_R1_xlsr1b_s0,holdout,device,1.00000,0.00000,0.00000,0.00000,0.00000,0.00000,0.00000,0.00000,0.00000,0.00000,0.00000,1.00000,3,generator,unit_speech,1275,152,rb_R0_xlsr1b_s0
rb_R1_xlsr1b_s0,holdout,device,1.00000,0.00000,0.00000,0.00157,0.00000,0.00000,0.00000,0.00000,-0.00394,0.00000,-0.00157,1.00000,3,generator,wavegrad2,1275,84,rb_R0_xlsr1b_s0
rb_R1_xlsr1b_s0,holdout,device,1.00000,0.00000,0.00000,0.00000,0.00000,0.00000,0.00000,0.00000,0.00000,0.00000,0.00000,1.00000,3,generator,xtts_v2,1275,152,rb_R0_xlsr1b_s0
rb_R1_xlsr1b_s0,holdout,device,1.00000,0.00000,0.00000,0.00000,0.00000,0.00000,0.00000,0.00000,0.00000,0.00000,0.00000,1.00000,3,generator,your_tts,1275,145,rb_R0_xlsr1b_s0
rb_R1_xlsr1b_s0,holdout,device,0.99999,0.00262,0.00559,0.00559,0.00000,0.00838,0.00000,0.00566,-0.00838,0.00559,-0.00000,0.67000,3,real source,real_extra,358,1227,rb_R0_xlsr1b_s0
rb_R1_xlsr1b_s0,holdout,device,0.99998,0.00475,0.00559,0.00140,0.00000,0.00842,0.00000,0.00599,-0.00279,0.00702,0.00419,0.37500,3,real source,real_libri,160,1227,rb_R0_xlsr1b_s0
rb_R1_xlsr1b_s0,holdout,device,0.99999,0.00254,0.00396,0.00140,0.00000,0.00793,0.00000,0.00600,0.00000,0.00661,0.00257,0.13000,3,real source,real_lj,757,1227,rb_R0_xlsr1b_s0
rb_R1_xlsr1b_s0,itw,clean,0.99869,0.01840,0.04331,0.03966,0.02913,0.05395,0.01280,0.02361,-0.00469,0.01086,0.00366,0.24000,3,generator,itw_fake,1250,1250,rb_R0_xlsr1b_s0
rb_R1_xlsr1b_s0,itw,clean,0.99869,0.01840,0.04331,0.03966,0.03073,0.05315,0.01320,0.02321,-0.00515,0.01167,0.00366,0.21000,3,real source,itw,1250,1250,rb_R0_xlsr1b_s0
rb_R1_xlsr1b_s0,itw,clean,0.98936,0.05199,0.13273,0.14281,0.08097,0.17406,0.03373,0.07292,-0.04252,0.02471,-0.01008,0.66000,3,duration,<2 s,370,247,rb_R0_xlsr1b_s0
rb_R1_xlsr1b_s0,itw,clean,0.99928,0.00934,0.01742,0.01413,0.00000,0.03297,0.00000,0.01869,-0.00197,0.00761,0.00329,0.57500,3,duration,2-3 s,304,227,rb_R0_xlsr1b_s0
rb_R1_xlsr1b_s0,itw,clean,0.99995,0.00420,0.00905,0.00452,0.00000,0.01497,0.00000,0.00767,-0.00197,0.00794,0.00452,0.20500,3,duration,3-4 s,507,672,rb_R0_xlsr1b_s0
rb_R1_xlsr1b_s0,itw,clean,1.00000,0.00000,0.00000,0.00000,0.00000,0.00000,0.00000,0.00000,0.00000,0.00000,0.00000,1.00000,3,duration,4-6 s,62,101,rb_R0_xlsr1b_s0
rb_R1_xlsr1b_s0,itw,aug,0.99031,0.05480,0.13829,0.13954,0.11359,0.15703,0.04599,0.06361,-0.01898,0.01475,-0.00126,0.52000,3,generator,itw_fake,1250,1250,rb_R0_xlsr1b_s0
rb_R1_xlsr1b_s0,itw,aug,0.99031,0.05480,0.13829,0.13954,0.11354,0.15646,0.04439,0.06242,-0.01890,0.01555,-0.00126,0.38000,3,real source,itw,1250,1250,rb_R0_xlsr1b_s0
rb_R1_xlsr1b_s0,itw,aug,0.99508,0.03403,0.08772,0.08772,0.05080,0.12389,0.02182,0.05042,-0.02221,0.02833,0.00000,0.36500,3,channel,codec,350,385,rb_R0_xlsr1b_s0
rb_R1_xlsr1b_s0,itw,aug,0.97998,0.07220,0.17405,0.15879,0.09250,0.22776,0.03970,0.10126,-0.02688,0.06617,0.01526,0.27000,3,channel,telephony,138,139,rb_R0_xlsr1b_s0
rb_R1_xlsr1b_s0,itw,aug,0.99245,0.04703,0.06854,0.09876,0.03470,0.11634,0.01799,0.06890,-0.06680,0.01760,-0.03021,0.74500,3,channel,bandlimit,144,132,rb_R0_xlsr1b_s0
rb_R1_xlsr1b_s0,itw,aug,0.99442,0.05091,0.10001,0.09131,0.04674,0.14101,0.02173,0.08009,-0.04536,0.05265,0.00870,0.37000,3,channel,resample,137,138,rb_R0_xlsr1b_s0
rb_R1_xlsr1b_s0,itw,aug,0.99763,0.02677,0.06036,0.06898,0.02644,0.08991,0.01217,0.04329,-0.02343,0.01789,-0.00862,0.71000,3,channel,tilt,232,253,rb_R0_xlsr1b_s0
rb_R1_xlsr1b_s0,itw,aug,0.99063,0.05680,0.13955,0.11544,0.09322,0.16968,0.04057,0.07504,-0.01606,0.05424,0.02411,0.16000,3,channel,noise,249,244,rb_R0_xlsr1b_s0
rb_R1_xlsr1b_s0,itw,aug,0.99534,0.04409,0.06427,0.09912,0.02564,0.10701,0.01612,0.06449,-0.06027,0.01709,-0.03485,0.92500,3,channel,hum,117,132,rb_R0_xlsr1b_s0
rb_R1_xlsr1b_s0,itw,aug,0.91503,0.18494,0.41692,0.43196,0.31873,0.48636,0.13675,0.21446,-0.07987,0.08386,-0.01503,0.47500,3,channel,reverb,205,168,rb_R0_xlsr1b_s0
rb_R1_xlsr1b_s0,itw,aug,0.98874,0.03324,0.06122,0.06122,0.00000,0.15306,0.00000,0.09080,0.00000,0.07683,0.00000,0.72000,3,channel,clipping,65,56,rb_R0_xlsr1b_s0
rb_R1_xlsr1b_s0,itw,aug,0.98555,0.05955,0.11047,0.11047,0.03125,0.18969,0.01725,0.13031,-0.06360,0.08141,0.00000,0.56500,3,channel,codec_aac,64,53,rb_R0_xlsr1b_s0
rb_R1_xlsr1b_s0,itw,aug,0.98802,0.05310,0.11278,0.11278,0.02256,0.20301,0.01551,0.10620,-0.03947,0.07719,0.00000,0.44000,3,channel,codec_g711,56,76,rb_R0_xlsr1b_s0
rb_R1_xlsr1b_s0,itw,aug,0.99861,0.01667,0.03390,0.03390,0.00000,0.06808,0.00000,0.05849,-0.05085,0.00000,0.00000,1.00000,3,channel,codec_g722,59,61,rb_R0_xlsr1b_s0
rb_R1_xlsr1b_s0,itw,aug,0.99870,0.02292,0.04226,0.06250,0.00000,0.08512,0.00000,0.05219,-0.08275,0.02025,-0.02024,0.94000,3,channel,codec_g726,48,80,rb_R0_xlsr1b_s0
rb_R1_xlsr1b_s0,itw,aug,0.99196,0.06842,0.12030,0.09023,0.03008,0.15038,0.01711,0.11160,-0.05000,0.08659,0.03008,0.47000,3,channel,codec_mp3,60,57,rb_R0_xlsr1b_s0
rb_R1_xlsr1b_s0,itw,aug,1.00000,0.00000,0.00000,0.01587,0.00000,0.00000,0.00000,0.00000,-0.04762,0.00000,-0.01587,1.00000,3,channel,codec_opus,63,58,rb_R0_xlsr1b_s0
rb_R1_xlsr1b_s0,itw,aug,0.97131,0.09726,0.23518,0.19821,0.09445,0.31983,0.04382,0.16051,-0.06809,0.11241,0.03698,0.38500,3,channel,noise_babble,52,61,rb_R0_xlsr1b_s0
rb_R1_xlsr1b_s0,itw,aug,0.99891,0.01654,0.02765,0.05085,0.00000,0.06818,0.00000,0.04962,-0.06795,0.02765,-0.02320,0.82500,3,channel,noise_brown,59,62,rb_R0_xlsr1b_s0
rb_R1_xlsr1b_s0,itw,aug,0.98796,0.07015,0.13514,0.08108,0.05382,0.20270,0.02260,0.11536,-0.01372,0.09459,0.05405,0.15000,3,channel,noise_pink,74,55,rb_R0_xlsr1b_s0
rb_R1_xlsr1b_s0,itw,aug,0.99716,0.03078,0.05195,0.00000,0.00000,0.10390,0.00000,0.06937,0.00000,0.10390,0.05195,0.11000,3,channel,noise_white,64,66,rb_R0_xlsr1b_s0
rb_R1_xlsr1b_s0,itw,aug,0.97697,0.08575,0.20644,0.24705,0.14420,0.25233,0.06482,0.10739,-0.07495,0.00465,-0.04061,0.96500,3,duration,<2 s,370,247,rb_R0_xlsr1b_s0
rb_R1_xlsr1b_s0,itw,aug,0.99177,0.05659,0.12097,0.10452,0.07721,0.15427,0.03571,0.07537,-0.01147,0.04882,0.01645,0.13500,3,duration,2-3 s,304,227,rb_R0_xlsr1b_s0
rb_R1_xlsr1b_s0,itw,aug,0.99407,0.04001,0.10480,0.08383,0.06964,0.12173,0.03037,0.04939,-0.00078,0.03540,0.02098,0.05000,3,duration,3-4 s,496,655,rb_R0_xlsr1b_s0
rb_R1_xlsr1b_s0,itw,aug,0.99477,0.02733,0.05668,0.05857,0.01370,0.09782,0.00455,0.05467,-0.04110,0.03500,-0.00189,0.70000,3,duration,4-6 s,73,110,rb_R0_xlsr1b_s0
rb_R1_xlsr1b_s0,itw,unseen,0.96594,0.10960,0.28709,0.29611,0.25451,0.31230,0.09799,0.12201,-0.02756,0.01043,-0.00903,0.77500,3,generator,itw_fake,1250,1250,rb_R0_xlsr1b_s0
rb_R1_xlsr1b_s0,itw,unseen,0.96594,0.10960,0.28709,0.29611,0.25233,0.31411,0.09756,0.12320,-0.02657,0.01189,-0.00903,0.76500,3,real source,itw,1250,1250,rb_R0_xlsr1b_s0
rb_R1_xlsr1b_s0,itw,unseen,0.85784,0.22980,0.56943,0.58435,0.50306,0.61624,0.20148,0.25408,-0.04881,0.02883,-0.01492,0.64500,3,unseen op,room,492,461,rb_R0_xlsr1b_s0
rb_R1_xlsr1b_s0,itw,unseen,0.98230,0.07930,0.20668,0.21354,0.14831,0.23879,0.05724,0.09694,-0.03846,0.01750,-0.00686,0.76500,3,unseen op,codec,455,453,rb_R0_xlsr1b_s0
rb_R1_xlsr1b_s0,itw,unseen,0.96433,0.10855,0.28627,0.27510,0.20993,0.36009,0.08145,0.14406,-0.03565,0.04562,0.01117,0.42000,3,unseen op,tandem,231,248,rb_R0_xlsr1b_s0
rb_R1_xlsr1b_s0,itw,unseen,0.99075,0.05412,0.13706,0.15507,0.08261,0.18446,0.03404,0.07831,-0.05105,0.00357,-0.01801,0.93500,3,unseen op,packet_loss,239,260,rb_R0_xlsr1b_s0
rb_R1_xlsr1b_s0,itw,unseen,0.98579,0.06089,0.14529,0.14171,0.09368,0.18528,0.04320,0.08846,-0.02871,0.03525,0.00358,0.48500,3,unseen op,agc,248,261,rb_R0_xlsr1b_s0
rb_R1_xlsr1b_s0,itw,unseen,0.99177,0.05430,0.12903,0.15044,0.02317,0.18182,0.01351,0.09275,-0.08592,0.03636,-0.02141,0.84000,3,unseen op,codec_ac3,55,74,rb_R0_xlsr1b_s0
rb_R1_xlsr1b_s0,itw,unseen,0.97127,0.10853,0.24560,0.30371,0.10759,0.33448,0.04651,0.15505,-0.13464,0.05014,-0.05810,0.86500,3,unseen op,codec_amrnb,65,64,rb_R0_xlsr1b_s0
rb_R1_xlsr1b_s0,itw,unseen,0.97581,0.08199,0.19493,0.19493,0.08559,0.30652,0.04086,0.14758,-0.06452,0.03226,0.00000,0.76500,3,unseen op,codec_g723_1,62,60,rb_R0_xlsr1b_s0
rb_R1_xlsr1b_s0,itw,unseen,0.98117,0.08063,0.16883,0.16883,0.04156,0.23903,0.01483,0.13160,-0.03896,0.06494,0.00000,0.59500,3,unseen op,codec_mp2,77,60,rb_R0_xlsr1b_s0
rb_R1_xlsr1b_s0,itw,unseen,0.98804,0.07735,0.13090,0.14405,0.05164,0.19498,0.02171,0.10566,-0.07895,0.05092,-0.01316,0.69500,3,unseen op,codec_real_144,76,66,rb_R0_xlsr1b_s0
rb_R1_xlsr1b_s0,itw,unseen,0.99236,0.03750,0.10476,0.11190,0.01667,0.16673,0.01507,0.09167,-0.04762,0.03810,-0.00714,0.70000,3,unseen op,codec_vorbis,60,72,rb_R0_xlsr1b_s0
rb_R1_xlsr1b_s0,itw,unseen,0.98509,0.06842,0.15000,0.16341,0.04674,0.21676,0.02523,0.12872,-0.08016,0.05327,-0.01341,0.66000,3,unseen op,codec_wmav2,60,57,rb_R0_xlsr1b_s0
rb_R1_xlsr1b_s0,itw,device,0.99555,0.03280,0.08594,0.06743,0.06262,0.09829,0.02480,0.04040,0.00400,0.02881,0.01851,0.01000,3,generator,itw_fake,1250,1250,rb_R0_xlsr1b_s0
rb_R1_xlsr1b_s0,itw,device,0.99555,0.03280,0.08594,0.06743,0.06397,0.10195,0.02400,0.04162,0.00068,0.02915,0.01851,0.01000,3,real source,itw,1250,1250,rb_R0_xlsr1b_s0
rb_R2_xlsr1b_s0,holdout,clean,1.00000,0.00000,0.00000,0.00000,0.00000,0.00000,0.00000,0.00000,0.00000,0.00000,0.00000,1.00000,2,generator,diffgan_tts,1275,84,rb_R0_xlsr1b_s0
rb_R2_xlsr1b_s0,holdout,clean,1.00000,0.00000,0.00000,0.00000,0.00000,0.00000,0.00000,0.00000,0.00000,0.00000,0.00000,1.00000,2,generator,elevenlabs,1275,143,rb_R0_xlsr1b_s0
rb_R2_xlsr1b_s0,holdout,clean,1.00000,0.00000,0.00000,0.00000,0.00000,0.00000,0.00000,0.00000,0.00000,0.00000,0.00000,1.00000,2,generator,grad_tts,1275,84,rb_R0_xlsr1b_s0
rb_R2_xlsr1b_s0,holdout,clean,1.00000,0.00000,0.00000,0.00000,0.00000,0.00000,0.00000,0.00000,0.00000,0.00000,0.00000,1.00000,2,generator,openvoicev2,1275,154,rb_R0_xlsr1b_s0
rb_R2_xlsr1b_s0,holdout,clean,1.00000,0.00000,0.00000,0.00000,0.00000,0.00000,0.00000,0.00000,0.00000,0.00000,0.00000,1.00000,2,generator,playht,1275,145,rb_R0_xlsr1b_s0
rb_R2_xlsr1b_s0,holdout,clean,1.00000,0.00000,0.00000,0.00000,0.00000,0.00000,0.00000,0.00000,0.00000,0.00000,0.00000,1.00000,2,generator,pro_diff,1275,84,rb_R0_xlsr1b_s0
rb_R2_xlsr1b_s0,holdout,clean,1.00000,0.00000,0.00000,0.00000,0.00000,0.00000,0.00000,0.00000,0.00000,0.00000,0.00000,1.00000,2,generator,unit_speech,1275,152,rb_R0_xlsr1b_s0
rb_R2_xlsr1b_s0,holdout,clean,1.00000,0.00000,0.00000,0.00000,0.00000,0.00000,0.00000,0.00000,0.00000,0.00000,0.00000,1.00000,2,generator,wavegrad2,1275,84,rb_R0_xlsr1b_s0
rb_R2_xlsr1b_s0,holdout,clean,1.00000,0.00000,0.00000,0.00000,0.00000,0.00000,0.00000,0.00000,0.00000,0.00000,0.00000,1.00000,2,generator,xtts_v2,1275,152,rb_R0_xlsr1b_s0
rb_R2_xlsr1b_s0,holdout,clean,1.00000,0.00000,0.00000,0.00000,0.00000,0.00000,0.00000,0.00000,0.00000,0.00000,0.00000,1.00000,2,generator,your_tts,1275,145,rb_R0_xlsr1b_s0
rb_R2_xlsr1b_s0,holdout,clean,1.00000,0.00000,0.00000,0.00000,0.00000,0.00000,0.00000,0.00000,0.00000,0.00000,0.00000,1.00000,2,real source,real_extra,358,1227,rb_R0_xlsr1b_s0
rb_R2_xlsr1b_s0,holdout,clean,1.00000,0.00000,0.00000,0.00000,0.00000,0.00000,0.00000,0.00000,0.00000,0.00000,0.00000,1.00000,2,real source,real_libri,160,1227,rb_R0_xlsr1b_s0
rb_R2_xlsr1b_s0,holdout,clean,1.00000,0.00000,0.00000,0.00000,0.00000,0.00000,0.00000,0.00000,0.00000,0.00000,0.00000,1.00000,2,real source,real_lj,757,1227,rb_R0_xlsr1b_s0
rb_R2_xlsr1b_s0,holdout,clean,1.00000,0.00000,0.00000,0.00000,0.00000,0.00000,0.00000,0.00000,0.00000,0.00000,0.00000,1.00000,2,duration,2-3 s,92,12,rb_R0_xlsr1b_s0
rb_R2_xlsr1b_s0,holdout,clean,1.00000,0.00000,0.00000,0.00000,0.00000,0.00000,0.00000,0.00000,0.00000,0.00000,0.00000,1.00000,2,duration,3-4 s,982,973,rb_R0_xlsr1b_s0
rb_R2_xlsr1b_s0,holdout,clean,1.00000,0.00000,0.00000,0.00000,0.00000,0.00000,0.00000,0.00000,0.00000,0.00000,0.00000,1.00000,2,duration,4-6 s,151,219,rb_R0_xlsr1b_s0
rb_R2_xlsr1b_s0,holdout,clean,1.00000,0.00000,0.00000,0.00000,0.00000,0.00000,0.00000,0.00000,0.00000,0.00000,0.00000,1.00000,2,duration,>6 s,14,23,rb_R0_xlsr1b_s0
rb_R2_xlsr1b_s0,holdout,aug,0.99883,0.02367,0.04474,0.03686,0.00233,0.05804,0.00117,0.04421,-0.00706,0.02523,0.00788,0.35500,2,generator,diffgan_tts,1275,84,rb_R0_xlsr1b_s0
rb_R2_xlsr1b_s0,holdout,aug,0.98982,0.05621,0.11854,0.12582,0.07360,0.14974,0.03513,0.07188,-0.02078,0.02391,-0.00728,0.55000,2,generator,elevenlabs,1275,143,rb_R0_xlsr1b_s0
rb_R2_xlsr1b_s0,holdout,aug,0.99435,0.05917,0.08237,0.09021,0.05098,0.11771,0.02680,0.07141,-0.01335,0.01801,-0.00784,0.67000,2,generator,grad_tts,1275,84,rb_R0_xlsr1b_s0
rb_R2_xlsr1b_s0,holdout,aug,0.99927,0.01798,0.02760,0.03373,0.01175,0.03873,0.00638,0.02487,-0.01104,0.00631,-0.00612,0.76500,2,generator,openvoicev2,1275,154,rb_R0_xlsr1b_s0
rb_R2_xlsr1b_s0,holdout,aug,0.99672,0.03410,0.05339,0.07378,0.03057,0.07765,0.02054,0.04152,-0.02588,-0.00218,-0.02039,0.98500,2,generator,playht,1275,145,rb_R0_xlsr1b_s0
rb_R2_xlsr1b_s0,holdout,aug,0.99979,0.01144,0.01098,0.00706,0.00000,0.01725,0.00000,0.01857,-0.00788,0.00865,0.00392,0.46000,2,generator,pro_diff,1275,84,rb_R0_xlsr1b_s0
rb_R2_xlsr1b_s0,holdout,aug,0.99885,0.01967,0.03373,0.05412,0.01645,0.04031,0.01277,0.03175,-0.03060,0.00000,-0.02039,0.98000,2,generator,unit_speech,1275,152,rb_R0_xlsr1b_s0
rb_R2_xlsr1b_s0,holdout,aug,0.99878,0.02367,0.04317,0.02747,0.00078,0.06510,0.00039,0.04579,-0.03216,0.04025,0.01570,0.47500,2,generator,wavegrad2,1275,84,rb_R0_xlsr1b_s0
rb_R2_xlsr1b_s0,holdout,aug,0.99751,0.03292,0.05255,0.04863,0.03449,0.06196,0.01920,0.05102,-0.00392,0.02200,0.00392,0.16500,2,generator,xtts_v2,1275,152,rb_R0_xlsr1b_s0
rb_R2_xlsr1b_s0,holdout,aug,0.99936,0.01474,0.03373,0.04235,0.00467,0.04078,0.00233,0.03217,-0.02196,0.00078,-0.00863,0.96500,2,generator,your_tts,1275,145,rb_R0_xlsr1b_s0
rb_R2_xlsr1b_s0,holdout,aug,0.99563,0.04132,0.09079,0.10755,0.06142,0.11453,0.02902,0.05041,-0.02934,-0.00136,-0.01675,0.97500,2,real source,real_extra,358,1227,rb_R0_xlsr1b_s0
rb_R2_xlsr1b_s0,holdout,aug,0.99731,0.03111,0.06882,0.07647,0.03690,0.09746,0.01874,0.04906,-0.03198,0.01383,-0.00765,0.79500,2,real source,real_libri,160,1227,rb_R0_xlsr1b_s0
rb_R2_xlsr1b_s0,holdout,aug,0.99799,0.02518,0.05855,0.05243,0.04232,0.07253,0.01714,0.03430,-0.00491,0.01750,0.00612,0.18500,2,real source,real_lj,757,1227,rb_R0_xlsr1b_s0
rb_R2_xlsr1b_s0,holdout,aug,0.99858,0.02562,0.05744,0.05628,0.02688,0.07254,0.01208,0.03384,-0.02333,0.01188,0.00116,0.71000,2,channel,codec,381,360,rb_R0_xlsr1b_s0
rb_R2_xlsr1b_s0,holdout,aug,0.99692,0.04391,0.07576,0.07326,0.02273,0.10616,0.01605,0.07223,-0.01838,0.03922,0.00249,0.51500,2,channel,telephony,132,118,rb_R0_xlsr1b_s0
rb_R2_xlsr1b_s0,holdout,aug,0.99892,0.02206,0.02985,0.03481,0.00746,0.05224,0.00373,0.04422,-0.01738,0.00507,-0.00496,0.96000,2,channel,bandlimit,134,138,rb_R0_xlsr1b_s0
rb_R2_xlsr1b_s0,holdout,aug,0.99983,0.00755,0.00741,0.00741,0.00000,0.02222,0.00000,0.02265,0.00000,0.01481,0.00000,0.70000,2,channel,resample,135,130,rb_R0_xlsr1b_s0
rb_R2_xlsr1b_s0,holdout,aug,0.99961,0.01196,0.01871,0.01176,0.00392,0.03143,0.00196,0.02195,-0.00002,0.01388,0.00694,0.24500,2,channel,tilt,255,247,rb_R0_xlsr1b_s0
rb_R2_xlsr1b_s0,holdout,aug,0.99701,0.02929,0.06024,0.06441,0.03220,0.09322,0.01668,0.04816,-0.01669,0.01632,-0.00417,0.65500,2,channel,noise,240,238,rb_R0_xlsr1b_s0
rb_R2_xlsr1b_s0,holdout,aug,0.99972,0.01496,0.01379,0.02069,0.00000,0.02765,0.00000,0.02589,-0.01382,0.01379,-0.00690,0.94000,2,channel,hum,145,124,rb_R0_xlsr1b_s0
rb_R2_xlsr1b_s0,holdout,aug,0.93772,0.15764,0.32407,0.35136,0.24035,0.40426,0.11817,0.19464,-0.08224,0.03713,-0.02729,0.79000,2,channel,reverb,202,204,rb_R0_xlsr1b_s0
rb_R2_xlsr1b_s0,holdout,aug,1.00000,0.00000,0.00000,0.00000,0.00000,0.00000,0.00000,0.00000,0.00000,0.00000,0.00000,1.00000,2,channel,clipping,75,62,rb_R0_xlsr1b_s0
rb_R2_xlsr1b_s0,holdout,aug,0.99924,0.01951,0.01818,0.03636,0.00000,0.05455,0.00000,0.05852,-0.03638,0.00000,-0.01818,1.00000,2,channel,codec_aac,55,48,rb_R0_xlsr1b_s0
rb_R2_xlsr1b_s0,holdout,aug,0.99952,0.01551,0.01515,0.03030,0.00000,0.04545,0.00000,0.03896,-0.04545,0.00000,-0.01515,1.00000,2,channel,codec_g711,66,63,rb_R0_xlsr1b_s0
rb_R2_xlsr1b_s0,holdout,aug,0.99773,0.03373,0.06122,0.06122,0.00000,0.09184,0.00000,0.06766,0.00000,0.01590,0.00000,0.91000,2,channel,codec_g722,63,56,rb_R0_xlsr1b_s0
rb_R2_xlsr1b_s0,holdout,aug,1.00000,0.00000,0.00000,0.00000,0.00000,0.00000,0.00000,0.00000,0.00000,0.00000,0.00000,1.00000,2,channel,codec_g726,66,67,rb_R0_xlsr1b_s0
rb_R2_xlsr1b_s0,holdout,aug,0.99865,0.03282,0.04762,0.01587,0.00000,0.08717,0.00000,0.06564,-0.01587,0.07937,0.03175,0.35500,2,channel,codec_mp3,63,59,rb_R0_xlsr1b_s0
rb_R2_xlsr1b_s0,holdout,aug,0.99846,0.02963,0.05500,0.09146,0.00000,0.09539,0.00000,0.06662,-0.08824,0.01480,-0.03647,0.96500,2,channel,codec_opus,68,67,rb_R0_xlsr1b_s0
rb_R2_xlsr1b_s0,holdout,aug,0.99357,0.05132,0.08120,0.06366,0.00000,0.14937,0.00000,0.08553,-0.01754,0.08571,0.01754,0.28500,2,channel,noise_babble,57,60,rb_R0_xlsr1b_s0
rb_R2_xlsr1b_s0,holdout,aug,0.99975,0.01576,0.01613,0.01613,0.00000,0.03226,0.00000,0.03921,-0.03226,0.02637,0.00000,0.89000,2,channel,noise_brown,62,65,rb_R0_xlsr1b_s0
rb_R2_xlsr1b_s0,holdout,aug,0.99975,0.01580,0.01493,0.04350,0.00000,0.02985,0.00000,0.03905,-0.08571,0.00000,-0.02857,1.00000,2,channel,noise_pink,67,60,rb_R0_xlsr1b_s0
rb_R2_xlsr1b_s0,holdout,aug,0.99406,0.03739,0.07407,0.09259,0.00000,0.12963,0.00000,0.09347,-0.06492,0.01852,-0.01852,0.93000,2,channel,noise_white,54,53,rb_R0_xlsr1b_s0
rb_R2_xlsr1b_s0,holdout,aug,0.98913,0.08514,0.09783,0.11957,0.00000,0.14158,0.00000,0.14869,-0.06522,0.06522,-0.02174,0.63000,2,duration,2-3 s,92,12,rb_R0_xlsr1b_s0
rb_R2_xlsr1b_s0,holdout,aug,0.99716,0.03310,0.07242,0.06574,0.05166,0.08374,0.02278,0.03986,-0.00889,0.01652,0.00668,0.25000,2,duration,3-4 s,942,991,rb_R0_xlsr1b_s0
rb_R2_xlsr1b_s0,holdout,aug,0.99919,0.01590,0.02528,0.02528,0.00539,0.04590,0.00247,0.02933,-0.01263,0.00552,0.00000,0.88500,2,duration,4-6 s,181,197,rb_R0_xlsr1b_s0
rb_R2_xlsr1b_s0,holdout,aug,0.99846,0.03935,0.04167,0.04167,0.00000,0.08333,0.00000,0.09722,-0.08333,0.06399,0.00000,0.75000,2,duration,>6 s,24,27,rb_R0_xlsr1b_s0
rb_R2_xlsr1b_s0,holdout,unseen,0.99427,0.03825,0.05176,0.05647,0.03290,0.06435,0.02367,0.05408,-0.01963,0.00547,-0.00471,0.85000,2,generator,diffgan_tts,1275,84,rb_R0_xlsr1b_s0
rb_R2_xlsr1b_s0,holdout,unseen,0.95336,0.11905,0.31125,0.30733,0.21538,0.36984,0.08780,0.16246,-0.03944,0.05592,0.00392,0.43500,2,generator,elevenlabs,1275,143,rb_R0_xlsr1b_s0
rb_R2_xlsr1b_s0,holdout,unseen,0.99086,0.04773,0.09884,0.08944,0.04937,0.12944,0.02523,0.07194,-0.03462,0.03531,0.00940,0.37000,2,generator,grad_tts,1275,84,rb_R0_xlsr1b_s0
rb_R2_xlsr1b_s0,holdout,unseen,0.99638,0.02593,0.06806,0.09002,0.03466,0.09131,0.01831,0.05068,-0.04195,0.00156,-0.02196,0.96000,2,generator,openvoicev2,1275,154,rb_R0_xlsr1b_s0
rb_R2_xlsr1b_s0,holdout,unseen,0.98895,0.05347,0.09188,0.13362,0.05961,0.12751,0.03723,0.06861,-0.07367,0.01354,-0.04174,0.92000,2,generator,playht,1275,145,rb_R0_xlsr1b_s0
rb_R2_xlsr1b_s0,holdout,unseen,0.99795,0.02367,0.03765,0.04863,0.01096,0.04708,0.01065,0.03637,-0.02431,-0.00233,-0.01098,0.99500,2,generator,pro_diff,1275,84,rb_R0_xlsr1b_s0
rb_R2_xlsr1b_s0,holdout,unseen,0.99407,0.03974,0.07354,0.10472,0.04469,0.10761,0.02688,0.05634,-0.05574,-0.00093,-0.03118,0.97500,2,generator,unit_speech,1275,152,rb_R0_xlsr1b_s0
rb_R2_xlsr1b_s0,holdout,unseen,0.99418,0.04695,0.07374,0.05961,0.03441,0.11009,0.01454,0.05960,-0.01649,0.05505,0.01413,0.26500,2,generator,wavegrad2,1275,84,rb_R0_xlsr1b_s0
rb_R2_xlsr1b_s0,holdout,unseen,0.99464,0.03449,0.06461,0.07324,0.03682,0.08146,0.02124,0.04789,-0.02490,0.00225,-0.00863,0.95500,2,generator,xtts_v2,1275,152,rb_R0_xlsr1b_s0
rb_R2_xlsr1b_s0,holdout,unseen,0.99784,0.02211,0.04163,0.06365,0.02037,0.06510,0.01356,0.03293,-0.03216,-0.00074,-0.02202,0.97500,2,generator,your_tts,1275,145,rb_R0_xlsr1b_s0
rb_R2_xlsr1b_s0,holdout,unseen,0.98538,0.06432,0.15226,0.17041,0.11447,0.17327,0.04732,0.07521,-0.04337,0.00279,-0.01815,0.96000,2,real source,real_extra,358,1227,rb_R0_xlsr1b_s0
rb_R2_xlsr1b_s0,holdout,unseen,0.98645,0.06222,0.13427,0.17258,0.08414,0.17942,0.03871,0.08137,-0.07794,-0.00247,-0.03831,0.97500,2,real source,real_libri,160,1227,rb_R0_xlsr1b_s0
rb_R2_xlsr1b_s0,holdout,unseen,0.99225,0.03683,0.09460,0.08487,0.07206,0.11377,0.02986,0.04634,-0.00924,0.02511,0.00973,0.21000,2,real source,real_lj,757,1227,rb_R0_xlsr1b_s0
rb_R2_xlsr1b_s0,holdout,unseen,0.96278,0.09708,0.22697,0.23544,0.17934,0.26684,0.07979,0.12082,-0.04741,0.02190,-0.00847,0.69500,2,unseen op,room,472,455,rb_R0_xlsr1b_s0
rb_R2_xlsr1b_s0,holdout,unseen,0.99153,0.04454,0.11005,0.11742,0.07740,0.13969,0.03313,0.06008,-0.02924,0.02062,-0.00737,0.69500,2,unseen op,codec,513,452,rb_R0_xlsr1b_s0
rb_R2_xlsr1b_s0,holdout,unseen,0.98871,0.05318,0.12445,0.16456,0.06635,0.17284,0.02864,0.07156,-0.07071,0.00137,-0.04011,0.96500,2,unseen op,tandem,241,248,rb_R0_xlsr1b_s0
rb_R2_xlsr1b_s0,holdout,unseen,0.99781,0.01747,0.04778,0.06511,0.01888,0.06859,0.00783,0.03107,-0.04587,0.00391,-0.01733,0.92500,2,unseen op,packet_loss,236,278,rb_R0_xlsr1b_s0
rb_R2_xlsr1b_s0,holdout,unseen,0.99221,0.04050,0.09853,0.08677,0.05196,0.13698,0.02559,0.06392,-0.01671,0.03076,0.01175,0.23000,2,unseen op,agc,246,223,rb_R0_xlsr1b_s0
rb_R2_xlsr1b_s0,holdout,unseen,0.99932,0.01310,0.02500,0.03598,0.00000,0.05000,0.00000,0.03930,-0.02500,0.02348,-0.01098,0.86000,2,unseen op,codec_ac3,80,73,rb_R0_xlsr1b_s0
rb_R2_xlsr1b_s0,holdout,unseen,0.98256,0.07248,0.13721,0.17155,0.05390,0.23524,0.02899,0.11597,-0.10306,0.05384,-0.03433,0.70000,2,unseen op,codec_amrnb,68,70,rb_R0_xlsr1b_s0
rb_R2_xlsr1b_s0,holdout,unseen,0.99412,0.04850,0.08642,0.17057,0.02469,0.13580,0.01411,0.08289,-0.13593,-0.00504,-0.08415,0.98500,2,unseen op,codec_g723_1,81,63,rb_R0_xlsr1b_s0
rb_R2_xlsr1b_s0,holdout,unseen,0.99387,0.04706,0.07269,0.07269,0.01471,0.13186,0.00735,0.08578,0.00000,0.04412,0.00000,0.54500,2,unseen op,codec_mp2,68,60,rb_R0_xlsr1b_s0
rb_R2_xlsr1b_s0,holdout,unseen,0.98772,0.06671,0.15638,0.14588,0.04940,0.21094,0.02669,0.09989,-0.03954,0.06750,0.01050,0.44500,2,unseen op,codec_real_144,77,73,rb_R0_xlsr1b_s0
rb_R2_xlsr1b_s0,holdout,unseen,0.99857,0.01431,0.03928,0.02559,0.00000,0.07866,0.00000,0.04979,-0.04110,0.05117,0.01370,0.49000,2,unseen op,codec_vorbis,73,67,rb_R0_xlsr1b_s0
rb_R2_xlsr1b_s0,holdout,unseen,0.99144,0.04447,0.09787,0.06757,0.01477,0.17937,0.00739,0.08893,0.00000,0.06095,0.03030,0.26000,2,unseen op,codec_wmav2,66,46,rb_R0_xlsr1b_s0
rb_R2_xlsr1b_s0,holdout,device,1.00000,0.00000,0.00000,0.00000,0.00000,0.00000,0.00000,0.00000,0.00000,0.00000,0.00000,1.00000,2,generator,diffgan_tts,1275,84,rb_R0_xlsr1b_s0
rb_R2_xlsr1b_s0,holdout,device,0.99989,0.00624,0.00549,0.00078,0.00000,0.01020,0.00000,0.01092,0.00000,0.00941,0.00471,0.06000,2,generator,elevenlabs,1275,143,rb_R0_xlsr1b_s0
rb_R2_xlsr1b_s0,holdout,device,0.99999,0.00039,0.00078,0.00078,0.00000,0.00314,0.00000,0.00157,-0.00235,0.00235,0.00000,0.70000,2,generator,grad_tts,1275,84,rb_R0_xlsr1b_s0
rb_R2_xlsr1b_s0,holdout,device,1.00000,0.00000,0.00000,0.00000,0.00000,0.00000,0.00000,0.00000,0.00000,0.00000,0.00000,1.00000,2,generator,openvoicev2,1275,154,rb_R0_xlsr1b_s0
rb_R2_xlsr1b_s0,holdout,device,1.00000,0.00000,0.00000,0.00863,0.00000,0.00000,0.00000,0.00000,-0.01182,0.00000,-0.00863,1.00000,2,generator,playht,1275,145,rb_R0_xlsr1b_s0
rb_R2_xlsr1b_s0,holdout,device,1.00000,0.00000,0.00000,0.00000,0.00000,0.00000,0.00000,0.00000,0.00000,0.00000,0.00000,1.00000,2,generator,pro_diff,1275,84,rb_R0_xlsr1b_s0
rb_R2_xlsr1b_s0,holdout,device,1.00000,0.00000,0.00000,0.00000,0.00000,0.00000,0.00000,0.00000,0.00000,0.00000,0.00000,1.00000,2,generator,unit_speech,1275,152,rb_R0_xlsr1b_s0
rb_R2_xlsr1b_s0,holdout,device,1.00000,0.00000,0.00000,0.00157,0.00000,0.00000,0.00000,0.00000,-0.00394,0.00000,-0.00157,1.00000,2,generator,wavegrad2,1275,84,rb_R0_xlsr1b_s0
rb_R2_xlsr1b_s0,holdout,device,1.00000,0.00000,0.00000,0.00000,0.00000,0.00000,0.00000,0.00000,0.00000,0.00000,0.00000,1.00000,2,generator,xtts_v2,1275,152,rb_R0_xlsr1b_s0
rb_R2_xlsr1b_s0,holdout,device,1.00000,0.00000,0.00000,0.00000,0.00000,0.00000,0.00000,0.00000,0.00000,0.00000,0.00000,1.00000,2,generator,your_tts,1275,145,rb_R0_xlsr1b_s0
rb_R2_xlsr1b_s0,holdout,device,0.99997,0.00262,0.00698,0.00559,0.00000,0.01118,0.00000,0.00747,-0.00559,0.00838,0.00140,0.51500,2,real source,real_extra,358,1227,rb_R0_xlsr1b_s0
rb_R2_xlsr1b_s0,holdout,device,0.99998,0.00122,0.00419,0.00140,0.00000,0.00699,0.00000,0.00557,-0.00419,0.00625,0.00279,0.49500,2,real source,real_libri,160,1227,rb_R0_xlsr1b_s0
rb_R2_xlsr1b_s0,holdout,device,0.99999,0.00254,0.00264,0.00140,0.00000,0.00561,0.00000,0.00428,-0.00140,0.00421,0.00124,0.47000,2,real source,real_lj,757,1227,rb_R0_xlsr1b_s0
rb_R2_xlsr1b_s0,itw,clean,0.99862,0.01680,0.04000,0.03966,0.02678,0.05120,0.01039,0.02240,-0.00722,0.00767,0.00034,0.40000,2,generator,itw_fake,1250,1250,rb_R0_xlsr1b_s0
rb_R2_xlsr1b_s0,itw,clean,0.99862,0.01680,0.04000,0.03966,0.02697,0.05189,0.01120,0.02160,-0.01064,0.00700,0.00034,0.39000,2,real source,itw,1250,1250,rb_R0_xlsr1b_s0
rb_R2_xlsr1b_s0,itw,clean,0.98784,0.05199,0.13464,0.14281,0.08944,0.18484,0.03714,0.07630,-0.02939,0.03592,-0.00817,0.44500,2,duration,<2 s,370,247,rb_R0_xlsr1b_s0
rb_R2_xlsr1b_s0,itw,clean,0.99900,0.00934,0.01742,0.01413,0.00000,0.03687,0.00000,0.01868,0.00000,0.00761,0.00329,0.55500,2,duration,2-3 s,304,227,rb_R0_xlsr1b_s0
rb_R2_xlsr1b_s0,itw,clean,0.99998,0.00173,0.00452,0.00452,0.00000,0.01022,0.00000,0.00593,-0.00394,0.00397,0.00000,0.61000,2,duration,3-4 s,507,672,rb_R0_xlsr1b_s0
rb_R2_xlsr1b_s0,itw,clean,1.00000,0.00000,0.00000,0.00000,0.00000,0.00000,0.00000,0.00000,0.00000,0.00000,0.00000,1.00000,2,duration,4-6 s,62,101,rb_R0_xlsr1b_s0
rb_R2_xlsr1b_s0,itw,aug,0.99038,0.05440,0.13954,0.13954,0.11794,0.15739,0.04640,0.06202,-0.01465,0.01577,-0.00000,0.45500,2,generator,itw_fake,1250,1250,rb_R0_xlsr1b_s0
rb_R2_xlsr1b_s0,itw,aug,0.99038,0.05440,0.13954,0.13954,0.11301,0.15443,0.04559,0.06241,-0.01419,0.01544,-0.00000,0.42500,2,real source,itw,1250,1250,rb_R0_xlsr1b_s0
rb_R2_xlsr1b_s0,itw,aug,0.99470,0.03675,0.09410,0.08772,0.05150,0.12409,0.02312,0.05315,-0.01526,0.03154,0.00638,0.36000,2,channel,codec,350,385,rb_R0_xlsr1b_s0
rb_R2_xlsr1b_s0,itw,aug,0.97852,0.07220,0.17698,0.15879,0.09281,0.23931,0.03610,0.09746,-0.02829,0.07696,0.01819,0.19500,2,channel,telephony,138,139,rb_R0_xlsr1b_s0
rb_R2_xlsr1b_s0,itw,aug,0.99211,0.04703,0.08243,0.09876,0.03472,0.12926,0.01799,0.07229,-0.04775,0.02780,-0.01632,0.69500,2,channel,bandlimit,144,132,rb_R0_xlsr1b_s0
rb_R2_xlsr1b_s0,itw,aug,0.99677,0.03636,0.07812,0.09131,0.02914,0.11119,0.01455,0.05827,-0.05111,0.02718,-0.01319,0.75500,2,channel,resample,137,138,rb_R0_xlsr1b_s0
rb_R2_xlsr1b_s0,itw,aug,0.99639,0.03090,0.07207,0.06898,0.02704,0.10601,0.01239,0.04958,-0.01664,0.03269,0.00309,0.27500,2,channel,tilt,232,253,rb_R0_xlsr1b_s0
rb_R2_xlsr1b_s0,itw,aug,0.99109,0.04869,0.12849,0.11544,0.07521,0.15762,0.03241,0.07915,-0.02415,0.04418,0.01305,0.31500,2,channel,noise,249,244,rb_R0_xlsr1b_s0
rb_R2_xlsr1b_s0,itw,aug,0.99514,0.04409,0.06871,0.09912,0.02597,0.11187,0.01603,0.06022,-0.05680,0.00888,-0.03041,0.92500,2,channel,hum,117,132,rb_R0_xlsr1b_s0
rb_R2_xlsr1b_s0,itw,aug,0.90806,0.18494,0.41867,0.43196,0.32424,0.48610,0.14209,0.22291,-0.05586,0.06615,-0.01329,0.43000,2,channel,reverb,205,168,rb_R0_xlsr1b_s0
rb_R2_xlsr1b_s0,itw,aug,0.99368,0.03324,0.06122,0.06122,0.00000,0.15306,0.00000,0.08310,0.00000,0.06107,0.00000,0.72000,2,channel,clipping,65,56,rb_R0_xlsr1b_s0
rb_R2_xlsr1b_s0,itw,aug,0.98732,0.07680,0.14172,0.11047,0.04648,0.20641,0.01725,0.12088,-0.05044,0.09704,0.03125,0.38000,2,channel,codec_aac,64,53,rb_R0_xlsr1b_s0
rb_R2_xlsr1b_s0,itw,aug,0.98590,0.06861,0.11278,0.11278,0.04455,0.20301,0.01545,0.12171,-0.03947,0.08656,0.00000,0.40000,2,channel,codec_g711,56,76,rb_R0_xlsr1b_s0
rb_R2_xlsr1b_s0,itw,aug,0.99944,0.01667,0.02810,0.03390,0.00000,0.05621,0.00000,0.04155,-0.07387,0.00000,-0.00580,1.00000,2,channel,codec_g722,59,61,rb_R0_xlsr1b_s0
rb_R2_xlsr1b_s0,itw,aug,0.99818,0.02292,0.04286,0.06250,0.00000,0.08618,0.00000,0.06250,-0.06250,0.02143,-0.01964,0.76500,2,channel,codec_g726,48,80,rb_R0_xlsr1b_s0
rb_R2_xlsr1b_s0,itw,aug,0.99327,0.03421,0.09348,0.09023,0.01667,0.15706,0.00833,0.08509,-0.05697,0.03729,0.00326,0.64500,2,channel,codec_mp3,60,57,rb_R0_xlsr1b_s0
rb_R2_xlsr1b_s0,itw,aug,1.00000,0.00000,0.00000,0.01587,0.00000,0.00000,0.00000,0.00000,-0.04762,0.00000,-0.01587,1.00000,2,channel,codec_opus,63,58,rb_R0_xlsr1b_s0
rb_R2_xlsr1b_s0,itw,aug,0.97100,0.11507,0.21005,0.19821,0.10480,0.32406,0.06163,0.18632,-0.05773,0.11412,0.01184,0.35000,2,channel,noise_babble,52,61,rb_R0_xlsr1b_s0
rb_R2_xlsr1b_s0,itw,aug,0.99945,0.01654,0.01695,0.05085,0.00000,0.05085,0.00000,0.04155,-0.06780,0.00000,-0.03390,1.00000,2,channel,noise_brown,59,62,rb_R0_xlsr1b_s0
rb_R2_xlsr1b_s0,itw,aug,0.98845,0.07015,0.14865,0.08108,0.05405,0.20270,0.02260,0.11780,-0.02703,0.11116,0.06757,0.13500,2,channel,noise_pink,74,55,rb_R0_xlsr1b_s0
rb_R2_xlsr1b_s0,itw,aug,1.00000,0.00000,0.00000,0.00000,0.00000,0.00000,0.00000,0.00000,0.00000,0.00000,0.00000,1.00000,2,channel,noise_white,64,66,rb_R0_xlsr1b_s0
rb_R2_xlsr1b_s0,itw,aug,0.97238,0.09250,0.24501,0.24705,0.17395,0.29173,0.07157,0.11825,-0.04196,0.04079,-0.00203,0.50000,2,duration,<2 s,370,247,rb_R0_xlsr1b_s0
rb_R2_xlsr1b_s0,itw,aug,0.99025,0.05824,0.12231,0.10452,0.07755,0.15428,0.03956,0.07533,-0.00959,0.04471,0.01779,0.12500,2,duration,2-3 s,304,227,rb_R0_xlsr1b_s0
rb_R2_xlsr1b_s0,itw,aug,0.99565,0.04001,0.09331,0.08383,0.06327,0.11213,0.02860,0.04862,-0.00911,0.02713,0.00948,0.18500,2,duration,3-4 s,496,655,rb_R0_xlsr1b_s0
rb_R2_xlsr1b_s0,itw,aug,0.99477,0.02733,0.04298,0.05857,0.00000,0.08983,0.00000,0.05922,-0.04114,0.02740,-0.01558,0.77000,2,duration,4-6 s,73,110,rb_R0_xlsr1b_s0
rb_R2_xlsr1b_s0,itw,unseen,0.96424,0.11040,0.29566,0.29611,0.25998,0.31728,0.09959,0.12401,-0.02056,0.01826,-0.00046,0.55500,2,generator,itw_fake,1250,1250,rb_R0_xlsr1b_s0
rb_R2_xlsr1b_s0,itw,unseen,0.96424,0.11040,0.29566,0.29611,0.25417,0.32333,0.09678,0.12282,-0.01867,0.01704,-0.00046,0.57000,2,real source,itw,1250,1250,rb_R0_xlsr1b_s0
rb_R2_xlsr1b_s0,itw,unseen,0.85226,0.23191,0.59269,0.58435,0.52815,0.63452,0.20877,0.26023,-0.03049,0.05472,0.00834,0.30500,2,unseen op,room,492,461,rb_R0_xlsr1b_s0
rb_R2_xlsr1b_s0,itw,unseen,0.98044,0.08590,0.21744,0.21354,0.15761,0.24740,0.06385,0.10462,-0.02566,0.02758,0.00390,0.50500,2,unseen op,codec,455,453,rb_R0_xlsr1b_s0
rb_R2_xlsr1b_s0,itw,unseen,0.96137,0.11691,0.28962,0.27510,0.20659,0.35474,0.08145,0.14819,-0.03296,0.06141,0.01452,0.33500,2,unseen op,tandem,231,248,rb_R0_xlsr1b_s0
rb_R2_xlsr1b_s0,itw,unseen,0.99029,0.05412,0.13770,0.15507,0.07784,0.18375,0.03003,0.07617,-0.05762,0.00116,-0.01737,0.97000,2,unseen op,packet_loss,239,260,rb_R0_xlsr1b_s0
rb_R2_xlsr1b_s0,itw,unseen,0.98545,0.07269,0.15485,0.14171,0.10939,0.19323,0.04910,0.09825,-0.01152,0.03723,0.01314,0.16000,2,unseen op,agc,248,261,rb_R0_xlsr1b_s0
rb_R2_xlsr1b_s0,itw,unseen,0.99091,0.05430,0.11408,0.15044,0.03636,0.17561,0.01585,0.10201,-0.09116,0.04139,-0.03636,0.84500,2,unseen op,codec_ac3,55,74,rb_R0_xlsr1b_s0
rb_R2_xlsr1b_s0,itw,unseen,0.96575,0.10853,0.25357,0.30371,0.13336,0.35330,0.06183,0.17844,-0.10662,0.05032,-0.05014,0.83000,2,unseen op,codec_amrnb,65,64,rb_R0_xlsr1b_s0
rb_R2_xlsr1b_s0,itw,unseen,0.97769,0.08199,0.20737,0.19493,0.07696,0.30046,0.03280,0.13925,-0.06820,0.03226,0.01244,0.72500,2,unseen op,codec_g723_1,62,60,rb_R0_xlsr1b_s0
rb_R2_xlsr1b_s0,itw,unseen,0.97911,0.08063,0.18701,0.16883,0.06747,0.24948,0.03615,0.13160,-0.04435,0.07792,0.01818,0.25500,2,unseen op,codec_mp2,77,60,rb_R0_xlsr1b_s0
rb_R2_xlsr1b_s0,itw,unseen,0.98684,0.06320,0.15653,0.14405,0.05228,0.20848,0.02831,0.11224,-0.05263,0.05263,0.01247,0.51000,2,unseen op,codec_real_144,76,66,rb_R0_xlsr1b_s0
rb_R2_xlsr1b_s0,itw,unseen,0.99259,0.05278,0.13095,0.11190,0.03333,0.19048,0.01528,0.09861,-0.03339,0.04762,0.01905,0.50000,2,unseen op,codec_vorbis,60,72,rb_R0_xlsr1b_s0
rb_R2_xlsr1b_s0,itw,unseen,0.98304,0.08553,0.19674,0.16341,0.06015,0.26359,0.03400,0.14539,-0.05669,0.08333,0.03333,0.33000,2,unseen op,codec_wmav2,60,57,rb_R0_xlsr1b_s0
rb_R2_xlsr1b_s0,itw,device,0.99678,0.02880,0.07200,0.06743,0.05299,0.08355,0.02318,0.03601,-0.00779,0.01371,0.00457,0.23000,2,generator,itw_fake,1250,1250,rb_R0_xlsr1b_s0
rb_R2_xlsr1b_s0,itw,device,0.99678,0.02880,0.07200,0.06743,0.05095,0.08588,0.02160,0.03640,-0.00962,0.01635,0.00457,0.30500,2,real source,itw,1250,1250,rb_R0_xlsr1b_s0
rb_R3_xlsr1b_s0,holdout,clean,1.00000,0.00000,0.00000,0.00000,0.00000,0.00000,0.00000,0.00000,0.00000,0.00000,0.00000,1.00000,3,generator,diffgan_tts,1275,84,rb_R0_xlsr1b_s0
rb_R3_xlsr1b_s0,holdout,clean,1.00000,0.00000,0.00000,0.00000,0.00000,0.00000,0.00000,0.00000,0.00000,0.00000,0.00000,1.00000,3,generator,elevenlabs,1275,143,rb_R0_xlsr1b_s0
rb_R3_xlsr1b_s0,holdout,clean,1.00000,0.00000,0.00000,0.00000,0.00000,0.00000,0.00000,0.00000,0.00000,0.00000,0.00000,1.00000,3,generator,grad_tts,1275,84,rb_R0_xlsr1b_s0
rb_R3_xlsr1b_s0,holdout,clean,1.00000,0.00000,0.00000,0.00000,0.00000,0.00000,0.00000,0.00000,0.00000,0.00000,0.00000,1.00000,3,generator,openvoicev2,1275,154,rb_R0_xlsr1b_s0
rb_R3_xlsr1b_s0,holdout,clean,1.00000,0.00000,0.00000,0.00000,0.00000,0.00000,0.00000,0.00000,0.00000,0.00000,0.00000,1.00000,3,generator,playht,1275,145,rb_R0_xlsr1b_s0
rb_R3_xlsr1b_s0,holdout,clean,1.00000,0.00000,0.00000,0.00000,0.00000,0.00000,0.00000,0.00000,0.00000,0.00000,0.00000,1.00000,3,generator,pro_diff,1275,84,rb_R0_xlsr1b_s0
rb_R3_xlsr1b_s0,holdout,clean,1.00000,0.00000,0.00000,0.00000,0.00000,0.00000,0.00000,0.00000,0.00000,0.00000,0.00000,1.00000,3,generator,unit_speech,1275,152,rb_R0_xlsr1b_s0
rb_R3_xlsr1b_s0,holdout,clean,1.00000,0.00000,0.00000,0.00000,0.00000,0.00000,0.00000,0.00000,0.00000,0.00000,0.00000,1.00000,3,generator,wavegrad2,1275,84,rb_R0_xlsr1b_s0
rb_R3_xlsr1b_s0,holdout,clean,1.00000,0.00000,0.00000,0.00000,0.00000,0.00000,0.00000,0.00000,0.00000,0.00000,0.00000,1.00000,3,generator,xtts_v2,1275,152,rb_R0_xlsr1b_s0
rb_R3_xlsr1b_s0,holdout,clean,1.00000,0.00000,0.00000,0.00000,0.00000,0.00000,0.00000,0.00000,0.00000,0.00000,0.00000,1.00000,3,generator,your_tts,1275,145,rb_R0_xlsr1b_s0
rb_R3_xlsr1b_s0,holdout,clean,1.00000,0.00000,0.00000,0.00000,0.00000,0.00000,0.00000,0.00000,0.00000,0.00000,0.00000,1.00000,3,real source,real_extra,358,1227,rb_R0_xlsr1b_s0
rb_R3_xlsr1b_s0,holdout,clean,1.00000,0.00000,0.00000,0.00000,0.00000,0.00000,0.00000,0.00000,0.00000,0.00000,0.00000,1.00000,3,real source,real_libri,160,1227,rb_R0_xlsr1b_s0
rb_R3_xlsr1b_s0,holdout,clean,1.00000,0.00000,0.00000,0.00000,0.00000,0.00000,0.00000,0.00000,0.00000,0.00000,0.00000,1.00000,3,real source,real_lj,757,1227,rb_R0_xlsr1b_s0
rb_R3_xlsr1b_s0,holdout,clean,1.00000,0.00000,0.00000,0.00000,0.00000,0.00000,0.00000,0.00000,0.00000,0.00000,0.00000,1.00000,3,duration,2-3 s,92,12,rb_R0_xlsr1b_s0
rb_R3_xlsr1b_s0,holdout,clean,1.00000,0.00000,0.00000,0.00000,0.00000,0.00000,0.00000,0.00000,0.00000,0.00000,0.00000,1.00000,3,duration,3-4 s,982,973,rb_R0_xlsr1b_s0
rb_R3_xlsr1b_s0,holdout,clean,1.00000,0.00000,0.00000,0.00000,0.00000,0.00000,0.00000,0.00000,0.00000,0.00000,0.00000,1.00000,3,duration,4-6 s,151,219,rb_R0_xlsr1b_s0
rb_R3_xlsr1b_s0,holdout,clean,1.00000,0.00000,0.00000,0.00000,0.00000,0.00000,0.00000,0.00000,0.00000,0.00000,0.00000,1.00000,3,duration,>6 s,14,23,rb_R0_xlsr1b_s0
rb_R3_xlsr1b_s0,holdout,aug,0.99901,0.02367,0.04157,0.03686,0.00235,0.04786,0.00118,0.04263,-0.00863,0.01966,0.00471,0.40000,3,generator,diffgan_tts,1275,84,rb_R0_xlsr1b_s0
rb_R3_xlsr1b_s0,holdout,aug,0.99140,0.05036,0.11876,0.12582,0.06528,0.14278,0.03551,0.06644,-0.04147,0.03463,-0.00706,0.56500,3,generator,elevenlabs,1275,143,rb_R0_xlsr1b_s0
rb_R3_xlsr1b_s0,holdout,aug,0.99724,0.03590,0.06902,0.09021,0.02353,0.07922,0.01183,0.05451,-0.06597,0.00553,-0.02119,0.93500,3,generator,grad_tts,1275,84,rb_R0_xlsr1b_s0
rb_R3_xlsr1b_s0,holdout,aug,0.99934,0.01954,0.03059,0.03373,0.01266,0.03767,0.00638,0.02593,-0.01569,0.01100,-0.00314,0.68000,3,generator,openvoicev2,1275,154,rb_R0_xlsr1b_s0
rb_R3_xlsr1b_s0,holdout,aug,0.99639,0.03371,0.06751,0.07378,0.03057,0.09510,0.02054,0.04845,-0.02041,0.01519,-0.00627,0.62500,3,generator,playht,1275,145,rb_R0_xlsr1b_s0
rb_R3_xlsr1b_s0,holdout,aug,0.99984,0.00235,0.00471,0.00706,0.00000,0.00786,0.00000,0.00988,-0.00631,0.00000,-0.00235,0.99000,3,generator,pro_diff,1275,84,rb_R0_xlsr1b_s0
rb_R3_xlsr1b_s0,holdout,aug,0.99878,0.01967,0.04187,0.05412,0.01724,0.05490,0.00994,0.03254,-0.03199,0.01049,-0.01225,0.86000,3,generator,unit_speech,1275,152,rb_R0_xlsr1b_s0
rb_R3_xlsr1b_s0,holdout,aug,0.99907,0.01419,0.03688,0.02747,0.00155,0.06196,0.00077,0.03657,-0.02048,0.01333,0.00941,0.47500,3,generator,wavegrad2,1275,84,rb_R0_xlsr1b_s0
rb_R3_xlsr1b_s0,holdout,aug,0.99780,0.02767,0.05098,0.04863,0.02662,0.05884,0.01439,0.04306,-0.01177,0.01257,0.00235,0.35500,3,generator,xtts_v2,1275,152,rb_R0_xlsr1b_s0
rb_R3_xlsr1b_s0,holdout,aug,0.99913,0.02054,0.04235,0.04235,0.00939,0.04943,0.00659,0.03451,-0.01569,0.01020,0.00000,0.76000,3,generator,your_tts,1275,145,rb_R0_xlsr1b_s0
rb_R3_xlsr1b_s0,holdout,aug,0.99650,0.03568,0.07822,0.10755,0.05168,0.09927,0.02640,0.04698,-0.04330,-0.01118,-0.02933,1.00000,3,real source,real_extra,358,1227,rb_R0_xlsr1b_s0
rb_R3_xlsr1b_s0,holdout,aug,0.99774,0.03111,0.07037,0.07647,0.03838,0.09222,0.01834,0.04389,-0.03333,0.00971,-0.00610,0.76000,3,real source,real_libri,160,1227,rb_R0_xlsr1b_s0
rb_R3_xlsr1b_s0,holdout,aug,0.99814,0.02518,0.05678,0.05243,0.03891,0.07087,0.01862,0.03218,-0.00842,0.01581,0.00434,0.30500,3,real source,real_lj,757,1227,rb_R0_xlsr1b_s0
rb_R3_xlsr1b_s0,holdout,aug,0.99836,0.02431,0.05366,0.05628,0.02837,0.06749,0.01219,0.03106,-0.02432,0.01219,-0.00262,0.74000,3,channel,codec,381,360,rb_R0_xlsr1b_s0
rb_R3_xlsr1b_s0,holdout,aug,0.99833,0.02408,0.05116,0.07326,0.00739,0.08717,0.00369,0.05194,-0.04683,0.01333,-0.02210,0.92000,3,channel,telephony,132,118,rb_R0_xlsr1b_s0
rb_R3_xlsr1b_s0,holdout,aug,0.99930,0.02206,0.02239,0.03481,0.00000,0.04496,0.00000,0.03667,-0.02484,0.00000,-0.01242,0.99500,3,channel,bandlimit,134,138,rb_R0_xlsr1b_s0
rb_R3_xlsr1b_s0,holdout,aug,1.00000,0.00000,0.00000,0.00741,0.00000,0.00000,0.00000,0.00000,-0.02222,0.00000,-0.00741,1.00000,3,channel,resample,135,130,rb_R0_xlsr1b_s0
rb_R3_xlsr1b_s0,holdout,aug,0.99979,0.00399,0.01086,0.01176,0.00000,0.01961,0.00000,0.01392,-0.01388,0.00000,-0.00090,1.00000,3,channel,tilt,255,247,rb_R0_xlsr1b_s0
rb_R3_xlsr1b_s0,holdout,aug,0.99877,0.02511,0.04054,0.06441,0.01664,0.06631,0.00837,0.03979,-0.04357,0.00000,-0.02387,0.99000,3,channel,noise,240,238,rb_R0_xlsr1b_s0
rb_R3_xlsr1b_s0,holdout,aug,0.99983,0.00748,0.01379,0.02069,0.00000,0.02759,0.00000,0.02244,-0.01382,0.00000,-0.00690,1.00000,3,channel,hum,145,124,rb_R0_xlsr1b_s0
rb_R3_xlsr1b_s0,holdout,aug,0.94269,0.14779,0.33202,0.35136,0.24634,0.38515,0.11330,0.18481,-0.07727,0.03061,-0.01934,0.80000,3,channel,reverb,202,204,rb_R0_xlsr1b_s0
rb_R3_xlsr1b_s0,holdout,aug,1.00000,0.00000,0.00000,0.00000,0.00000,0.00000,0.00000,0.00000,0.00000,0.00000,0.00000,1.00000,3,channel,clipping,75,62,rb_R0_xlsr1b_s0
rb_R3_xlsr1b_s0,holdout,aug,0.99659,0.03902,0.07143,0.03636,0.00000,0.12727,0.00000,0.07803,-0.03638,0.10649,0.03506,0.35500,3,channel,codec_aac,55,48,rb_R0_xlsr1b_s0
rb_R3_xlsr1b_s0,holdout,aug,0.99856,0.01551,0.04236,0.03030,0.00000,0.08171,0.00000,0.05411,-0.03030,0.05442,0.01206,0.53500,3,channel,codec_g711,66,63,rb_R0_xlsr1b_s0
rb_R3_xlsr1b_s0,holdout,aug,0.99830,0.01687,0.04649,0.06122,0.00000,0.09524,0.00000,0.05079,-0.04762,0.04541,-0.01474,0.77500,3,channel,codec_g722,63,56,rb_R0_xlsr1b_s0
rb_R3_xlsr1b_s0,holdout,aug,1.00000,0.00000,0.00000,0.00000,0.00000,0.00000,0.00000,0.00000,0.00000,0.00000,0.00000,1.00000,3,channel,codec_g726,66,67,rb_R0_xlsr1b_s0
rb_R3_xlsr1b_s0,holdout,aug,1.00000,0.00000,0.00000,0.01587,0.00000,0.00000,0.00000,0.00000,-0.04762,0.00000,-0.01587,1.00000,3,channel,codec_mp3,63,59,rb_R0_xlsr1b_s0
rb_R3_xlsr1b_s0,holdout,aug,0.99781,0.02963,0.05500,0.09146,0.00000,0.09539,0.00000,0.06680,-0.07353,0.01156,-0.03647,0.94000,3,channel,codec_opus,68,67,rb_R0_xlsr1b_s0
rb_R3_xlsr1b_s0,holdout,aug,0.99766,0.03421,0.06366,0.06366,0.00000,0.11645,0.00000,0.06863,-0.05263,0.02857,0.00000,0.85000,3,channel,noise_babble,57,60,rb_R0_xlsr1b_s0
rb_R3_xlsr1b_s0,holdout,aug,0.99950,0.01576,0.01613,0.01613,0.00000,0.03226,0.00000,0.03921,-0.02637,0.02637,0.00000,0.87500,3,channel,noise_brown,62,65,rb_R0_xlsr1b_s0
rb_R3_xlsr1b_s0,holdout,aug,0.99975,0.01580,0.01493,0.04350,0.00000,0.04478,0.00000,0.03993,-0.05970,0.00000,-0.02857,1.00000,3,channel,noise_pink,67,60,rb_R0_xlsr1b_s0
rb_R3_xlsr1b_s0,holdout,aug,0.99755,0.03739,0.03704,0.09259,0.00000,0.09259,0.00000,0.07477,-0.11111,0.00000,-0.05556,0.99500,3,channel,noise_white,54,53,rb_R0_xlsr1b_s0
rb_R3_xlsr1b_s0,holdout,aug,0.99094,0.08514,0.10870,0.11957,0.00000,0.14286,0.00000,0.15439,-0.05435,0.04348,-0.01087,0.81500,3,duration,2-3 s,92,12,rb_R0_xlsr1b_s0
rb_R3_xlsr1b_s0,holdout,aug,0.99747,0.03103,0.06456,0.06574,0.04607,0.07590,0.02172,0.03829,-0.01559,0.00992,-0.00118,0.59000,3,duration,3-4 s,942,991,rb_R0_xlsr1b_s0
rb_R3_xlsr1b_s0,holdout,aug,0.99941,0.01590,0.02210,0.02528,0.00000,0.03877,0.00000,0.02904,-0.02305,0.01344,-0.00318,0.71000,3,duration,4-6 s,181,197,rb_R0_xlsr1b_s0
rb_R3_xlsr1b_s0,holdout,aug,0.99846,0.03935,0.04167,0.04167,0.00000,0.08333,0.00000,0.07870,-0.08333,0.06349,0.00000,0.80000,3,duration,>6 s,24,27,rb_R0_xlsr1b_s0
rb_R3_xlsr1b_s0,holdout,unseen,0.99390,0.03590,0.06511,0.05647,0.03288,0.10758,0.01574,0.05255,-0.02276,0.05107,0.00864,0.41500,3,generator,diffgan_tts,1275,84,rb_R0_xlsr1b_s0
rb_R3_xlsr1b_s0,holdout,unseen,0.96017,0.10578,0.27473,0.30733,0.18474,0.33481,0.08232,0.13973,-0.08437,0.01556,-0.03260,0.93000,3,generator,elevenlabs,1275,143,rb_R0_xlsr1b_s0
rb_R3_xlsr1b_s0,holdout,unseen,0.99209,0.03433,0.07376,0.08944,0.02824,0.11228,0.01615,0.05295,-0.07378,0.01569,-0.01569,0.80500,3,generator,grad_tts,1275,84,rb_R0_xlsr1b_s0
rb_R3_xlsr1b_s0,holdout,unseen,0.99616,0.03791,0.06540,0.09002,0.03920,0.09021,0.02299,0.04747,-0.04225,0.00580,-0.02462,0.90500,3,generator,openvoicev2,1275,154,rb_R0_xlsr1b_s0
rb_R3_xlsr1b_s0,holdout,unseen,0.98973,0.04884,0.10213,0.13362,0.05878,0.12249,0.03645,0.06326,-0.06775,0.00777,-0.03149,0.93500,3,generator,playht,1275,145,rb_R0_xlsr1b_s0
rb_R3_xlsr1b_s0,holdout,unseen,0.99716,0.03354,0.03686,0.04863,0.02116,0.04708,0.01223,0.04225,-0.01964,0.00473,-0.01176,0.86000,3,generator,pro_diff,1275,84,rb_R0_xlsr1b_s0
rb_R3_xlsr1b_s0,holdout,unseen,0.99405,0.03934,0.06853,0.10472,0.04076,0.10007,0.02123,0.05145,-0.06159,-0.00812,-0.03619,0.99000,3,generator,unit_speech,1275,152,rb_R0_xlsr1b_s0
rb_R3_xlsr1b_s0,holdout,unseen,0.99475,0.03354,0.07219,0.05961,0.02665,0.09414,0.01968,0.05957,-0.02198,0.03216,0.01258,0.30000,3,generator,wavegrad2,1275,84,rb_R0_xlsr1b_s0
rb_R3_xlsr1b_s0,holdout,unseen,0.99487,0.03370,0.07245,0.07324,0.03951,0.09102,0.02277,0.05221,-0.02869,0.01924,-0.00078,0.64000,3,generator,xtts_v2,1275,152,rb_R0_xlsr1b_s0
rb_R3_xlsr1b_s0,holdout,unseen,0.99538,0.02830,0.07631,0.06365,0.03686,0.11239,0.02053,0.05504,-0.00708,0.04582,0.01266,0.11500,3,generator,your_tts,1275,145,rb_R0_xlsr1b_s0
rb_R3_xlsr1b_s0,holdout,unseen,0.98821,0.05908,0.14946,0.17041,0.11171,0.16629,0.04475,0.06997,-0.04891,-0.00972,-0.02095,1.00000,3,real source,real_extra,358,1227,rb_R0_xlsr1b_s0
rb_R3_xlsr1b_s0,holdout,unseen,0.98541,0.06222,0.12883,0.17258,0.07809,0.16421,0.03190,0.08143,-0.08635,-0.01384,-0.04375,1.00000,3,real source,real_libri,160,1227,rb_R0_xlsr1b_s0
rb_R3_xlsr1b_s0,holdout,unseen,0.99221,0.04085,0.09895,0.08487,0.07430,0.11676,0.03174,0.04889,-0.00808,0.03110,0.01407,0.09000,3,real source,real_lj,757,1227,rb_R0_xlsr1b_s0
rb_R3_xlsr1b_s0,holdout,unseen,0.97060,0.08523,0.21001,0.23544,0.16353,0.25809,0.07116,0.10893,-0.06595,0.01084,-0.02543,0.90500,3,unseen op,room,472,455,rb_R0_xlsr1b_s0
rb_R3_xlsr1b_s0,holdout,unseen,0.99220,0.04246,0.11310,0.11742,0.07875,0.14019,0.03314,0.05800,-0.02731,0.01908,-0.00432,0.60500,3,unseen op,codec,513,452,rb_R0_xlsr1b_s0
rb_R3_xlsr1b_s0,holdout,unseen,0.98803,0.05318,0.11479,0.16456,0.05805,0.15627,0.03060,0.07156,-0.08157,-0.01244,-0.04977,1.00000,3,unseen op,tandem,241,248,rb_R0_xlsr1b_s0
rb_R3_xlsr1b_s0,holdout,unseen,0.99658,0.02530,0.06859,0.06511,0.03352,0.09670,0.01562,0.04277,-0.01969,0.02237,0.00348,0.47500,3,unseen op,packet_loss,236,278,rb_R0_xlsr1b_s0
rb_R3_xlsr1b_s0,holdout,unseen,0.99262,0.03623,0.09358,0.08677,0.04701,0.12797,0.02127,0.05541,-0.01946,0.02034,0.00680,0.53500,3,unseen op,agc,246,223,rb_R0_xlsr1b_s0
rb_R3_xlsr1b_s0,holdout,unseen,0.99897,0.01310,0.02348,0.03598,0.00000,0.07045,0.00000,0.03945,-0.02504,0.02516,-0.01250,0.79500,3,unseen op,codec_ac3,80,73,rb_R0_xlsr1b_s0
rb_R3_xlsr1b_s0,holdout,unseen,0.98172,0.07248,0.14214,0.17155,0.05390,0.21561,0.02899,0.13761,-0.11291,0.03932,-0.02941,0.80000,3,unseen op,codec_amrnb,68,70,rb_R0_xlsr1b_s0
rb_R3_xlsr1b_s0,holdout,unseen,0.99089,0.04850,0.08642,0.17057,0.02438,0.12610,0.01411,0.08289,-0.12855,-0.02457,-0.08415,1.00000,3,unseen op,codec_g723_1,81,63,rb_R0_xlsr1b_s0
rb_R3_xlsr1b_s0,holdout,unseen,0.99534,0.03137,0.07269,0.07269,0.00000,0.13069,0.00000,0.07843,-0.03297,0.04412,0.00000,0.64500,3,unseen op,codec_mp2,68,60,rb_R0_xlsr1b_s0
rb_R3_xlsr1b_s0,holdout,unseen,0.98443,0.06671,0.15335,0.14588,0.05189,0.21369,0.02669,0.11324,-0.05195,0.07313,0.00747,0.44500,3,unseen op,codec_real_144,77,73,rb_R0_xlsr1b_s0
rb_R3_xlsr1b_s0,holdout,unseen,0.99959,0.01431,0.01370,0.02559,0.00000,0.04110,0.00000,0.04234,-0.05126,0.02563,-0.01189,0.81000,3,unseen op,codec_vorbis,73,67,rb_R0_xlsr1b_s0
rb_R3_xlsr1b_s0,holdout,unseen,0.99407,0.06291,0.07576,0.06757,0.00000,0.13636,0.00000,0.09980,-0.08150,0.07453,0.00819,0.46500,3,unseen op,codec_wmav2,66,46,rb_R0_xlsr1b_s0
rb_R3_xlsr1b_s0,holdout,device,1.00000,0.00000,0.00000,0.00000,0.00000,0.00000,0.00000,0.00000,0.00000,0.00000,0.00000,1.00000,3,generator,diffgan_tts,1275,84,rb_R0_xlsr1b_s0
rb_R3_xlsr1b_s0,holdout,device,0.99995,0.00703,0.00706,0.00078,0.00000,0.01176,0.00000,0.01170,-0.00159,0.01020,0.00627,0.30000,3,generator,elevenlabs,1275,143,rb_R0_xlsr1b_s0
rb_R3_xlsr1b_s0,holdout,device,1.00000,0.00000,0.00000,0.00078,0.00000,0.00000,0.00000,0.00000,-0.00235,0.00000,-0.00078,1.00000,3,generator,grad_tts,1275,84,rb_R0_xlsr1b_s0
rb_R3_xlsr1b_s0,holdout,device,1.00000,0.00000,0.00000,0.00000,0.00000,0.00000,0.00000,0.00000,0.00000,0.00000,0.00000,1.00000,3,generator,openvoicev2,1275,154,rb_R0_xlsr1b_s0
rb_R3_xlsr1b_s0,holdout,device,1.00000,0.00000,0.00000,0.00863,0.00000,0.00000,0.00000,0.00000,-0.01182,0.00000,-0.00863,1.00000,3,generator,playht,1275,145,rb_R0_xlsr1b_s0
rb_R3_xlsr1b_s0,holdout,device,1.00000,0.00000,0.00000,0.00000,0.00000,0.00000,0.00000,0.00000,0.00000,0.00000,0.00000,1.00000,3,generator,pro_diff,1275,84,rb_R0_xlsr1b_s0
rb_R3_xlsr1b_s0,holdout,device,1.00000,0.00000,0.00000,0.00000,0.00000,0.00000,0.00000,0.00000,0.00000,0.00000,0.00000,1.00000,3,generator,unit_speech,1275,152,rb_R0_xlsr1b_s0
rb_R3_xlsr1b_s0,holdout,device,1.00000,0.00000,0.00000,0.00157,0.00000,0.00000,0.00000,0.00000,-0.00394,0.00000,-0.00157,1.00000,3,generator,wavegrad2,1275,84,rb_R0_xlsr1b_s0
rb_R3_xlsr1b_s0,holdout,device,1.00000,0.00000,0.00000,0.00000,0.00000,0.00000,0.00000,0.00000,0.00000,0.00000,0.00000,1.00000,3,generator,xtts_v2,1275,152,rb_R0_xlsr1b_s0
rb_R3_xlsr1b_s0,holdout,device,1.00000,0.00000,0.00000,0.00000,0.00000,0.00000,0.00000,0.00000,0.00000,0.00000,0.00000,1.00000,3,generator,your_tts,1275,145,rb_R0_xlsr1b_s0
rb_R3_xlsr1b_s0,holdout,device,0.99999,0.00041,0.00140,0.00559,0.00000,0.00419,0.00000,0.00262,-0.00978,0.00279,-0.00419,0.87000,3,real source,real_extra,358,1227,rb_R0_xlsr1b_s0
rb_R3_xlsr1b_s0,holdout,device,0.99999,0.00041,0.00140,0.00140,0.00000,0.00419,0.00000,0.00122,-0.00419,0.00419,0.00000,0.68000,3,real source,real_libri,160,1227,rb_R0_xlsr1b_s0
rb_R3_xlsr1b_s0,holdout,device,1.00000,0.00148,0.00272,0.00140,0.00000,0.00536,0.00000,0.00336,-0.00264,0.00419,0.00132,0.48500,3,real source,real_lj,757,1227,rb_R0_xlsr1b_s0
rb_R3_xlsr1b_s0,itw,clean,0.99925,0.01520,0.03646,0.03966,0.02284,0.04721,0.01039,0.02000,-0.01235,0.00641,-0.00320,0.70000,3,generator,itw_fake,1250,1250,rb_R0_xlsr1b_s0
rb_R3_xlsr1b_s0,itw,clean,0.99925,0.01520,0.03646,0.03966,0.02400,0.04629,0.01000,0.01920,-0.01395,0.00561,-0.00320,0.71000,3,real source,itw,1250,1250,rb_R0_xlsr1b_s0
rb_R3_xlsr1b_s0,itw,clean,0.99333,0.04862,0.12272,0.14281,0.07670,0.15473,0.03508,0.06820,-0.04335,0.01383,-0.02009,0.88500,3,duration,<2 s,370,247,rb_R0_xlsr1b_s0
rb_R3_xlsr1b_s0,itw,clean,0.99967,0.00934,0.01742,0.01413,0.00329,0.03252,0.00164,0.01868,-0.00389,0.00755,0.00329,0.52500,3,duration,2-3 s,304,227,rb_R0_xlsr1b_s0
rb_R3_xlsr1b_s0,itw,clean,1.00000,0.00173,0.00197,0.00452,0.00000,0.00510,0.00000,0.00421,-0.00905,0.00197,-0.00255,0.88000,3,duration,3-4 s,507,672,rb_R0_xlsr1b_s0
rb_R3_xlsr1b_s0,itw,clean,1.00000,0.00000,0.00000,0.00000,0.00000,0.00000,0.00000,0.00000,0.00000,0.00000,0.00000,1.00000,3,duration,4-6 s,62,101,rb_R0_xlsr1b_s0
rb_R3_xlsr1b_s0,itw,aug,0.99260,0.04640,0.12149,0.13954,0.09759,0.13923,0.03799,0.05561,-0.03820,0.00301,-0.01806,0.95500,3,generator,itw_fake,1250,1250,rb_R0_xlsr1b_s0
rb_R3_xlsr1b_s0,itw,aug,0.99260,0.04640,0.12149,0.13954,0.09440,0.14196,0.03679,0.05521,-0.03092,0.00306,-0.01806,0.94000,3,real source,itw,1250,1250,rb_R0_xlsr1b_s0
rb_R3_xlsr1b_s0,itw,aug,0.99657,0.03403,0.08108,0.08772,0.04257,0.11192,0.01766,0.04766,-0.03181,0.02014,-0.00664,0.65000,3,channel,codec,350,385,rb_R0_xlsr1b_s0
rb_R3_xlsr1b_s0,itw,aug,0.98345,0.07220,0.15232,0.15879,0.08551,0.23572,0.03610,0.10839,-0.03857,0.07262,-0.00648,0.38500,3,channel,telephony,138,139,rb_R0_xlsr1b_s0
rb_R3_xlsr1b_s0,itw,aug,0.99429,0.04356,0.06854,0.09876,0.02688,0.11194,0.01452,0.06473,-0.06680,0.01479,-0.03021,0.81500,3,channel,bandlimit,144,132,rb_R0_xlsr1b_s0
rb_R3_xlsr1b_s0,itw,aug,0.99640,0.03636,0.08401,0.09131,0.02697,0.11683,0.01455,0.06546,-0.05111,0.03730,-0.00730,0.65500,3,channel,resample,137,138,rb_R0_xlsr1b_s0
rb_R3_xlsr1b_s0,itw,aug,0.99779,0.02479,0.05174,0.06898,0.01535,0.08562,0.00826,0.04334,-0.03081,0.01794,-0.01724,0.83000,3,channel,tilt,232,253,rb_R0_xlsr1b_s0
rb_R3_xlsr1b_s0,itw,aug,0.99433,0.04463,0.11345,0.11544,0.06124,0.14263,0.02630,0.06287,-0.04426,0.02810,-0.00199,0.66500,3,channel,noise,249,244,rb_R0_xlsr1b_s0
rb_R3_xlsr1b_s0,itw,aug,0.99709,0.03225,0.06016,0.09912,0.01709,0.10365,0.00806,0.05216,-0.06949,0.00043,-0.03896,0.96000,3,channel,hum,117,132,rb_R0_xlsr1b_s0
rb_R3_xlsr1b_s0,itw,aug,0.92227,0.15001,0.39786,0.43196,0.28692,0.47375,0.11806,0.19287,-0.10296,0.06795,-0.03410,0.71000,3,channel,reverb,205,168,rb_R0_xlsr1b_s0
rb_R3_xlsr1b_s0,itw,aug,0.99670,0.03324,0.06122,0.06122,0.00000,0.10739,0.00000,0.05005,-0.04584,0.01538,0.00000,0.92000,3,channel,clipping,65,56,rb_R0_xlsr1b_s0
rb_R3_xlsr1b_s0,itw,aug,0.98821,0.05955,0.14172,0.11047,0.04651,0.20751,0.02506,0.11129,-0.06286,0.09487,0.03125,0.37000,3,channel,codec_aac,64,53,rb_R0_xlsr1b_s0
rb_R3_xlsr1b_s0,itw,aug,0.99366,0.05310,0.09023,0.11278,0.02256,0.17857,0.00658,0.09070,-0.08106,0.04511,-0.02256,0.69000,3,channel,codec_g711,56,76,rb_R0_xlsr1b_s0
rb_R3_xlsr1b_s0,itw,aug,0.99972,0.01667,0.01695,0.03390,0.00000,0.03390,0.00000,0.03355,-0.08475,0.00000,-0.01695,1.00000,3,channel,codec_g722,59,61,rb_R0_xlsr1b_s0
rb_R3_xlsr1b_s0,itw,aug,0.99896,0.02292,0.04226,0.06250,0.00000,0.06476,0.00000,0.03974,-0.06429,0.00000,-0.02024,1.00000,3,channel,codec_g726,48,80,rb_R0_xlsr1b_s0
rb_R3_xlsr1b_s0,itw,aug,0.99591,0.05132,0.08008,0.09023,0.01625,0.11676,0.00813,0.07675,-0.08333,0.03333,-0.01015,0.72000,3,channel,codec_mp3,60,57,rb_R0_xlsr1b_s0
rb_R3_xlsr1b_s0,itw,aug,0.99918,0.01656,0.02956,0.01587,0.00000,0.06349,0.00000,0.04967,-0.03175,0.04762,0.01368,0.51000,3,channel,codec_opus,63,58,rb_R0_xlsr1b_s0
rb_R3_xlsr1b_s0,itw,aug,0.98172,0.09726,0.19969,0.19821,0.07692,0.26964,0.03562,0.15069,-0.10662,0.09322,0.00149,0.71500,3,channel,noise_babble,52,61,rb_R0_xlsr1b_s0
rb_R3_xlsr1b_s0,itw,aug,0.99945,0.01654,0.02765,0.05085,0.00000,0.05530,0.00000,0.04114,-0.07416,0.02151,-0.02320,0.93000,3,channel,noise_brown,59,62,rb_R0_xlsr1b_s0
rb_R3_xlsr1b_s0,itw,aug,0.99238,0.05430,0.08108,0.08108,0.01351,0.13547,0.01585,0.10184,-0.06234,0.04054,0.00000,0.66000,3,channel,noise_pink,74,55,rb_R0_xlsr1b_s0
rb_R3_xlsr1b_s0,itw,aug,0.99905,0.01539,0.02597,0.00000,0.00000,0.05195,0.00000,0.04616,0.00000,0.05195,0.02597,0.34500,3,channel,noise_white,64,66,rb_R0_xlsr1b_s0
rb_R3_xlsr1b_s0,itw,aug,0.98006,0.09250,0.21038,0.24705,0.14937,0.25205,0.06815,0.11344,-0.06914,0.00120,-0.03667,0.96500,3,duration,<2 s,370,247,rb_R0_xlsr1b_s0
rb_R3_xlsr1b_s0,itw,aug,0.99246,0.04890,0.11207,0.10452,0.06110,0.14465,0.03022,0.06818,-0.02986,0.04531,0.00755,0.35000,3,duration,2-3 s,304,227,rb_R0_xlsr1b_s0
rb_R3_xlsr1b_s0,itw,aug,0.99642,0.03469,0.08644,0.08383,0.05599,0.10680,0.02431,0.04510,-0.01678,0.02303,0.00262,0.45000,3,duration,3-4 s,496,655,rb_R0_xlsr1b_s0
rb_R3_xlsr1b_s0,itw,aug,0.99614,0.02733,0.04298,0.05857,0.00000,0.07792,0.00000,0.04339,-0.04695,0.02740,-0.01558,0.88500,3,duration,4-6 s,73,110,rb_R0_xlsr1b_s0
rb_R3_xlsr1b_s0,itw,unseen,0.96514,0.10720,0.29006,0.29611,0.25496,0.32049,0.09677,0.12400,-0.02683,0.01853,-0.00606,0.58000,3,generator,itw_fake,1250,1250,rb_R0_xlsr1b_s0
rb_R3_xlsr1b_s0,itw,unseen,0.96514,0.10720,0.29006,0.29611,0.25028,0.31717,0.09599,0.12045,-0.02587,0.02254,-0.00606,0.58500,3,real source,itw,1250,1250,rb_R0_xlsr1b_s0
rb_R3_xlsr1b_s0,itw,unseen,0.85475,0.23191,0.59373,0.58435,0.51761,0.64151,0.20568,0.25504,-0.04056,0.06437,0.00938,0.31000,3,unseen op,room,492,461,rb_R0_xlsr1b_s0
rb_R3_xlsr1b_s0,itw,unseen,0.98106,0.08590,0.20584,0.21354,0.15051,0.24490,0.05947,0.09912,-0.03347,0.02871,-0.00770,0.66500,3,unseen op,codec,455,453,rb_R0_xlsr1b_s0
rb_R3_xlsr1b_s0,itw,unseen,0.96397,0.11273,0.29919,0.27510,0.21270,0.35702,0.08563,0.14622,-0.03472,0.05890,0.02409,0.33000,3,unseen op,tandem,231,248,rb_R0_xlsr1b_s0
rb_R3_xlsr1b_s0,itw,unseen,0.99019,0.05813,0.11728,0.15507,0.06811,0.16400,0.03400,0.08013,-0.07566,-0.00836,-0.03779,0.99500,3,unseen op,packet_loss,239,260,rb_R0_xlsr1b_s0
rb_R3_xlsr1b_s0,itw,unseen,0.98837,0.06089,0.13273,0.14171,0.08475,0.17365,0.03539,0.08055,-0.05400,0.02240,-0.00898,0.71500,3,unseen op,agc,248,261,rb_R0_xlsr1b_s0
rb_R3_xlsr1b_s0,itw,unseen,0.99484,0.03845,0.10586,0.15044,0.01818,0.14545,0.01351,0.08600,-0.10917,0.00000,-0.04458,0.98500,3,unseen op,codec_ac3,55,74,rb_R0_xlsr1b_s0
rb_R3_xlsr1b_s0,itw,unseen,0.96118,0.12404,0.26497,0.30371,0.13836,0.38047,0.06202,0.18625,-0.11168,0.09522,-0.03874,0.63500,3,unseen op,codec_amrnb,65,64,rb_R0_xlsr1b_s0
rb_R3_xlsr1b_s0,itw,unseen,0.97554,0.09839,0.23594,0.19493,0.11397,0.32918,0.04899,0.15612,-0.06829,0.09816,0.04101,0.42000,3,unseen op,codec_g723_1,62,60,rb_R0_xlsr1b_s0
rb_R3_xlsr1b_s0,itw,unseen,0.98063,0.08063,0.16883,0.16883,0.05708,0.26240,0.02965,0.13160,-0.06760,0.10130,0.00000,0.38500,3,unseen op,codec_mp2,77,60,rb_R0_xlsr1b_s0
rb_R3_xlsr1b_s0,itw,unseen,0.98545,0.06320,0.14303,0.14405,0.03913,0.22267,0.01415,0.11998,-0.06745,0.07854,-0.00103,0.55500,3,unseen op,codec_real_144,76,66,rb_R0_xlsr1b_s0
rb_R3_xlsr1b_s0,itw,unseen,0.99074,0.03750,0.09762,0.11190,0.01667,0.17619,0.01389,0.09028,-0.05000,0.03345,-0.01429,0.78000,3,unseen op,codec_vorbis,60,72,rb_R0_xlsr1b_s0
rb_R3_xlsr1b_s0,itw,unseen,0.98450,0.06842,0.18371,0.16341,0.04992,0.25026,0.02587,0.13684,-0.06356,0.07037,0.02030,0.45500,3,unseen op,codec_wmav2,60,57,rb_R0_xlsr1b_s0
rb_R3_xlsr1b_s0,itw,device,0.99751,0.02560,0.06869,0.06743,0.04822,0.07625,0.01959,0.03161,-0.01292,0.00827,0.00126,0.62500,3,generator,itw_fake,1250,1250,rb_R0_xlsr1b_s0
rb_R3_xlsr1b_s0,itw,device,0.99751,0.02560,0.06869,0.06743,0.05063,0.07989,0.01999,0.03281,-0.01429,0.00905,0.00126,0.65500,3,real source,itw,1250,1250,rb_R0_xlsr1b_s0
views_mms1b_d6rall,holdout,clean,1.00000,0.00000,0.00000,,0.00000,0.00000,0.00000,0.00000,,,,,0,generator,diffgan_tts,1275,84,
views_mms1b_d6rall,holdout,clean,1.00000,0.00000,0.00000,,0.00000,0.00000,0.00000,0.00000,,,,,0,generator,elevenlabs,1275,143,
views_mms1b_d6rall,holdout,clean,1.00000,0.00000,0.00000,,0.00000,0.00000,0.00000,0.00000,,,,,0,generator,grad_tts,1275,84,
views_mms1b_d6rall,holdout,clean,1.00000,0.00000,0.00000,,0.00000,0.00000,0.00000,0.00000,,,,,0,generator,openvoicev2,1275,154,
views_mms1b_d6rall,holdout,clean,1.00000,0.00000,0.00000,,0.00000,0.00000,0.00000,0.00000,,,,,0,generator,playht,1275,145,
views_mms1b_d6rall,holdout,clean,1.00000,0.00000,0.00000,,0.00000,0.00000,0.00000,0.00000,,,,,0,generator,pro_diff,1275,84,
views_mms1b_d6rall,holdout,clean,1.00000,0.00000,0.00000,,0.00000,0.00000,0.00000,0.00000,,,,,0,generator,unit_speech,1275,152,
views_mms1b_d6rall,holdout,clean,1.00000,0.00000,0.00000,,0.00000,0.00000,0.00000,0.00000,,,,,0,generator,wavegrad2,1275,84,
views_mms1b_d6rall,holdout,clean,1.00000,0.00000,0.00000,,0.00000,0.00000,0.00000,0.00000,,,,,0,generator,xtts_v2,1275,152,
views_mms1b_d6rall,holdout,clean,1.00000,0.00000,0.00000,,0.00000,0.00000,0.00000,0.00000,,,,,0,generator,your_tts,1275,145,
views_mms1b_d6rall,holdout,clean,1.00000,0.00000,0.00000,,0.00000,0.00000,0.00000,0.00000,,,,,0,real source,real_extra,358,1227,
views_mms1b_d6rall,holdout,clean,1.00000,0.00000,0.00000,,0.00000,0.00000,0.00000,0.00000,,,,,0,real source,real_libri,160,1227,
views_mms1b_d6rall,holdout,clean,1.00000,0.00000,0.00000,,0.00000,0.00000,0.00000,0.00000,,,,,0,real source,real_lj,757,1227,
views_mms1b_d6rall,holdout,clean,1.00000,0.00000,0.00000,,0.00000,0.00000,0.00000,0.00000,,,,,0,duration,2-3 s,92,12,
views_mms1b_d6rall,holdout,clean,1.00000,0.00000,0.00000,,0.00000,0.00000,0.00000,0.00000,,,,,0,duration,3-4 s,982,973,
views_mms1b_d6rall,holdout,clean,1.00000,0.00000,0.00000,,0.00000,0.00000,0.00000,0.00000,,,,,0,duration,4-6 s,151,219,
views_mms1b_d6rall,holdout,clean,1.00000,0.00000,0.00000,,0.00000,0.00000,0.00000,0.00000,,,,,0,duration,>6 s,14,23,
views_mms1b_d6rall,holdout,aug,0.99818,0.01458,0.03766,,0.01175,0.05804,0.00744,0.03591,,,,,0,generator,diffgan_tts,1275,84,
views_mms1b_d6rall,holdout,aug,0.98330,0.07493,0.16459,,0.10810,0.19397,0.06240,0.09643,,,,,0,generator,elevenlabs,1275,143,
views_mms1b_d6rall,holdout,aug,0.99507,0.03590,0.08000,,0.02978,0.08867,0.01496,0.07223,,,,,0,generator,grad_tts,1275,84,
views_mms1b_d6rall,holdout,aug,0.99771,0.03114,0.04956,,0.02820,0.07295,0.01914,0.04157,,,,,0,generator,openvoicev2,1275,154,
views_mms1b_d6rall,holdout,aug,0.99325,0.04924,0.10762,,0.06757,0.12707,0.03566,0.06398,,,,,0,generator,playht,1275,145,
views_mms1b_d6rall,holdout,aug,0.99970,0.00235,0.00471,,0.00155,0.00863,0.00077,0.00987,,,,,0,generator,pro_diff,1275,84,
views_mms1b_d6rall,holdout,aug,0.99854,0.01967,0.04265,,0.01645,0.05020,0.00800,0.03313,,,,,0,generator,unit_speech,1275,152,
views_mms1b_d6rall,holdout,aug,0.99892,0.02367,0.04551,,0.00312,0.05414,0.00156,0.03923,,,,,0,generator,wavegrad2,1275,84,
views_mms1b_d6rall,holdout,aug,0.99579,0.03253,0.07089,,0.03638,0.09738,0.02123,0.05619,,,,,0,generator,xtts_v2,1275,152,
views_mms1b_d6rall,holdout,aug,0.99856,0.02054,0.04712,,0.01880,0.06613,0.01317,0.03531,,,,,0,generator,your_tts,1275,145,
views_mms1b_d6rall,holdout,aug,0.99330,0.05040,0.11734,,0.08514,0.14108,0.03648,0.06391,,,,,0,real source,real_extra,358,1227,
views_mms1b_d6rall,holdout,aug,0.99538,0.03749,0.09059,,0.05427,0.11824,0.02275,0.05585,,,,,0,real source,real_libri,160,1227,
views_mms1b_d6rall,holdout,aug,0.99663,0.03281,0.07621,,0.05615,0.09348,0.02477,0.04006,,,,,0,real source,real_lj,757,1227,
views_mms1b_d6rall,holdout,aug,0.99737,0.02832,0.07387,,0.04148,0.09080,0.01752,0.04044,,,,,0,channel,codec,381,360,
views_mms1b_d6rall,holdout,aug,0.99499,0.03210,0.08146,,0.02949,0.13328,0.01604,0.06376,,,,,0,channel,telephony,132,118,
views_mms1b_d6rall,holdout,aug,0.99876,0.01471,0.03481,,0.00000,0.06216,0.00000,0.03304,,,,,0,channel,bandlimit,134,138,
views_mms1b_d6rall,holdout,aug,0.99909,0.02265,0.02222,,0.00000,0.04444,0.00000,0.03775,,,,,0,channel,resample,135,130,
views_mms1b_d6rall,holdout,aug,0.99935,0.01594,0.02263,,0.00392,0.04435,0.00399,0.02790,,,,,0,channel,tilt,255,247,
views_mms1b_d6rall,holdout,aug,0.99562,0.03766,0.07161,,0.03637,0.10578,0.02087,0.05439,,,,,0,channel,noise,240,238,
views_mms1b_d6rall,holdout,aug,0.99928,0.01496,0.03451,,0.00000,0.06207,0.00000,0.03337,,,,,0,channel,hum,145,124,
views_mms1b_d6rall,holdout,aug,0.90544,0.18227,0.47188,,0.35759,0.51478,0.14531,0.21675,,,,,0,channel,reverb,202,204,
views_mms1b_d6rall,holdout,aug,1.00000,0.00000,0.00000,,0.00000,0.00000,0.00000,0.00000,,,,,0,channel,clipping,75,62,
views_mms1b_d6rall,holdout,aug,0.99924,0.01951,0.03571,,0.00000,0.07143,0.00000,0.05852,,,,,0,channel,codec_aac,55,48,
views_mms1b_d6rall,holdout,aug,0.99723,0.03102,0.08163,,0.00000,0.12151,0.00000,0.06999,,,,,0,channel,codec_g711,66,63,
views_mms1b_d6rall,holdout,aug,0.99887,0.01687,0.04649,,0.00000,0.06349,0.00000,0.05060,,,,,0,channel,codec_g722,63,56,
views_mms1b_d6rall,holdout,aug,1.00000,0.00000,0.00000,,0.00000,0.00000,0.00000,0.00000,,,,,0,channel,codec_g726,66,67,
views_mms1b_d6rall,holdout,aug,0.99973,0.01641,0.01587,,0.00000,0.03214,0.00000,0.04077,,,,,0,channel,codec_mp3,63,59,
views_mms1b_d6rall,holdout,aug,0.99605,0.04445,0.08441,,0.01471,0.13235,0.00735,0.08143,,,,,0,channel,codec_opus,68,67,
views_mms1b_d6rall,holdout,aug,0.99766,0.03421,0.03509,,0.00000,0.08772,0.00000,0.08553,,,,,0,channel,noise_babble,57,60,
views_mms1b_d6rall,holdout,aug,0.99901,0.01576,0.01613,,0.00000,0.04839,0.00000,0.03976,,,,,0,channel,noise_brown,62,65,
views_mms1b_d6rall,holdout,aug,0.99751,0.03159,0.07335,,0.00000,0.10448,0.00000,0.06318,,,,,0,channel,noise_pink,67,60,
views_mms1b_d6rall,holdout,aug,0.98567,0.05608,0.11111,,0.01852,0.16667,0.01869,0.12142,,,,,0,channel,noise_white,54,53,
views_mms1b_d6rall,holdout,aug,0.99728,0.01087,0.02174,,0.00000,0.04348,0.00000,0.06341,,,,,0,duration,2-3 s,92,12,
views_mms1b_d6rall,holdout,aug,0.99564,0.03828,0.09440,,0.06875,0.10748,0.02949,0.04553,,,,,0,duration,3-4 s,942,991,
views_mms1b_d6rall,holdout,aug,0.99823,0.02650,0.04738,,0.01423,0.07200,0.00530,0.03964,,,,,0,duration,4-6 s,181,197,
views_mms1b_d6rall,holdout,aug,0.99846,0.03935,0.04167,,0.00000,0.08333,0.00000,0.07870,,,,,0,duration,>6 s,24,27,
views_mms1b_d6rall,holdout,unseen,0.98864,0.04852,0.06431,,0.04784,0.07686,0.02485,0.06711,,,,,0,generator,diffgan_tts,1275,84,
views_mms1b_d6rall,holdout,unseen,0.95279,0.11202,0.25501,,0.17567,0.31771,0.08508,0.12617,,,,,0,generator,elevenlabs,1275,143,
views_mms1b_d6rall,holdout,unseen,0.98050,0.05957,0.12554,,0.06659,0.17037,0.04139,0.08090,,,,,0,generator,grad_tts,1275,84,
views_mms1b_d6rall,holdout,unseen,0.98774,0.05863,0.12139,,0.08014,0.15594,0.03947,0.07230,,,,,0,generator,openvoicev2,1275,154,
views_mms1b_d6rall,holdout,unseen,0.97831,0.08256,0.14919,,0.10580,0.18956,0.05737,0.10272,,,,,0,generator,playht,1275,145,
views_mms1b_d6rall,holdout,unseen,0.99356,0.03511,0.06119,,0.02822,0.10617,0.01968,0.04773,,,,,0,generator,pro_diff,1275,84,
views_mms1b_d6rall,holdout,unseen,0.98737,0.05902,0.12657,,0.08094,0.15718,0.03813,0.07267,,,,,0,generator,unit_speech,1275,152,
views_mms1b_d6rall,holdout,unseen,0.98862,0.04773,0.10199,,0.05098,0.14355,0.03509,0.07140,,,,,0,generator,wavegrad2,1275,84,
views_mms1b_d6rall,holdout,unseen,0.98465,0.06584,0.15394,,0.10310,0.19054,0.05259,0.08514,,,,,0,generator,xtts_v2,1275,152,
views_mms1b_d6rall,holdout,unseen,0.99226,0.04304,0.07927,,0.05410,0.10053,0.02791,0.06123,,,,,0,generator,your_tts,1275,145,
views_mms1b_d6rall,holdout,unseen,0.97592,0.08428,0.18297,,0.13960,0.20811,0.06653,0.10086,,,,,0,real source,real_extra,358,1227,
views_mms1b_d6rall,holdout,unseen,0.97190,0.08735,0.19295,,0.14214,0.24501,0.05624,0.12405,,,,,0,real source,real_libri,160,1227,
views_mms1b_d6rall,holdout,unseen,0.98816,0.05291,0.11947,,0.09661,0.14345,0.04233,0.06391,,,,,0,real source,real_lj,757,1227,
views_mms1b_d6rall,holdout,unseen,0.95226,0.11003,0.26603,,0.21726,0.31101,0.09597,0.13596,,,,,0,unseen op,room,472,455,
views_mms1b_d6rall,holdout,unseen,0.98580,0.06216,0.12728,,0.08861,0.15697,0.04655,0.08076,,,,,0,unseen op,codec,513,452,
views_mms1b_d6rall,holdout,unseen,0.97878,0.09201,0.20054,,0.12994,0.24209,0.05727,0.12065,,,,,0,unseen op,tandem,241,248,
views_mms1b_d6rall,holdout,unseen,0.99322,0.03314,0.08399,,0.04158,0.11216,0.01958,0.05844,,,,,0,unseen op,packet_loss,236,278,
views_mms1b_d6rall,holdout,unseen,0.99298,0.04478,0.09128,,0.05142,0.12257,0.02341,0.05990,,,,,0,unseen op,agc,246,223,
views_mms1b_d6rall,holdout,unseen,0.99692,0.02620,0.04848,,0.00000,0.10947,0.00000,0.05940,,,,,0,unseen op,codec_ac3,80,73,
views_mms1b_d6rall,holdout,unseen,0.94254,0.15945,0.28920,,0.17635,0.38247,0.09412,0.23193,,,,,0,unseen op,codec_amrnb,68,70,
views_mms1b_d6rall,holdout,unseen,0.98109,0.07672,0.14815,,0.04938,0.20767,0.03439,0.12522,,,,,0,unseen op,codec_g723_1,81,63,
views_mms1b_d6rall,holdout,unseen,0.99534,0.03137,0.07269,,0.00000,0.14286,0.00000,0.07012,,,,,0,unseen op,codec_mp2,68,60,
views_mms1b_d6rall,holdout,unseen,0.98684,0.04003,0.10941,,0.02591,0.18484,0.01334,0.09340,,,,,0,unseen op,codec_real_144,77,73,
views_mms1b_d6rall,holdout,unseen,0.99980,0.01431,0.01370,,0.00000,0.02740,0.00000,0.02862,,,,,0,unseen op,codec_vorbis,73,67,
views_mms1b_d6rall,holdout,unseen,0.99111,0.06291,0.11302,,0.01515,0.20288,0.01079,0.09980,,,,,0,unseen op,codec_wmav2,66,46,
views_mms1b_d6rall,holdout,device,1.00000,0.00000,0.00000,,0.00000,0.00000,0.00000,0.00000,,,,,0,generator,diffgan_tts,1275,84,
views_mms1b_d6rall,holdout,device,0.99965,0.00703,0.01513,,0.00078,0.03910,0.00039,0.02164,,,,,0,generator,elevenlabs,1275,143,
views_mms1b_d6rall,holdout,device,0.99989,0.00275,0.00549,,0.00000,0.01020,0.00000,0.00987,,,,,0,generator,grad_tts,1275,84,
views_mms1b_d6rall,holdout,device,1.00000,0.00000,0.00000,,0.00000,0.00000,0.00000,0.00000,,,,,0,generator,openvoicev2,1275,154,
views_mms1b_d6rall,holdout,device,0.99998,0.00118,0.00235,,0.00000,0.00471,0.00000,0.00580,,,,,0,generator,playht,1275,145,
views_mms1b_d6rall,holdout,device,1.00000,0.00000,0.00000,,0.00000,0.00000,0.00000,0.00000,,,,,0,generator,pro_diff,1275,84,
views_mms1b_d6rall,holdout,device,1.00000,0.00000,0.00000,,0.00000,0.00000,0.00000,0.00000,,,,,0,generator,unit_speech,1275,152,
views_mms1b_d6rall,holdout,device,1.00000,0.00000,0.00000,,0.00000,0.00000,0.00000,0.00000,,,,,0,generator,wavegrad2,1275,84,
views_mms1b_d6rall,holdout,device,1.00000,0.00000,0.00000,,0.00000,0.00000,0.00000,0.00000,,,,,0,generator,xtts_v2,1275,152,
views_mms1b_d6rall,holdout,device,1.00000,0.00000,0.00000,,0.00000,0.00000,0.00000,0.00000,,,,,0,generator,your_tts,1275,145,
views_mms1b_d6rall,holdout,device,0.99992,0.00565,0.00978,,0.00276,0.01676,0.00080,0.00929,,,,,0,real source,real_extra,358,1227,
views_mms1b_d6rall,holdout,device,0.99988,0.00598,0.00904,,0.00000,0.01400,0.00000,0.01034,,,,,0,real source,real_libri,160,1227,
views_mms1b_d6rall,holdout,device,0.99998,0.00148,0.00272,,0.00000,0.00562,0.00000,0.00336,,,,,0,real source,real_lj,757,1227,
views_mms1b_d6rall,itw,clean,0.99859,0.01760,0.04309,,0.02970,0.05440,0.01280,0.02320,,,,,0,generator,itw_fake,1250,1250,
views_mms1b_d6rall,itw,clean,0.99859,0.01760,0.04309,,0.03062,0.05451,0.01280,0.02241,,,,,0,real source,itw,1250,1250,
views_mms1b_d6rall,itw,clean,0.98702,0.06009,0.15276,,0.09330,0.19058,0.03714,0.08111,,,,,0,duration,<2 s,370,247,
views_mms1b_d6rall,itw,clean,0.99907,0.01319,0.02071,,0.00329,0.04142,0.00325,0.02257,,,,,0,duration,2-3 s,304,227,
views_mms1b_d6rall,itw,clean,0.99998,0.00173,0.00197,,0.00000,0.00789,0.00000,0.00767,,,,,0,duration,3-4 s,507,672,
views_mms1b_d6rall,itw,clean,1.00000,0.00000,0.00000,,0.00000,0.00000,0.00000,0.00000,,,,,0,duration,4-6 s,62,101,
views_mms1b_d6rall,itw,aug,0.98996,0.05920,0.15269,,0.12077,0.16506,0.04720,0.06763,,,,,0,generator,itw_fake,1250,1250,
views_mms1b_d6rall,itw,aug,0.98996,0.05920,0.15269,,0.12267,0.16857,0.04640,0.06641,,,,,0,real source,itw,1250,1250,
views_mms1b_d6rall,itw,aug,0.99340,0.03948,0.09755,,0.05648,0.12498,0.02581,0.05572,,,,,0,channel,codec,350,385,
views_mms1b_d6rall,itw,aug,0.97959,0.06498,0.17113,,0.08556,0.23785,0.03610,0.10117,,,,,0,channel,telephony,138,139,
views_mms1b_d6rall,itw,aug,0.98969,0.05429,0.12229,,0.05465,0.16222,0.02904,0.09059,,,,,0,channel,bandlimit,144,132,
views_mms1b_d6rall,itw,aug,0.99638,0.03636,0.06941,,0.01972,0.10156,0.00727,0.05100,,,,,0,channel,resample,137,138,
views_mms1b_d6rall,itw,aug,0.99845,0.02677,0.04372,,0.01354,0.07518,0.01019,0.04334,,,,,0,channel,tilt,232,253,
views_mms1b_d6rall,itw,aug,0.99472,0.03651,0.09435,,0.05210,0.12753,0.02029,0.05680,,,,,0,channel,noise,249,244,
views_mms1b_d6rall,itw,aug,0.99294,0.04409,0.09879,,0.04263,0.13676,0.01982,0.06837,,,,,0,channel,hum,117,132,
views_mms1b_d6rall,itw,aug,0.89585,0.21446,0.47098,,0.37342,0.53973,0.17688,0.25724,,,,,0,channel,reverb,205,168,
views_mms1b_d6rall,itw,aug,0.99423,0.03324,0.07677,,0.00000,0.15306,0.00000,0.06668,,,,,0,channel,clipping,65,56,
views_mms1b_d6rall,itw,aug,0.98246,0.05955,0.09375,,0.03125,0.17188,0.01725,0.11914,,,,,0,channel,codec_aac,64,53,
views_mms1b_d6rall,itw,aug,0.98919,0.05310,0.10808,,0.02244,0.17117,0.01299,0.08428,,,,,0,channel,codec_g711,56,76,
views_mms1b_d6rall,itw,aug,0.99736,0.03334,0.05085,,0.00000,0.10183,0.00000,0.07488,,,,,0,channel,codec_g722,59,61,
views_mms1b_d6rall,itw,aug,0.99609,0.03958,0.08452,,0.00000,0.12740,0.00000,0.07292,,,,,0,channel,codec_g726,48,80,
views_mms1b_d6rall,itw,aug,0.99649,0.01711,0.04674,,0.00000,0.10017,0.00000,0.05966,,,,,0,channel,codec_mp3,60,57,
views_mms1b_d6rall,itw,aug,0.99535,0.03311,0.07499,,0.00000,0.14778,0.00000,0.08279,,,,,0,channel,codec_opus,63,58,
views_mms1b_d6rall,itw,aug,0.98266,0.06163,0.16272,,0.05598,0.25441,0.02580,0.12489,,,,,0,channel,noise_babble,52,61,
views_mms1b_d6rall,itw,aug,0.99891,0.01654,0.02765,,0.00000,0.06818,0.00000,0.04962,,,,,0,channel,noise_brown,59,62,
views_mms1b_d6rall,itw,aug,0.98821,0.05430,0.14756,,0.03107,0.21622,0.01585,0.11536,,,,,0,channel,noise_pink,74,55,
views_mms1b_d6rall,itw,aug,1.00000,0.00000,0.00000,,0.00000,0.00000,0.00000,0.00000,,,,,0,channel,noise_white,64,66,
views_mms1b_d6rall,itw,aug,0.96755,0.10061,0.26153,,0.18093,0.32449,0.07152,0.13305,,,,,0,duration,<2 s,370,247,
views_mms1b_d6rall,itw,aug,0.98983,0.05275,0.11536,,0.06637,0.15236,0.03182,0.06978,,,,,0,duration,2-3 s,304,227,
views_mms1b_d6rall,itw,aug,0.99687,0.03469,0.07254,,0.04350,0.09580,0.02251,0.04609,,,,,0,duration,3-4 s,496,655,
views_mms1b_d6rall,itw,aug,0.99788,0.02733,0.06045,,0.00000,0.09162,0.00000,0.05024,,,,,0,duration,4-6 s,73,110,
views_mms1b_d6rall,itw,unseen,0.95919,0.11760,0.30629,,0.27472,0.33019,0.10560,0.12801,,,,,0,generator,itw_fake,1250,1250,
views_mms1b_d6rall,itw,unseen,0.95919,0.11760,0.30629,,0.27197,0.32950,0.10517,0.12961,,,,,0,real source,itw,1250,1250,
views_mms1b_d6rall,itw,unseen,0.87151,0.21510,0.57918,,0.50361,0.61394,0.19095,0.24241,,,,,0,unseen op,room,492,461,
views_mms1b_d6rall,itw,unseen,0.97389,0.09141,0.23819,,0.17773,0.26821,0.07266,0.10906,,,,,0,unseen op,codec,455,453,
views_mms1b_d6rall,itw,unseen,0.94203,0.14819,0.36769,,0.28814,0.42716,0.11888,0.18169,,,,,0,unseen op,tandem,231,248,
views_mms1b_d6rall,itw,unseen,0.98528,0.06617,0.15862,,0.09938,0.20611,0.04207,0.08838,,,,,0,unseen op,packet_loss,239,260,
views_mms1b_d6rall,itw,unseen,0.98359,0.08448,0.19783,,0.14229,0.23388,0.06089,0.10414,,,,,0,unseen op,agc,248,261,
views_mms1b_d6rall,itw,unseen,0.98526,0.07690,0.18034,,0.06439,0.23170,0.02936,0.12462,,,,,0,unseen op,codec_ac3,55,74,
views_mms1b_d6rall,itw,unseen,0.93834,0.12404,0.31854,,0.18008,0.42932,0.07733,0.18606,,,,,0,unseen op,codec_amrnb,65,64,
views_mms1b_d6rall,itw,unseen,0.97016,0.09839,0.21475,,0.09278,0.31659,0.04919,0.14758,,,,,0,unseen op,codec_g723_1,62,60,
views_mms1b_d6rall,itw,unseen,0.98160,0.08063,0.18961,,0.05714,0.25987,0.03615,0.13176,,,,,0,unseen op,codec_mp2,77,60,
views_mms1b_d6rall,itw,unseen,0.98445,0.09151,0.15755,,0.06579,0.21085,0.04246,0.14715,,,,,0,unseen op,codec_real_144,76,66,
views_mms1b_d6rall,itw,unseen,0.98912,0.06806,0.14048,,0.04744,0.20714,0.02069,0.11389,,,,,0,unseen op,codec_vorbis,60,72,
views_mms1b_d6rall,itw,unseen,0.98392,0.06842,0.16704,,0.03325,0.24060,0.01711,0.13684,,,,,0,unseen op,codec_wmav2,60,57,
views_mms1b_d6rall,itw,device,0.99563,0.03760,0.08983,,0.07120,0.10435,0.02999,0.04400,,,,,0,generator,itw_fake,1250,1250,
views_mms1b_d6rall,itw,device,0.99563,0.03760,0.08983,,0.06989,0.10755,0.02920,0.04480,,,,,0,real source,itw,1250,1250,
views_xlsr1b_d6rall,holdout,clean,1.00000,0.00000,0.00000,,0.00000,0.00000,0.00000,0.00000,,,,,0,generator,diffgan_tts,1275,84,
views_xlsr1b_d6rall,holdout,clean,1.00000,0.00000,0.00000,,0.00000,0.00000,0.00000,0.00000,,,,,0,generator,elevenlabs,1275,143,
views_xlsr1b_d6rall,holdout,clean,1.00000,0.00000,0.00000,,0.00000,0.00000,0.00000,0.00000,,,,,0,generator,grad_tts,1275,84,
views_xlsr1b_d6rall,holdout,clean,1.00000,0.00000,0.00000,,0.00000,0.00000,0.00000,0.00000,,,,,0,generator,openvoicev2,1275,154,
views_xlsr1b_d6rall,holdout,clean,1.00000,0.00000,0.00000,,0.00000,0.00000,0.00000,0.00000,,,,,0,generator,playht,1275,145,
views_xlsr1b_d6rall,holdout,clean,1.00000,0.00000,0.00000,,0.00000,0.00000,0.00000,0.00000,,,,,0,generator,pro_diff,1275,84,
views_xlsr1b_d6rall,holdout,clean,1.00000,0.00000,0.00000,,0.00000,0.00000,0.00000,0.00000,,,,,0,generator,unit_speech,1275,152,
views_xlsr1b_d6rall,holdout,clean,1.00000,0.00000,0.00000,,0.00000,0.00000,0.00000,0.00000,,,,,0,generator,wavegrad2,1275,84,
views_xlsr1b_d6rall,holdout,clean,1.00000,0.00000,0.00000,,0.00000,0.00000,0.00000,0.00000,,,,,0,generator,xtts_v2,1275,152,
views_xlsr1b_d6rall,holdout,clean,1.00000,0.00000,0.00000,,0.00000,0.00000,0.00000,0.00000,,,,,0,generator,your_tts,1275,145,
views_xlsr1b_d6rall,holdout,clean,1.00000,0.00000,0.00000,,0.00000,0.00000,0.00000,0.00000,,,,,0,real source,real_extra,358,1227,
views_xlsr1b_d6rall,holdout,clean,1.00000,0.00000,0.00000,,0.00000,0.00000,0.00000,0.00000,,,,,0,real source,real_libri,160,1227,
views_xlsr1b_d6rall,holdout,clean,1.00000,0.00000,0.00000,,0.00000,0.00000,0.00000,0.00000,,,,,0,real source,real_lj,757,1227,
views_xlsr1b_d6rall,holdout,clean,1.00000,0.00000,0.00000,,0.00000,0.00000,0.00000,0.00000,,,,,0,duration,2-3 s,92,12,
views_xlsr1b_d6rall,holdout,clean,1.00000,0.00000,0.00000,,0.00000,0.00000,0.00000,0.00000,,,,,0,duration,3-4 s,982,973,
views_xlsr1b_d6rall,holdout,clean,1.00000,0.00000,0.00000,,0.00000,0.00000,0.00000,0.00000,,,,,0,duration,4-6 s,151,219,
views_xlsr1b_d6rall,holdout,clean,1.00000,0.00000,0.00000,,0.00000,0.00000,0.00000,0.00000,,,,,0,duration,>6 s,14,23,
views_xlsr1b_d6rall,holdout,aug,0.99879,0.02249,0.03608,,0.00471,0.04241,0.00235,0.03911,,,,,0,generator,diffgan_tts,1275,84,
views_xlsr1b_d6rall,holdout,aug,0.98921,0.05582,0.12314,,0.07415,0.13860,0.04255,0.06948,,,,,0,generator,elevenlabs,1275,143,
views_xlsr1b_d6rall,holdout,aug,0.99449,0.04930,0.09021,,0.04700,0.12549,0.02367,0.06872,,,,,0,generator,grad_tts,1275,84,
views_xlsr1b_d6rall,holdout,aug,0.99887,0.01954,0.03294,,0.01253,0.03953,0.00756,0.02882,,,,,0,generator,openvoicev2,1275,154,
views_xlsr1b_d6rall,holdout,aug,0.99566,0.04108,0.07378,,0.04084,0.08471,0.02752,0.05229,,,,,0,generator,playht,1275,145,
views_xlsr1b_d6rall,holdout,aug,0.99961,0.00948,0.00706,,0.00235,0.01255,0.00118,0.01184,,,,,0,generator,pro_diff,1275,84,
views_xlsr1b_d6rall,holdout,aug,0.99781,0.02649,0.05020,,0.02902,0.06099,0.01439,0.03974,,,,,0,generator,unit_speech,1275,152,
views_xlsr1b_d6rall,holdout,aug,0.99862,0.01183,0.02747,,0.00314,0.07148,0.00157,0.03655,,,,,0,generator,wavegrad2,1275,84,
views_xlsr1b_d6rall,holdout,aug,0.99724,0.02767,0.04863,,0.02975,0.05882,0.01927,0.03896,,,,,0,generator,xtts_v2,1275,152,
views_xlsr1b_d6rall,holdout,aug,0.99889,0.02172,0.04314,,0.01257,0.05412,0.00698,0.03913,,,,,0,generator,your_tts,1275,145,
views_xlsr1b_d6rall,holdout,aug,0.99394,0.04738,0.10755,,0.07542,0.13136,0.03609,0.05871,,,,,0,real source,real_extra,358,1227,
views_xlsr1b_d6rall,holdout,aug,0.99705,0.03192,0.07647,,0.04725,0.10290,0.02472,0.04705,,,,,0,real source,real_libri,160,1227,
views_xlsr1b_d6rall,holdout,aug,0.99804,0.02223,0.05368,,0.03510,0.06622,0.01567,0.03053,,,,,0,real source,real_lj,757,1227,
views_xlsr1b_d6rall,holdout,aug,0.99778,0.02832,0.05891,,0.03255,0.07996,0.01752,0.03916,,,,,0,channel,codec,381,360,
views_xlsr1b_d6rall,holdout,aug,0.99685,0.03210,0.07326,,0.02210,0.10606,0.01172,0.06799,,,,,0,channel,telephony,132,118,
views_xlsr1b_d6rall,holdout,aug,0.99892,0.02206,0.03481,,0.00746,0.05970,0.00726,0.04775,,,,,0,channel,bandlimit,134,138,
views_xlsr1b_d6rall,holdout,aug,0.99994,0.00755,0.00741,,0.00000,0.02222,0.00000,0.01895,,,,,0,channel,resample,135,130,
views_xlsr1b_d6rall,holdout,aug,0.99967,0.00797,0.01176,,0.00000,0.02265,0.00000,0.01594,,,,,0,channel,tilt,255,247,
views_xlsr1b_d6rall,holdout,aug,0.99721,0.03347,0.06441,,0.03524,0.08837,0.01877,0.04811,,,,,0,channel,noise,240,238,
views_xlsr1b_d6rall,holdout,aug,0.99967,0.01496,0.02069,,0.00000,0.03448,0.00000,0.02590,,,,,0,channel,hum,145,124,
views_xlsr1b_d6rall,holdout,aug,0.92875,0.15764,0.34791,,0.27002,0.41219,0.12555,0.19959,,,,,0,channel,reverb,202,204,
views_xlsr1b_d6rall,holdout,aug,1.00000,0.00000,0.00000,,0.00000,0.00000,0.00000,0.00000,,,,,0,channel,clipping,75,62,
views_xlsr1b_d6rall,holdout,aug,0.99697,0.01951,0.03636,,0.00000,0.07273,0.00000,0.05875,,,,,0,channel,codec_aac,55,48,
views_xlsr1b_d6rall,holdout,aug,0.99856,0.03102,0.03030,,0.00000,0.06061,0.00000,0.06205,,,,,0,channel,codec_g711,66,63,
views_xlsr1b_d6rall,holdout,aug,0.99830,0.03373,0.04762,,0.00000,0.07937,0.00000,0.06746,,,,,0,channel,codec_g722,63,56,
views_xlsr1b_d6rall,holdout,aug,1.00000,0.00000,0.00000,,0.00000,0.00000,0.00000,0.00000,,,,,0,channel,codec_g726,66,67,
views_xlsr1b_d6rall,holdout,aug,0.99946,0.01641,0.01587,,0.00000,0.04762,0.00000,0.04923,,,,,0,channel,codec_mp3,63,59,
views_xlsr1b_d6rall,holdout,aug,0.99539,0.04445,0.09146,,0.01434,0.15734,0.00728,0.08143,,,,,0,channel,codec_opus,68,67,
views_xlsr1b_d6rall,holdout,aug,0.99649,0.03421,0.06366,,0.00000,0.12292,0.00000,0.07677,,,,,0,channel,noise_babble,57,60,
views_xlsr1b_d6rall,holdout,aug,0.99950,0.01576,0.01613,,0.00000,0.03226,0.00000,0.03921,,,,,0,channel,noise_brown,62,65,
views_xlsr1b_d6rall,holdout,aug,0.99826,0.01580,0.04350,,0.00000,0.08699,0.00000,0.04757,,,,,0,channel,noise_pink,67,60,
views_xlsr1b_d6rall,holdout,aug,0.99406,0.05608,0.09259,,0.01852,0.14815,0.00943,0.09347,,,,,0,channel,noise_white,54,53,
views_xlsr1b_d6rall,holdout,aug,0.99094,0.08514,0.10870,,0.00000,0.15217,0.00000,0.17079,,,,,0,duration,2-3 s,92,12,
views_xlsr1b_d6rall,holdout,aug,0.99687,0.03103,0.06719,,0.04821,0.07960,0.02221,0.03881,,,,,0,duration,3-4 s,942,991,
views_xlsr1b_d6rall,holdout,aug,0.99892,0.01590,0.02528,,0.00539,0.04743,0.00247,0.02926,,,,,0,duration,4-6 s,181,197,
views_xlsr1b_d6rall,holdout,aug,0.99537,0.03935,0.08333,,0.00000,0.12698,0.00000,0.11806,,,,,0,duration,>6 s,24,27,
views_xlsr1b_d6rall,holdout,unseen,0.99144,0.04930,0.05725,,0.04312,0.06902,0.02989,0.06591,,,,,0,generator,diffgan_tts,1275,84,
views_xlsr1b_d6rall,holdout,unseen,0.95373,0.11983,0.31361,,0.22080,0.37131,0.09475,0.15734,,,,,0,generator,elevenlabs,1275,143,
views_xlsr1b_d6rall,holdout,unseen,0.98802,0.04773,0.08944,,0.04233,0.15384,0.03149,0.06357,,,,,0,generator,grad_tts,1275,84,
views_xlsr1b_d6rall,holdout,unseen,0.99379,0.03870,0.09080,,0.05188,0.12439,0.02391,0.05748,,,,,0,generator,openvoicev2,1275,154,
views_xlsr1b_d6rall,holdout,unseen,0.98531,0.06358,0.13284,,0.08471,0.15801,0.04963,0.08139,,,,,0,generator,playht,1275,145,
views_xlsr1b_d6rall,holdout,unseen,0.99600,0.03354,0.05020,,0.02431,0.05961,0.01651,0.04499,,,,,0,generator,pro_diff,1275,84,
views_xlsr1b_d6rall,holdout,unseen,0.99084,0.04616,0.10707,,0.06379,0.14153,0.03276,0.06584,,,,,0,generator,unit_speech,1275,152,
views_xlsr1b_d6rall,holdout,unseen,0.99343,0.03825,0.05882,,0.03765,0.07137,0.02483,0.05527,,,,,0,generator,wavegrad2,1275,84,
views_xlsr1b_d6rall,holdout,unseen,0.99248,0.04538,0.07245,,0.05020,0.09662,0.02921,0.05825,,,,,0,generator,xtts_v2,1275,152,
views_xlsr1b_d6rall,holdout,unseen,0.99546,0.02909,0.06521,,0.02976,0.08079,0.02093,0.04153,,,,,0,generator,your_tts,1275,145,
views_xlsr1b_d6rall,holdout,unseen,0.98109,0.07904,0.17181,,0.12848,0.19699,0.06088,0.09054,,,,,0,real source,real_extra,358,1227,
views_xlsr1b_d6rall,holdout,unseen,0.97668,0.08137,0.17883,,0.12510,0.22198,0.05663,0.10610,,,,,0,real source,real_libri,160,1227,
views_xlsr1b_d6rall,holdout,unseen,0.99258,0.03429,0.08993,,0.06506,0.10617,0.02518,0.04127,,,,,0,real source,real_lj,757,1227,
views_xlsr1b_d6rall,holdout,unseen,0.96002,0.09492,0.23992,,0.19116,0.28450,0.07766,0.11553,,,,,0,unseen op,room,472,455,
views_xlsr1b_d6rall,holdout,unseen,0.98924,0.05286,0.11732,,0.08112,0.14820,0.03732,0.06424,,,,,0,unseen op,codec,513,452,
views_xlsr1b_d6rall,holdout,unseen,0.98551,0.06954,0.16179,,0.09794,0.20611,0.04490,0.09408,,,,,0,unseen op,tandem,241,248,
views_xlsr1b_d6rall,holdout,unseen,0.99624,0.02922,0.06935,,0.03766,0.09220,0.01747,0.04669,,,,,0,unseen op,packet_loss,236,278,
views_xlsr1b_d6rall,holdout,unseen,0.99247,0.04050,0.08677,,0.04744,0.12384,0.02330,0.05760,,,,,0,unseen op,agc,246,223,
views_xlsr1b_d6rall,holdout,unseen,0.99932,0.01310,0.03598,,0.00000,0.06102,0.00000,0.03945,,,,,0,unseen op,codec_ac3,80,73,
views_xlsr1b_d6rall,holdout,unseen,0.97563,0.07248,0.18625,,0.07341,0.24520,0.04349,0.14496,,,,,0,unseen op,codec_amrnb,68,70,
views_xlsr1b_d6rall,holdout,unseen,0.98001,0.06261,0.17057,,0.07407,0.22001,0.03439,0.12537,,,,,0,unseen op,codec_g723_1,81,63,
views_xlsr1b_d6rall,holdout,unseen,0.99510,0.03137,0.07269,,0.00000,0.13067,0.00000,0.07012,,,,,0,unseen op,codec_mp2,68,60,
views_xlsr1b_d6rall,holdout,unseen,0.98532,0.06671,0.15389,,0.03890,0.22899,0.01967,0.10690,,,,,0,unseen op,codec_real_144,77,73,
views_xlsr1b_d6rall,holdout,unseen,0.99918,0.01431,0.02559,,0.00000,0.06870,0.00000,0.04979,,,,,0,unseen op,codec_vorbis,73,67,
views_xlsr1b_d6rall,holdout,unseen,0.99341,0.02602,0.06757,,0.00000,0.15047,0.00000,0.07397,,,,,0,unseen op,codec_wmav2,66,46,
views_xlsr1b_d6rall,holdout,device,1.00000,0.00000,0.00000,,0.00000,0.00000,0.00000,0.00000,,,,,0,generator,diffgan_tts,1275,84,
views_xlsr1b_d6rall,holdout,device,0.99997,0.00039,0.00078,,0.00000,0.00237,0.00000,0.00119,,,,,0,generator,elevenlabs,1275,143,
views_xlsr1b_d6rall,holdout,device,0.99998,0.00039,0.00078,,0.00000,0.00235,0.00000,0.00118,,,,,0,generator,grad_tts,1275,84,
views_xlsr1b_d6rall,holdout,device,1.00000,0.00000,0.00000,,0.00000,0.00000,0.00000,0.00000,,,,,0,generator,openvoicev2,1275,154,
views_xlsr1b_d6rall,holdout,device,0.99994,0.00698,0.00941,,0.00000,0.01182,0.00000,0.01318,,,,,0,generator,playht,1275,145,
views_xlsr1b_d6rall,holdout,device,1.00000,0.00000,0.00000,,0.00000,0.00000,0.00000,0.00000,,,,,0,generator,pro_diff,1275,84,
views_xlsr1b_d6rall,holdout,device,1.00000,0.00000,0.00000,,0.00000,0.00000,0.00000,0.00000,,,,,0,generator,unit_speech,1275,152,
views_xlsr1b_d6rall,holdout,device,0.99998,0.00078,0.00157,,0.00000,0.00394,0.00000,0.00197,,,,,0,generator,wavegrad2,1275,84,
views_xlsr1b_d6rall,holdout,device,1.00000,0.00000,0.00000,,0.00000,0.00000,0.00000,0.00000,,,,,0,generator,xtts_v2,1275,152,
views_xlsr1b_d6rall,holdout,device,1.00000,0.00000,0.00000,,0.00000,0.00000,0.00000,0.00000,,,,,0,generator,your_tts,1275,145,
views_xlsr1b_d6rall,holdout,device,0.99996,0.00262,0.00559,,0.00000,0.01257,0.00000,0.00827,,,,,0,real source,real_extra,358,1227,
views_xlsr1b_d6rall,holdout,device,0.99999,0.00041,0.00140,,0.00000,0.00419,0.00000,0.00122,,,,,0,real source,real_libri,160,1227,
views_xlsr1b_d6rall,holdout,device,1.00000,0.00107,0.00140,,0.00000,0.00396,0.00000,0.00254,,,,,0,real source,real_lj,757,1227,
views_xlsr1b_d6rall,itw,clean,0.99879,0.01600,0.03966,,0.02456,0.04986,0.01039,0.02160,,,,,0,generator,itw_fake,1250,1250,
views_xlsr1b_d6rall,itw,clean,0.99879,0.01600,0.03966,,0.02593,0.05020,0.01119,0.02280,,,,,0,real source,itw,1250,1250,
views_xlsr1b_d6rall,itw,clean,0.98987,0.06482,0.14244,,0.08444,0.16934,0.03913,0.08440,,,,,0,duration,<2 s,370,247,
views_xlsr1b_d6rall,itw,clean,0.99922,0.00549,0.01413,,0.00000,0.03366,0.00000,0.01703,,,,,0,duration,2-3 s,304,227,
views_xlsr1b_d6rall,itw,clean,0.99996,0.00346,0.00650,,0.00000,0.01183,0.00000,0.00668,,,,,0,duration,3-4 s,507,672,
views_xlsr1b_d6rall,itw,clean,1.00000,0.00000,0.00000,,0.00000,0.00000,0.00000,0.00000,,,,,0,duration,4-6 s,62,101,
views_xlsr1b_d6rall,itw,aug,0.99111,0.05360,0.14080,,0.11770,0.15269,0.04560,0.06241,,,,,0,generator,itw_fake,1250,1250,
views_xlsr1b_d6rall,itw,aug,0.99111,0.05360,0.14080,,0.11176,0.15191,0.04479,0.06162,,,,,0,real source,itw,1250,1250,
views_xlsr1b_d6rall,itw,aug,0.99488,0.03403,0.08612,,0.04543,0.10806,0.02312,0.04639,,,,,0,channel,codec,350,385,
views_xlsr1b_d6rall,itw,aug,0.98592,0.06498,0.15371,,0.07826,0.21894,0.03248,0.09758,,,,,0,channel,telephony,138,139,
views_xlsr1b_d6rall,itw,aug,0.99261,0.04356,0.09876,,0.03382,0.15431,0.01791,0.06881,,,,,0,channel,bandlimit,144,132,
views_xlsr1b_d6rall,itw,aug,0.99646,0.03636,0.08619,,0.03408,0.11679,0.01455,0.05818,,,,,0,channel,resample,137,138,
views_xlsr1b_d6rall,itw,aug,0.99652,0.02677,0.06836,,0.02830,0.09426,0.01239,0.04329,,,,,0,channel,tilt,232,253,
views_xlsr1b_d6rall,itw,aug,0.99249,0.05274,0.11745,,0.07324,0.15865,0.03246,0.06897,,,,,0,channel,noise,249,244,
views_xlsr1b_d6rall,itw,aug,0.99495,0.03603,0.09912,,0.03863,0.14164,0.01612,0.06459,,,,,0,channel,hum,117,132,
views_xlsr1b_d6rall,itw,aug,0.90893,0.17953,0.42175,,0.33781,0.48127,0.14995,0.22773,,,,,0,channel,reverb,205,168,
views_xlsr1b_d6rall,itw,aug,0.99368,0.03324,0.06122,,0.00000,0.12245,0.00000,0.07418,,,,,0,channel,clipping,65,56,
views_xlsr1b_d6rall,itw,aug,0.98541,0.05955,0.10938,,0.03125,0.17333,0.02506,0.12873,,,,,0,channel,codec_aac,64,53,
views_xlsr1b_d6rall,itw,aug,0.99060,0.05310,0.11278,,0.02256,0.15789,0.01299,0.07754,,,,,0,channel,codec_g711,56,76,
views_xlsr1b_d6rall,itw,aug,0.99833,0.03334,0.03390,,0.00000,0.08475,0.00000,0.06669,,,,,0,channel,codec_g722,59,61,
views_xlsr1b_d6rall,itw,aug,0.99766,0.02292,0.06250,,0.00000,0.10537,0.00000,0.06885,,,,,0,channel,codec_g726,48,80,
views_xlsr1b_d6rall,itw,aug,0.99298,0.05132,0.09023,,0.00000,0.15697,0.00000,0.10263,,,,,0,channel,codec_mp3,60,57,
views_xlsr1b_d6rall,itw,aug,0.99891,0.01656,0.01587,,0.00000,0.04762,0.00000,0.04967,,,,,0,channel,codec_opus,63,58,
views_xlsr1b_d6rall,itw,aug,0.97699,0.07945,0.19821,,0.07522,0.29306,0.03562,0.15069,,,,,0,channel,noise_babble,52,61,
views_xlsr1b_d6rall,itw,aug,0.99822,0.03308,0.03390,,0.00000,0.08475,0.00000,0.06637,,,,,0,channel,noise_brown,59,62,
views_xlsr1b_d6rall,itw,aug,0.99152,0.07015,0.08108,,0.02703,0.15706,0.01585,0.10860,,,,,0,channel,noise_pink,74,55,
views_xlsr1b_d6rall,itw,aug,1.00000,0.00000,0.00000,,0.00000,0.00000,0.00000,0.00000,,,,,0,channel,noise_white,64,66,
views_xlsr1b_d6rall,itw,aug,0.97161,0.10533,0.24975,,0.17894,0.28409,0.07424,0.13302,,,,,0,duration,<2 s,370,247,
views_xlsr1b_d6rall,itw,aug,0.99327,0.04505,0.10355,,0.05783,0.13517,0.03018,0.06593,,,,,0,duration,2-3 s,304,227,
views_xlsr1b_d6rall,itw,aug,0.99595,0.03824,0.08323,,0.05701,0.10542,0.02608,0.05041,,,,,0,duration,3-4 s,496,655,
views_xlsr1b_d6rall,itw,aug,0.99514,0.02733,0.05857,,0.01370,0.09966,0.00903,0.05697,,,,,0,duration,4-6 s,73,110,
views_xlsr1b_d6rall,itw,unseen,0.96239,0.11280,0.29486,,0.25876,0.31760,0.10079,0.12447,,,,,0,generator,itw_fake,1250,1250,
views_xlsr1b_d6rall,itw,unseen,0.96239,0.11280,0.29486,,0.25941,0.32023,0.10000,0.12641,,,,,0,real source,itw,1250,1250,
views_xlsr1b_d6rall,itw,unseen,0.85255,0.22560,0.58689,,0.51574,0.62639,0.20249,0.25403,,,,,0,unseen op,room,492,461,
views_xlsr1b_d6rall,itw,unseen,0.98010,0.08811,0.21793,,0.16125,0.24453,0.06935,0.10465,,,,,0,unseen op,codec,455,453,
views_xlsr1b_d6rall,itw,unseen,0.96093,0.12527,0.27426,,0.20315,0.33335,0.08563,0.15040,,,,,0,unseen op,tandem,231,248,
views_xlsr1b_d6rall,itw,unseen,0.98528,0.05813,0.15089,,0.09213,0.20454,0.03806,0.08608,,,,,0,unseen op,packet_loss,239,260,
views_xlsr1b_d6rall,itw,unseen,0.98630,0.06483,0.14171,,0.09628,0.18518,0.04526,0.08640,,,,,0,unseen op,agc,248,261,
views_xlsr1b_d6rall,itw,unseen,0.98870,0.07015,0.16364,,0.05455,0.21852,0.03147,0.11536,,,,,0,unseen op,codec_ac3,55,74,
views_xlsr1b_d6rall,itw,unseen,0.96106,0.12404,0.30371,,0.15709,0.36815,0.07733,0.18625,,,,,0,unseen op,codec_amrnb,65,64,
views_xlsr1b_d6rall,itw,unseen,0.97043,0.09839,0.21106,,0.10531,0.33803,0.04919,0.16372,,,,,0,unseen op,codec_g723_1,62,60,
views_xlsr1b_d6rall,itw,unseen,0.97965,0.06580,0.15584,,0.04149,0.24156,0.01483,0.10195,,,,,0,unseen op,codec_mp2,77,60,
views_xlsr1b_d6rall,itw,unseen,0.98854,0.06320,0.13090,,0.05229,0.20918,0.02831,0.10569,,,,,0,unseen op,codec_real_144,76,66,
views_xlsr1b_d6rall,itw,unseen,0.99190,0.05278,0.11190,,0.02363,0.17631,0.01524,0.09184,,,,,0,unseen op,codec_vorbis,60,72,
views_xlsr1b_d6rall,itw,unseen,0.98509,0.08553,0.16341,,0.04958,0.24067,0.02544,0.13684,,,,,0,unseen op,codec_wmav2,60,57,
views_xlsr1b_d6rall,itw,device,0.99706,0.02560,0.06629,,0.04775,0.07931,0.01840,0.03201,,,,,0,generator,itw_fake,1250,1250,
views_xlsr1b_d6rall,itw,device,0.99706,0.02560,0.06629,,0.04937,0.08370,0.01959,0.03281,,,,,0,real source,itw,1250,1250,
views_xlsr2b_d6rall,holdout,clean,1.00000,0.00000,0.00000,,0.00000,0.00000,0.00000,0.00000,,,,,0,generator,diffgan_tts,1275,84,
views_xlsr2b_d6rall,holdout,clean,1.00000,0.00000,0.00000,,0.00000,0.00000,0.00000,0.00000,,,,,0,generator,elevenlabs,1275,143,
views_xlsr2b_d6rall,holdout,clean,0.99999,0.00039,0.00078,,0.00000,0.00235,0.00000,0.00118,,,,,0,generator,grad_tts,1275,84,
views_xlsr2b_d6rall,holdout,clean,1.00000,0.00000,0.00000,,0.00000,0.00000,0.00000,0.00000,,,,,0,generator,openvoicev2,1275,154,
views_xlsr2b_d6rall,holdout,clean,1.00000,0.00000,0.00000,,0.00000,0.00000,0.00000,0.00000,,,,,0,generator,playht,1275,145,
views_xlsr2b_d6rall,holdout,clean,1.00000,0.00000,0.00000,,0.00000,0.00000,0.00000,0.00000,,,,,0,generator,pro_diff,1275,84,
views_xlsr2b_d6rall,holdout,clean,1.00000,0.00000,0.00000,,0.00000,0.00000,0.00000,0.00000,,,,,0,generator,unit_speech,1275,152,
views_xlsr2b_d6rall,holdout,clean,1.00000,0.00000,0.00000,,0.00000,0.00000,0.00000,0.00000,,,,,0,generator,wavegrad2,1275,84,
views_xlsr2b_d6rall,holdout,clean,1.00000,0.00000,0.00000,,0.00000,0.00000,0.00000,0.00000,,,,,0,generator,xtts_v2,1275,152,
views_xlsr2b_d6rall,holdout,clean,1.00000,0.00000,0.00000,,0.00000,0.00000,0.00000,0.00000,,,,,0,generator,your_tts,1275,145,
views_xlsr2b_d6rall,holdout,clean,1.00000,0.00000,0.00000,,0.00000,0.00000,0.00000,0.00000,,,,,0,real source,real_extra,358,1227,
views_xlsr2b_d6rall,holdout,clean,0.99999,0.00041,0.00140,,0.00000,0.00419,0.00000,0.00122,,,,,0,real source,real_libri,160,1227,
views_xlsr2b_d6rall,holdout,clean,1.00000,0.00000,0.00000,,0.00000,0.00000,0.00000,0.00000,,,,,0,real source,real_lj,757,1227,
views_xlsr2b_d6rall,holdout,clean,1.00000,0.00000,0.00000,,0.00000,0.00000,0.00000,0.00000,,,,,0,duration,2-3 s,92,12,
views_xlsr2b_d6rall,holdout,clean,1.00000,0.00102,0.00102,,0.00000,0.00204,0.00000,0.00206,,,,,0,duration,3-4 s,982,973,
views_xlsr2b_d6rall,holdout,clean,1.00000,0.00000,0.00000,,0.00000,0.00000,0.00000,0.00000,,,,,0,duration,4-6 s,151,219,
views_xlsr2b_d6rall,holdout,clean,1.00000,0.00000,0.00000,,0.00000,0.00000,0.00000,0.00000,,,,,0,duration,>6 s,14,23,
views_xlsr2b_d6rall,holdout,aug,0.99860,0.02289,0.02275,,0.01020,0.03137,0.00744,0.03081,,,,,0,generator,diffgan_tts,1275,84,
views_xlsr2b_d6rall,holdout,aug,0.99032,0.05582,0.11227,,0.07079,0.13857,0.04332,0.07144,,,,,0,generator,elevenlabs,1275,143,
views_xlsr2b_d6rall,holdout,aug,0.99662,0.03394,0.05804,,0.01333,0.06902,0.01183,0.05761,,,,,0,generator,grad_tts,1275,84,
views_xlsr2b_d6rall,holdout,aug,0.99894,0.01954,0.04344,,0.01090,0.05733,0.00637,0.03270,,,,,0,generator,openvoicev2,1275,154,
views_xlsr2b_d6rall,holdout,aug,0.99274,0.05504,0.10745,,0.07772,0.11924,0.03723,0.07245,,,,,0,generator,playht,1275,145,
views_xlsr2b_d6rall,holdout,aug,0.99980,0.00157,0.00314,,0.00000,0.00551,0.00000,0.00275,,,,,0,generator,pro_diff,1275,84,
views_xlsr2b_d6rall,holdout,aug,0.99738,0.02649,0.06629,,0.02618,0.07690,0.01403,0.04616,,,,,0,generator,unit_speech,1275,152,
views_xlsr2b_d6rall,holdout,aug,0.99786,0.02367,0.04631,,0.00157,0.09652,0.00078,0.05564,,,,,0,generator,wavegrad2,1275,84,
views_xlsr2b_d6rall,holdout,aug,0.99628,0.03934,0.07373,,0.04186,0.08629,0.02006,0.05673,,,,,0,generator,xtts_v2,1275,152,
views_xlsr2b_d6rall,holdout,aug,0.99819,0.02133,0.05659,,0.02039,0.07455,0.01354,0.04108,,,,,0,generator,your_tts,1275,145,
views_xlsr2b_d6rall,holdout,aug,0.99503,0.04214,0.10336,,0.07123,0.12293,0.03085,0.05384,,,,,0,real source,real_extra,358,1227,
views_xlsr2b_d6rall,holdout,aug,0.99398,0.04388,0.10640,,0.06386,0.12693,0.02635,0.05624,,,,,0,real source,real_libri,160,1227,
views_xlsr2b_d6rall,holdout,aug,0.99755,0.03027,0.07014,,0.05164,0.08911,0.02264,0.03873,,,,,0,real source,real_lj,757,1227,
views_xlsr2b_d6rall,holdout,aug,0.99713,0.03103,0.05891,,0.03363,0.07964,0.01617,0.04190,,,,,0,channel,codec,381,360,
views_xlsr2b_d6rall,holdout,aug,0.99711,0.03210,0.08084,,0.02191,0.10929,0.01181,0.05627,,,,,0,channel,telephony,132,118,
views_xlsr2b_d6rall,holdout,aug,1.00000,0.00000,0.00000,,0.00000,0.00000,0.00000,0.00000,,,,,0,channel,bandlimit,134,138,
views_xlsr2b_d6rall,holdout,aug,0.99972,0.00755,0.00741,,0.00000,0.02222,0.00000,0.02265,,,,,0,channel,resample,135,130,
views_xlsr2b_d6rall,holdout,aug,0.99948,0.01196,0.02745,,0.00694,0.04135,0.00399,0.02598,,,,,0,channel,tilt,255,247,
views_xlsr2b_d6rall,holdout,aug,0.99661,0.02511,0.06101,,0.02497,0.08638,0.01255,0.03974,,,,,0,channel,noise,240,238,
views_xlsr2b_d6rall,holdout,aug,0.99944,0.01496,0.02762,,0.00000,0.04164,0.00000,0.02992,,,,,0,channel,hum,145,124,
views_xlsr2b_d6rall,holdout,aug,0.91223,0.18720,0.45923,,0.35615,0.50838,0.14779,0.22168,,,,,0,channel,reverb,202,204,
views_xlsr2b_d6rall,holdout,aug,1.00000,0.00000,0.00000,,0.00000,0.00000,0.00000,0.00000,,,,,0,channel,clipping,75,62,
views_xlsr2b_d6rall,holdout,aug,0.99470,0.03902,0.07208,,0.00000,0.16174,0.00000,0.07826,,,,,0,channel,codec_aac,55,48,
views_xlsr2b_d6rall,holdout,aug,0.99952,0.01551,0.01515,,0.00000,0.04545,0.00000,0.03915,,,,,0,channel,codec_g711,66,63,
views_xlsr2b_d6rall,holdout,aug,0.99915,0.01687,0.03061,,0.00000,0.06349,0.00000,0.05060,,,,,0,channel,codec_g722,63,56,
views_xlsr2b_d6rall,holdout,aug,1.00000,0.00000,0.00000,,0.00000,0.00000,0.00000,0.00000,,,,,0,channel,codec_g726,66,67,
views_xlsr2b_d6rall,holdout,aug,0.99946,0.01641,0.01587,,0.00000,0.04762,0.00000,0.04943,,,,,0,channel,codec_mp3,63,59,
views_xlsr2b_d6rall,holdout,aug,0.99089,0.05926,0.07353,,0.01471,0.11765,0.01452,0.09625,,,,,0,channel,codec_opus,68,67,
views_xlsr2b_d6rall,holdout,aug,0.99912,0.01711,0.02857,,0.00000,0.05747,0.00000,0.05132,,,,,0,channel,noise_babble,57,60,
views_xlsr2b_d6rall,holdout,aug,0.99975,0.01576,0.01613,,0.00000,0.03226,0.00000,0.03151,,,,,0,channel,noise_brown,62,65,
views_xlsr2b_d6rall,holdout,aug,0.99950,0.01580,0.01493,,0.00000,0.04478,0.00000,0.03993,,,,,0,channel,noise_pink,67,60,
views_xlsr2b_d6rall,holdout,aug,0.98567,0.07477,0.11111,,0.03235,0.17592,0.01869,0.12142,,,,,0,channel,noise_white,54,53,
views_xlsr2b_d6rall,holdout,aug,0.99547,0.06884,0.05435,,0.00000,0.09783,0.00000,0.08514,,,,,0,duration,2-3 s,92,12,
views_xlsr2b_d6rall,holdout,aug,0.99612,0.03828,0.08886,,0.06557,0.10333,0.02846,0.04659,,,,,0,duration,3-4 s,942,991,
views_xlsr2b_d6rall,holdout,aug,0.99829,0.01590,0.04268,,0.00552,0.06798,0.00524,0.03462,,,,,0,duration,4-6 s,181,197,
views_xlsr2b_d6rall,holdout,aug,0.99691,0.03935,0.04167,,0.00000,0.08333,0.00000,0.09722,,,,,0,duration,>6 s,24,27,
views_xlsr2b_d6rall,holdout,unseen,0.98752,0.05682,0.13575,,0.05807,0.21820,0.02483,0.10690,,,,,0,generator,diffgan_tts,1275,84,
views_xlsr2b_d6rall,holdout,unseen,0.95211,0.14013,0.30128,,0.22512,0.37054,0.10577,0.16084,,,,,0,generator,elevenlabs,1275,143,
views_xlsr2b_d6rall,holdout,unseen,0.98336,0.05800,0.13810,,0.06666,0.17647,0.04020,0.09469,,,,,0,generator,grad_tts,1275,84,
views_xlsr2b_d6rall,holdout,unseen,0.99459,0.04586,0.08643,,0.05894,0.10514,0.02593,0.06502,,,,,0,generator,openvoicev2,1275,154,
views_xlsr2b_d6rall,holdout,unseen,0.97592,0.09651,0.20578,,0.14426,0.24458,0.06938,0.11903,,,,,0,generator,playht,1275,145,
views_xlsr2b_d6rall,holdout,unseen,0.99638,0.02445,0.06591,,0.01412,0.09971,0.01182,0.05957,,,,,0,generator,pro_diff,1275,84,
views_xlsr2b_d6rall,holdout,unseen,0.98207,0.07987,0.17385,,0.12009,0.21965,0.06541,0.09875,,,,,0,generator,unit_speech,1275,152,
views_xlsr2b_d6rall,holdout,unseen,0.99164,0.03590,0.09024,,0.02902,0.15462,0.01458,0.07184,,,,,0,generator,wavegrad2,1275,84,
views_xlsr2b_d6rall,holdout,unseen,0.98610,0.07187,0.15727,,0.10597,0.18628,0.04656,0.08551,,,,,0,generator,xtts_v2,1275,152,
views_xlsr2b_d6rall,holdout,unseen,0.99324,0.04767,0.09827,,0.05337,0.13134,0.03449,0.06202,,,,,0,generator,your_tts,1275,145,
views_xlsr2b_d6rall,holdout,unseen,0.97996,0.08085,0.19835,,0.15641,0.22772,0.06431,0.09737,,,,,0,real source,real_extra,358,1227,
views_xlsr2b_d6rall,holdout,unseen,0.98299,0.07974,0.18861,,0.12816,0.22937,0.05573,0.09374,,,,,0,real source,real_libri,160,1227,
views_xlsr2b_d6rall,holdout,unseen,0.98501,0.06603,0.17790,,0.14331,0.19942,0.05688,0.08067,,,,,0,real source,real_lj,757,1227,
views_xlsr2b_d6rall,holdout,unseen,0.92680,0.15210,0.40307,,0.34321,0.44807,0.13267,0.18015,,,,,0,unseen op,room,472,455,
views_xlsr2b_d6rall,holdout,unseen,0.98945,0.05495,0.13302,,0.09293,0.16194,0.04246,0.07049,,,,,0,unseen op,codec,513,452,
views_xlsr2b_d6rall,holdout,unseen,0.98498,0.07565,0.17148,,0.11340,0.21849,0.05313,0.09823,,,,,0,unseen op,tandem,241,248,
views_xlsr2b_d6rall,holdout,unseen,0.99509,0.04277,0.10018,,0.04853,0.13102,0.02530,0.06024,,,,,0,unseen op,packet_loss,236,278,
views_xlsr2b_d6rall,holdout,unseen,0.99415,0.04905,0.11982,,0.06963,0.14096,0.02992,0.06615,,,,,0,unseen op,agc,246,223,
views_xlsr2b_d6rall,holdout,unseen,0.99795,0.02620,0.04848,,0.00000,0.10020,0.00000,0.05255,,,,,0,unseen op,codec_ac3,80,73,
views_xlsr2b_d6rall,holdout,unseen,0.96870,0.10147,0.16663,,0.07827,0.23529,0.04349,0.16660,,,,,0,unseen op,codec_amrnb,68,70,
views_xlsr2b_d6rall,holdout,unseen,0.98530,0.07672,0.16553,,0.07383,0.24495,0.03439,0.12522,,,,,0,unseen op,codec_g723_1,81,63,
views_xlsr2b_d6rall,holdout,unseen,0.99681,0.01569,0.04328,,0.00000,0.10042,0.00000,0.05539,,,,,0,unseen op,codec_mp2,68,60,
views_xlsr2b_d6rall,holdout,unseen,0.98257,0.09340,0.18484,,0.07045,0.23501,0.04003,0.12009,,,,,0,unseen op,codec_real_144,77,73,
views_xlsr2b_d6rall,holdout,unseen,0.99714,0.02862,0.05298,,0.00000,0.10420,0.00000,0.07096,,,,,0,unseen op,codec_vorbis,73,67,
views_xlsr2b_d6rall,holdout,unseen,0.99539,0.04447,0.07576,,0.00000,0.12818,0.00000,0.07815,,,,,0,unseen op,codec_wmav2,66,46,
views_xlsr2b_d6rall,holdout,device,1.00000,0.00000,0.00000,,0.00000,0.00000,0.00000,0.00000,,,,,0,generator,diffgan_tts,1275,84,
views_xlsr2b_d6rall,holdout,device,0.99999,0.00078,0.00157,,0.00000,0.00316,0.00000,0.00158,,,,,0,generator,elevenlabs,1275,143,
views_xlsr2b_d6rall,holdout,device,1.00000,0.00000,0.00000,,0.00000,0.00000,0.00000,0.00000,,,,,0,generator,grad_tts,1275,84,
views_xlsr2b_d6rall,holdout,device,1.00000,0.00000,0.00000,,0.00000,0.00000,0.00000,0.00000,,,,,0,generator,openvoicev2,1275,154,
views_xlsr2b_d6rall,holdout,device,1.00000,0.00000,0.00000,,0.00000,0.00000,0.00000,0.00000,,,,,0,generator,playht,1275,145,
views_xlsr2b_d6rall,holdout,device,1.00000,0.00000,0.00000,,0.00000,0.00000,0.00000,0.00000,,,,,0,generator,pro_diff,1275,84,
views_xlsr2b_d6rall,holdout,device,1.00000,0.00000,0.00000,,0.00000,0.00000,0.00000,0.00000,,,,,0,generator,unit_speech,1275,152,
views_xlsr2b_d6rall,holdout,device,1.00000,0.00000,0.00000,,0.00000,0.00000,0.00000,0.00000,,,,,0,generator,wavegrad2,1275,84,
views_xlsr2b_d6rall,holdout,device,1.00000,0.00000,0.00000,,0.00000,0.00000,0.00000,0.00000,,,,,0,generator,xtts_v2,1275,152,
views_xlsr2b_d6rall,holdout,device,1.00000,0.00000,0.00000,,0.00000,0.00000,0.00000,0.00000,,,,,0,generator,your_tts,1275,145,
views_xlsr2b_d6rall,holdout,device,1.00000,0.00041,0.00140,,0.00000,0.00419,0.00000,0.00222,,,,,0,real source,real_extra,358,1227,
views_xlsr2b_d6rall,holdout,device,1.00000,0.00000,0.00000,,0.00000,0.00000,0.00000,0.00000,,,,,0,real source,real_libri,160,1227,
views_xlsr2b_d6rall,holdout,device,1.00000,0.00107,0.00132,,0.00000,0.00264,0.00000,0.00214,,,,,0,real source,real_lj,757,1227,
views_xlsr2b_d6rall,itw,clean,0.99904,0.01520,0.04069,,0.02523,0.04940,0.01000,0.02041,,,,,0,generator,itw_fake,1250,1250,
views_xlsr2b_d6rall,itw,clean,0.99904,0.01520,0.04069,,0.02502,0.04773,0.01040,0.01920,,,,,0,real source,itw,1250,1250,
views_xlsr2b_d6rall,itw,clean,0.99363,0.04389,0.11418,,0.06326,0.14173,0.02431,0.06350,,,,,0,duration,<2 s,370,247,
views_xlsr2b_d6rall,itw,clean,0.99958,0.01319,0.02400,,0.00329,0.04144,0.00220,0.02258,,,,,0,duration,2-3 s,304,227,
views_xlsr2b_d6rall,itw,clean,0.99981,0.00420,0.00963,,0.00197,0.01867,0.00074,0.00990,,,,,0,duration,3-4 s,507,672,
views_xlsr2b_d6rall,itw,clean,1.00000,0.00000,0.00000,,0.00000,0.00000,0.00000,0.00000,,,,,0,duration,4-6 s,62,101,
views_xlsr2b_d6rall,itw,aug,0.99438,0.03920,0.10514,,0.07995,0.11932,0.03040,0.04720,,,,,0,generator,itw_fake,1250,1250,
views_xlsr2b_d6rall,itw,aug,0.99438,0.03920,0.10514,,0.07897,0.11888,0.03040,0.04642,,,,,0,real source,itw,1250,1250,
views_xlsr2b_d6rall,itw,aug,0.99640,0.03403,0.07536,,0.04134,0.10522,0.01766,0.05039,,,,,0,channel,codec,350,385,
views_xlsr2b_d6rall,itw,aug,0.99505,0.04332,0.10222,,0.03402,0.13797,0.01444,0.06145,,,,,0,channel,telephony,138,139,
views_xlsr2b_d6rall,itw,aug,0.99700,0.02178,0.04681,,0.00694,0.08063,0.00726,0.04703,,,,,0,channel,bandlimit,144,132,
views_xlsr2b_d6rall,itw,aug,0.99561,0.03636,0.08542,,0.02702,0.11975,0.01446,0.05827,,,,,0,channel,resample,137,138,
views_xlsr2b_d6rall,itw,aug,0.99690,0.03090,0.05421,,0.02710,0.08812,0.01437,0.04527,,,,,0,channel,tilt,232,253,
views_xlsr2b_d6rall,itw,aug,0.99235,0.04869,0.11142,,0.07012,0.15057,0.02840,0.06697,,,,,0,channel,noise,249,244,
views_xlsr2b_d6rall,itw,aug,0.99747,0.03603,0.05983,,0.01709,0.08558,0.01232,0.05643,,,,,0,channel,hum,117,132,
views_xlsr2b_d6rall,itw,aug,0.95106,0.13133,0.30692,,0.21673,0.37674,0.09396,0.16626,,,,,0,channel,reverb,205,168,
views_xlsr2b_d6rall,itw,aug,0.99945,0.01662,0.03061,,0.00000,0.04615,0.00000,0.04093,,,,,0,channel,clipping,65,56,
views_xlsr2b_d6rall,itw,aug,0.99027,0.05955,0.12938,,0.03232,0.22642,0.01725,0.11129,,,,,0,channel,codec_aac,64,53,
views_xlsr2b_d6rall,itw,aug,0.99154,0.03759,0.10338,,0.02256,0.17587,0.01551,0.07770,,,,,0,channel,codec_g711,56,76,
views_xlsr2b_d6rall,itw,aug,0.99944,0.01667,0.01695,,0.00000,0.05085,0.00000,0.05001,,,,,0,channel,codec_g722,59,61,
views_xlsr2b_d6rall,itw,aug,1.00000,0.00000,0.00000,,0.00000,0.00000,0.00000,0.00000,,,,,0,channel,codec_g726,48,80,
views_xlsr2b_d6rall,itw,aug,0.99708,0.01711,0.04674,,0.00000,0.11015,0.00000,0.06030,,,,,0,channel,codec_mp3,60,57,
views_xlsr2b_d6rall,itw,aug,0.99945,0.01656,0.02956,,0.00000,0.05911,0.00000,0.04967,,,,,0,channel,codec_opus,63,58,
views_xlsr2b_d6rall,itw,aug,0.98424,0.07945,0.17159,,0.05621,0.25765,0.03562,0.14111,,,,,0,channel,noise_babble,52,61,
views_xlsr2b_d6rall,itw,aug,0.99672,0.01654,0.04460,,0.00000,0.10626,0.00000,0.05829,,,,,0,channel,noise_brown,59,62,
views_xlsr2b_d6rall,itw,aug,0.98784,0.03845,0.10288,,0.01351,0.18300,0.00676,0.09275,,,,,0,channel,noise_pink,74,55,
views_xlsr2b_d6rall,itw,aug,0.99834,0.01539,0.02597,,0.00000,0.07792,0.00000,0.04616,,,,,0,channel,noise_white,64,66,
views_xlsr2b_d6rall,itw,aug,0.98270,0.06820,0.18285,,0.11763,0.21576,0.04521,0.09387,,,,,0,duration,<2 s,370,247,
views_xlsr2b_d6rall,itw,aug,0.99417,0.03571,0.09563,,0.04994,0.12727,0.02083,0.05659,,,,,0,duration,2-3 s,304,227,
views_xlsr2b_d6rall,itw,aug,0.99726,0.02862,0.07417,,0.04731,0.09092,0.02152,0.03824,,,,,0,duration,3-4 s,496,655,
views_xlsr2b_d6rall,itw,aug,0.99888,0.01594,0.04110,,0.00000,0.06849,0.00000,0.04328,,,,,0,duration,4-6 s,73,110,
views_xlsr2b_d6rall,itw,unseen,0.96870,0.10080,0.26331,,0.22981,0.28821,0.09120,0.11442,,,,,0,generator,itw_fake,1250,1250,
views_xlsr2b_d6rall,itw,unseen,0.96870,0.10080,0.26331,,0.23199,0.28455,0.08999,0.11600,,,,,0,real source,itw,1250,1250,
views_xlsr2b_d6rall,itw,unseen,0.89184,0.20148,0.50663,,0.43013,0.54665,0.17105,0.21935,,,,,0,unseen op,room,492,461,
views_xlsr2b_d6rall,itw,unseen,0.98398,0.07048,0.17983,,0.12720,0.21805,0.05061,0.09144,,,,,0,unseen op,codec,455,453,
views_xlsr2b_d6rall,itw,unseen,0.95729,0.12945,0.28292,,0.20843,0.34953,0.10014,0.15453,,,,,0,unseen op,tandem,231,248,
views_xlsr2b_d6rall,itw,unseen,0.98796,0.06617,0.14657,,0.07899,0.18416,0.04207,0.09030,,,,,0,unseen op,packet_loss,239,260,
views_xlsr2b_d6rall,itw,unseen,0.98864,0.05696,0.14737,,0.10091,0.18010,0.04320,0.07662,,,,,0,unseen op,agc,248,261,
views_xlsr2b_d6rall,itw,unseen,0.98771,0.05430,0.13900,,0.04633,0.20866,0.02244,0.10860,,,,,0,unseen op,codec_ac3,55,74,
views_xlsr2b_d6rall,itw,unseen,0.98245,0.07752,0.18008,,0.05755,0.26903,0.02320,0.13173,,,,,0,unseen op,codec_amrnb,65,64,
views_xlsr2b_d6rall,itw,unseen,0.98011,0.06559,0.15023,,0.04839,0.24341,0.03280,0.11478,,,,,0,unseen op,codec_g723_1,62,60,
views_xlsr2b_d6rall,itw,unseen,0.98268,0.10195,0.18182,,0.06474,0.24682,0.04248,0.14827,,,,,0,unseen op,codec_mp2,77,60,
views_xlsr2b_d6rall,itw,unseen,0.97847,0.09151,0.17105,,0.07829,0.23714,0.04246,0.14058,,,,,0,unseen op,codec_real_144,76,66,
views_xlsr2b_d6rall,itw,unseen,0.99005,0.05278,0.11429,,0.01667,0.19060,0.01528,0.09181,,,,,0,unseen op,codec_vorbis,60,72,
views_xlsr2b_d6rall,itw,unseen,0.99240,0.05132,0.12356,,0.01667,0.18729,0.01647,0.08553,,,,,0,unseen op,codec_wmav2,60,57,
views_xlsr2b_d6rall,itw,device,0.99728,0.02480,0.06400,,0.04776,0.07841,0.01959,0.03200,,,,,0,generator,itw_fake,1250,1250,
views_xlsr2b_d6rall,itw,device,0.99728,0.02480,0.06400,,0.04821,0.07898,0.02000,0.03121,,,,,0,real source,itw,1250,1250,
xlsr1b_d6rall,holdout,clean,1.00000,0.00000,0.00000,,0.00000,0.00000,0.00000,0.00000,,,,,2,generator,diffgan_tts,1275,84,
xlsr1b_d6rall,holdout,clean,1.00000,0.00000,0.00000,,0.00000,0.00000,0.00000,0.00000,,,,,2,generator,elevenlabs,1275,143,
xlsr1b_d6rall,holdout,clean,1.00000,0.00000,0.00000,,0.00000,0.00000,0.00000,0.00000,,,,,2,generator,grad_tts,1275,84,
xlsr1b_d6rall,holdout,clean,1.00000,0.00000,0.00000,,0.00000,0.00000,0.00000,0.00000,,,,,2,generator,openvoicev2,1275,154,
xlsr1b_d6rall,holdout,clean,1.00000,0.00000,0.00000,,0.00000,0.00000,0.00000,0.00000,,,,,2,generator,playht,1275,145,
xlsr1b_d6rall,holdout,clean,1.00000,0.00000,0.00000,,0.00000,0.00000,0.00000,0.00000,,,,,2,generator,pro_diff,1275,84,
xlsr1b_d6rall,holdout,clean,1.00000,0.00000,0.00000,,0.00000,0.00000,0.00000,0.00000,,,,,2,generator,unit_speech,1275,152,
xlsr1b_d6rall,holdout,clean,1.00000,0.00000,0.00000,,0.00000,0.00000,0.00000,0.00000,,,,,2,generator,wavegrad2,1275,84,
xlsr1b_d6rall,holdout,clean,1.00000,0.00000,0.00000,,0.00000,0.00000,0.00000,0.00000,,,,,2,generator,xtts_v2,1275,152,
xlsr1b_d6rall,holdout,clean,1.00000,0.00000,0.00000,,0.00000,0.00000,0.00000,0.00000,,,,,2,generator,your_tts,1275,145,
xlsr1b_d6rall,holdout,clean,1.00000,0.00000,0.00000,,0.00000,0.00000,0.00000,0.00000,,,,,2,real source,real_extra,358,1227,
xlsr1b_d6rall,holdout,clean,1.00000,0.00000,0.00000,,0.00000,0.00000,0.00000,0.00000,,,,,2,real source,real_libri,160,1227,
xlsr1b_d6rall,holdout,clean,1.00000,0.00000,0.00000,,0.00000,0.00000,0.00000,0.00000,,,,,2,real source,real_lj,757,1227,
xlsr1b_d6rall,holdout,clean,1.00000,0.00000,0.00000,,0.00000,0.00000,0.00000,0.00000,,,,,2,duration,2-3 s,92,12,
xlsr1b_d6rall,holdout,clean,1.00000,0.00000,0.00000,,0.00000,0.00000,0.00000,0.00000,,,,,2,duration,3-4 s,982,973,
xlsr1b_d6rall,holdout,clean,1.00000,0.00000,0.00000,,0.00000,0.00000,0.00000,0.00000,,,,,2,duration,4-6 s,151,219,
xlsr1b_d6rall,holdout,clean,1.00000,0.00000,0.00000,,0.00000,0.00000,0.00000,0.00000,,,,,2,duration,>6 s,14,23,
xlsr1b_d6rall,holdout,aug,0.99875,0.02328,0.03686,,0.00471,0.04394,0.00235,0.03951,,,,,2,generator,diffgan_tts,1275,84,
xlsr1b_d6rall,holdout,aug,0.98928,0.05542,0.12582,,0.07490,0.14436,0.04174,0.06987,,,,,2,generator,elevenlabs,1275,143,
xlsr1b_d6rall,holdout,aug,0.99451,0.05604,0.09021,,0.04545,0.12863,0.02328,0.07140,,,,,2,generator,grad_tts,1275,84,
xlsr1b_d6rall,holdout,aug,0.99887,0.01915,0.03373,,0.01094,0.04000,0.00715,0.03075,,,,,2,generator,openvoicev2,1275,154,
xlsr1b_d6rall,holdout,aug,0.99567,0.04147,0.07378,,0.04157,0.08627,0.02751,0.05348,,,,,2,generator,playht,1275,145,
xlsr1b_d6rall,holdout,aug,0.99962,0.00948,0.00706,,0.00312,0.01255,0.00156,0.01184,,,,,2,generator,pro_diff,1275,84,
xlsr1b_d6rall,holdout,aug,0.99780,0.02649,0.05412,,0.02665,0.06431,0.01401,0.03934,,,,,2,generator,unit_speech,1275,152,
xlsr1b_d6rall,holdout,aug,0.99868,0.01183,0.02747,,0.00235,0.07066,0.00118,0.03655,,,,,2,generator,wavegrad2,1275,84,
xlsr1b_d6rall,holdout,aug,0.99725,0.02688,0.04863,,0.02743,0.05884,0.01888,0.03990,,,,,2,generator,xtts_v2,1275,152,
xlsr1b_d6rall,holdout,aug,0.99889,0.02211,0.04235,,0.01261,0.05335,0.00698,0.03992,,,,,2,generator,your_tts,1275,145,
xlsr1b_d6rall,holdout,aug,0.99402,0.04738,0.10755,,0.07678,0.13129,0.03468,0.05867,,,,,2,real source,real_extra,358,1227,
xlsr1b_d6rall,holdout,aug,0.99712,0.03233,0.07647,,0.04725,0.10180,0.02429,0.04786,,,,,2,real source,real_libri,160,1227,
xlsr1b_d6rall,holdout,aug,0.99801,0.02371,0.05243,,0.03464,0.06549,0.01501,0.03094,,,,,2,real source,real_lj,757,1227,
xlsr1b_d6rall,holdout,aug,0.99778,0.03103,0.05628,,0.03303,0.07901,0.01752,0.04055,,,,,2,channel,codec,381,360,
xlsr1b_d6rall,holdout,aug,0.99682,0.03210,0.07326,,0.02210,0.10606,0.01172,0.06799,,,,,2,channel,telephony,132,118,
xlsr1b_d6rall,holdout,aug,0.99886,0.02206,0.03481,,0.00746,0.05989,0.00726,0.04413,,,,,2,channel,bandlimit,134,138,
xlsr1b_d6rall,holdout,aug,0.99994,0.00755,0.00741,,0.00000,0.02222,0.00000,0.01895,,,,,2,channel,resample,135,130,
xlsr1b_d6rall,holdout,aug,0.99967,0.00797,0.01176,,0.00000,0.02265,0.00000,0.01594,,,,,2,channel,tilt,255,247,
xlsr1b_d6rall,holdout,aug,0.99718,0.03347,0.06441,,0.03524,0.09210,0.01882,0.05021,,,,,2,channel,noise,240,238,
xlsr1b_d6rall,holdout,aug,0.99967,0.01496,0.02069,,0.00000,0.03448,0.00000,0.02590,,,,,2,channel,hum,145,124,
xlsr1b_d6rall,holdout,aug,0.92876,0.16257,0.35136,,0.26901,0.41954,0.12316,0.20198,,,,,2,channel,reverb,202,204,
xlsr1b_d6rall,holdout,aug,1.00000,0.00000,0.00000,,0.00000,0.00000,0.00000,0.00000,,,,,2,channel,clipping,75,62,
xlsr1b_d6rall,holdout,aug,0.99735,0.01951,0.03636,,0.00000,0.07273,0.00000,0.06894,,,,,2,channel,codec_aac,55,48,
xlsr1b_d6rall,holdout,aug,0.99856,0.03102,0.03030,,0.00000,0.06061,0.00000,0.06205,,,,,2,channel,codec_g711,66,63,
xlsr1b_d6rall,holdout,aug,0.99802,0.03373,0.06122,,0.00000,0.09184,0.00000,0.06746,,,,,2,channel,codec_g722,63,56,
xlsr1b_d6rall,holdout,aug,1.00000,0.00000,0.00000,,0.00000,0.00000,0.00000,0.00000,,,,,2,channel,codec_g726,66,67,
xlsr1b_d6rall,holdout,aug,0.99946,0.01641,0.01587,,0.00000,0.04762,0.00000,0.04923,,,,,2,channel,codec_mp3,63,59,
xlsr1b_d6rall,holdout,aug,0.99539,0.04445,0.09146,,0.01471,0.15734,0.01482,0.08143,,,,,2,channel,codec_opus,68,67,
xlsr1b_d6rall,holdout,aug,0.99678,0.03421,0.06366,,0.00000,0.11645,0.00000,0.07677,,,,,2,channel,noise_babble,57,60,
xlsr1b_d6rall,holdout,aug,0.99950,0.01576,0.01613,,0.00000,0.03226,0.00000,0.03921,,,,,2,channel,noise_brown,62,65,
xlsr1b_d6rall,holdout,aug,0.99826,0.01580,0.04350,,0.00000,0.08699,0.00000,0.04757,,,,,2,channel,noise_pink,67,60,
xlsr1b_d6rall,holdout,aug,0.99371,0.05608,0.09259,,0.01852,0.14815,0.01829,0.10273,,,,,2,channel,noise_white,54,53,
xlsr1b_d6rall,holdout,aug,0.99004,0.08514,0.11957,,0.00000,0.16304,0.00000,0.17092,,,,,2,duration,2-3 s,92,12,
xlsr1b_d6rall,holdout,aug,0.99689,0.03207,0.06574,,0.04805,0.07997,0.02222,0.03828,,,,,2,duration,3-4 s,942,991,
xlsr1b_d6rall,holdout,aug,0.99893,0.01590,0.02528,,0.00539,0.04743,0.00247,0.02926,,,,,2,duration,4-6 s,181,197,
xlsr1b_d6rall,holdout,aug,0.99691,0.03935,0.04167,,0.00000,0.08333,0.00000,0.09722,,,,,2,duration,>6 s,24,27,
xlsr1b_d6rall,itw,clean,0.99877,0.01560,0.03966,,0.02456,0.04950,0.00999,0.02121,,,,,2,generator,itw_fake,1250,1250,
xlsr1b_d6rall,itw,clean,0.99877,0.01560,0.03966,,0.02593,0.05022,0.01120,0.02241,,,,,2,real source,itw,1250,1250,
xlsr1b_d6rall,itw,clean,0.98969,0.06482,0.14281,,0.08441,0.16713,0.03714,0.08440,,,,,2,duration,<2 s,370,247,
xlsr1b_d6rall,itw,clean,0.99925,0.00549,0.01413,,0.00000,0.03366,0.00000,0.01703,,,,,2,duration,2-3 s,304,227,
xlsr1b_d6rall,itw,clean,0.99996,0.00173,0.00452,,0.00000,0.01022,0.00000,0.00593,,,,,2,duration,3-4 s,507,672,
xlsr1b_d6rall,itw,clean,1.00000,0.00000,0.00000,,0.00000,0.00000,0.00000,0.00000,,,,,2,duration,4-6 s,62,101,
xlsr1b_d6rall,itw,aug,0.99120,0.05440,0.13954,,0.11656,0.15167,0.04639,0.06320,,,,,2,generator,itw_fake,1250,1250,
xlsr1b_d6rall,itw,aug,0.99120,0.05440,0.13954,,0.11244,0.15101,0.04479,0.06200,,,,,2,real source,itw,1250,1250,
xlsr1b_d6rall,itw,aug,0.99472,0.03403,0.08772,,0.04863,0.10900,0.02312,0.04896,,,,,2,channel,codec,350,385,
xlsr1b_d6rall,itw,aug,0.98543,0.07220,0.15879,,0.08121,0.21183,0.03610,0.10117,,,,,2,channel,telephony,138,139,
xlsr1b_d6rall,itw,aug,0.99258,0.04356,0.09876,,0.03382,0.15431,0.01791,0.06881,,,,,2,channel,bandlimit,144,132,
xlsr1b_d6rall,itw,aug,0.99611,0.03636,0.09131,,0.03719,0.12858,0.01455,0.05818,,,,,2,channel,resample,137,138,
xlsr1b_d6rall,itw,aug,0.99669,0.02677,0.06898,,0.02833,0.09424,0.01239,0.04329,,,,,2,channel,tilt,232,253,
xlsr1b_d6rall,itw,aug,0.99265,0.04869,0.11544,,0.06816,0.15762,0.03246,0.06692,,,,,2,channel,noise,249,244,
xlsr1b_d6rall,itw,aug,0.99508,0.03603,0.09912,,0.03863,0.13777,0.01612,0.06449,,,,,2,channel,hum,117,132,
xlsr1b_d6rall,itw,aug,0.91074,0.18792,0.43196,,0.32245,0.47784,0.14758,0.22541,,,,,2,channel,reverb,205,168,
xlsr1b_d6rall,itw,aug,0.99396,0.03324,0.06122,,0.00000,0.12245,0.00000,0.06668,,,,,2,channel,clipping,65,56,
xlsr1b_d6rall,itw,aug,0.98526,0.07680,0.11047,,0.03125,0.18750,0.02486,0.12873,,,,,2,channel,codec_aac,64,53,
xlsr1b_d6rall,itw,aug,0.98943,0.05310,0.11278,,0.02256,0.15797,0.01299,0.09086,,,,,2,channel,codec_g711,56,76,
xlsr1b_d6rall,itw,aug,0.99736,0.03334,0.03390,,0.00000,0.08475,0.00000,0.07488,,,,,2,channel,codec_g722,59,61,
xlsr1b_d6rall,itw,aug,0.99740,0.02292,0.06250,,0.00000,0.10598,0.00000,0.07292,,,,,2,channel,codec_g726,48,80,
xlsr1b_d6rall,itw,aug,0.99298,0.05132,0.09023,,0.00000,0.15096,0.00000,0.10263,,,,,2,channel,codec_mp3,60,57,
xlsr1b_d6rall,itw,aug,0.99891,0.01656,0.01587,,0.00000,0.04762,0.00000,0.04967,,,,,2,channel,codec_opus,63,58,
xlsr1b_d6rall,itw,aug,0.97730,0.07945,0.19821,,0.07522,0.29288,0.03562,0.15069,,,,,2,channel,noise_babble,52,61,
xlsr1b_d6rall,itw,aug,0.99809,0.03308,0.05085,,0.00000,0.08475,0.00000,0.07463,,,,,2,channel,noise_brown,59,62,
xlsr1b_d6rall,itw,aug,0.99189,0.07015,0.08108,,0.02703,0.15706,0.01585,0.10860,,,,,2,channel,noise_pink,74,55,
xlsr1b_d6rall,itw,aug,1.00000,0.00000,0.00000,,0.00000,0.00000,0.00000,0.00000,,,,,2,channel,noise_white,64,66,
xlsr1b_d6rall,itw,aug,0.97197,0.10871,0.24705,,0.18316,0.28073,0.07490,0.13302,,,,,2,duration,<2 s,370,247,
xlsr1b_d6rall,itw,aug,0.99322,0.04341,0.10452,,0.06210,0.13339,0.02852,0.06433,,,,,2,duration,2-3 s,304,227,
xlsr1b_d6rall,itw,aug,0.99597,0.04001,0.08383,,0.05482,0.10259,0.02685,0.05040,,,,,2,duration,3-4 s,496,655,
xlsr1b_d6rall,itw,aug,0.99502,0.02733,0.05857,,0.01370,0.09966,0.00903,0.05697,,,,,2,duration,4-6 s,73,110,
xlsr1b_d6rall_s1,holdout,clean,1.00000,0.00000,0.00000,,0.00000,0.00000,0.00000,0.00000,,,,,3,generator,diffgan_tts,1275,84,
xlsr1b_d6rall_s1,holdout,clean,1.00000,0.00000,0.00000,,0.00000,0.00000,0.00000,0.00000,,,,,3,generator,elevenlabs,1275,143,
xlsr1b_d6rall_s1,holdout,clean,1.00000,0.00000,0.00000,,0.00000,0.00000,0.00000,0.00000,,,,,3,generator,grad_tts,1275,84,
xlsr1b_d6rall_s1,holdout,clean,1.00000,0.00000,0.00000,,0.00000,0.00000,0.00000,0.00000,,,,,3,generator,openvoicev2,1275,154,
xlsr1b_d6rall_s1,holdout,clean,1.00000,0.00000,0.00000,,0.00000,0.00000,0.00000,0.00000,,,,,3,generator,playht,1275,145,
xlsr1b_d6rall_s1,holdout,clean,1.00000,0.00000,0.00000,,0.00000,0.00000,0.00000,0.00000,,,,,3,generator,pro_diff,1275,84,
xlsr1b_d6rall_s1,holdout,clean,1.00000,0.00000,0.00000,,0.00000,0.00000,0.00000,0.00000,,,,,3,generator,unit_speech,1275,152,
xlsr1b_d6rall_s1,holdout,clean,1.00000,0.00000,0.00000,,0.00000,0.00000,0.00000,0.00000,,,,,3,generator,wavegrad2,1275,84,
xlsr1b_d6rall_s1,holdout,clean,1.00000,0.00000,0.00000,,0.00000,0.00000,0.00000,0.00000,,,,,3,generator,xtts_v2,1275,152,
xlsr1b_d6rall_s1,holdout,clean,1.00000,0.00000,0.00000,,0.00000,0.00000,0.00000,0.00000,,,,,3,generator,your_tts,1275,145,
xlsr1b_d6rall_s1,holdout,clean,1.00000,0.00000,0.00000,,0.00000,0.00000,0.00000,0.00000,,,,,3,real source,real_extra,358,1227,
xlsr1b_d6rall_s1,holdout,clean,1.00000,0.00000,0.00000,,0.00000,0.00000,0.00000,0.00000,,,,,3,real source,real_libri,160,1227,
xlsr1b_d6rall_s1,holdout,clean,1.00000,0.00000,0.00000,,0.00000,0.00000,0.00000,0.00000,,,,,3,real source,real_lj,757,1227,
xlsr1b_d6rall_s1,holdout,clean,1.00000,0.00000,0.00000,,0.00000,0.00000,0.00000,0.00000,,,,,3,duration,2-3 s,92,12,
xlsr1b_d6rall_s1,holdout,clean,1.00000,0.00000,0.00000,,0.00000,0.00000,0.00000,0.00000,,,,,3,duration,3-4 s,982,973,
xlsr1b_d6rall_s1,holdout,clean,1.00000,0.00000,0.00000,,0.00000,0.00000,0.00000,0.00000,,,,,3,duration,4-6 s,151,219,
xlsr1b_d6rall_s1,holdout,clean,1.00000,0.00000,0.00000,,0.00000,0.00000,0.00000,0.00000,,,,,3,duration,>6 s,14,23,
xlsr1b_d6rall_s1,holdout,aug,0.99867,0.02289,0.02588,,0.00857,0.03298,0.00471,0.03317,,,,,3,generator,diffgan_tts,1275,84,
xlsr1b_d6rall_s1,holdout,aug,0.98863,0.06363,0.12952,,0.08173,0.17334,0.03513,0.08353,,,,,3,generator,elevenlabs,1275,143,
xlsr1b_d6rall_s1,holdout,aug,0.99596,0.03590,0.07374,,0.02810,0.11862,0.01261,0.06035,,,,,3,generator,grad_tts,1275,84,
xlsr1b_d6rall_s1,holdout,aug,0.99904,0.01798,0.02760,,0.01176,0.03236,0.00794,0.02475,,,,,3,generator,openvoicev2,1275,154,
xlsr1b_d6rall_s1,holdout,aug,0.99599,0.04147,0.06123,,0.03922,0.08407,0.02402,0.05270,,,,,3,generator,playht,1275,145,
xlsr1b_d6rall_s1,holdout,aug,0.99956,0.01105,0.01020,,0.00233,0.01571,0.00117,0.01818,,,,,3,generator,pro_diff,1275,84,
xlsr1b_d6rall_s1,holdout,aug,0.99840,0.02531,0.03451,,0.02037,0.04239,0.01324,0.03293,,,,,3,generator,unit_speech,1275,152,
xlsr1b_d6rall_s1,holdout,aug,0.99814,0.01380,0.03609,,0.00782,0.08193,0.00392,0.03657,,,,,3,generator,wavegrad2,1275,84,
xlsr1b_d6rall_s1,holdout,aug,0.99728,0.02728,0.04392,,0.02665,0.05490,0.01364,0.03974,,,,,3,generator,xtts_v2,1275,152,
xlsr1b_d6rall_s1,holdout,aug,0.99900,0.01396,0.03698,,0.01018,0.05569,0.00698,0.03450,,,,,3,generator,your_tts,1275,145,
xlsr1b_d6rall_s1,holdout,aug,0.99496,0.03871,0.09080,,0.06565,0.11174,0.02782,0.04823,,,,,3,real source,real_extra,358,1227,
xlsr1b_d6rall_s1,holdout,aug,0.99651,0.03233,0.07581,,0.04037,0.10389,0.01955,0.05026,,,,,3,real source,real_libri,160,1227,
xlsr1b_d6rall_s1,holdout,aug,0.99790,0.02371,0.05670,,0.03922,0.06937,0.01714,0.03322,,,,,3,real source,real_lj,757,1227,
xlsr1b_d6rall_s1,holdout,aug,0.99760,0.02431,0.05744,,0.02953,0.08156,0.01351,0.03646,,,,,3,channel,codec,381,360,
xlsr1b_d6rall_s1,holdout,aug,0.99782,0.02408,0.06631,,0.01453,0.09091,0.01181,0.05574,,,,,3,channel,telephony,132,118,
xlsr1b_d6rall_s1,holdout,aug,0.99924,0.01471,0.02239,,0.00000,0.04484,0.00000,0.03677,,,,,3,channel,bandlimit,134,138,
xlsr1b_d6rall_s1,holdout,aug,1.00000,0.00000,0.00000,,0.00000,0.00000,0.00000,0.00000,,,,,3,channel,resample,135,130,
xlsr1b_d6rall_s1,holdout,aug,0.99983,0.00399,0.01086,,0.00000,0.01968,0.00000,0.01403,,,,,3,channel,tilt,255,247,
xlsr1b_d6rall_s1,holdout,aug,0.99751,0.02929,0.05304,,0.02387,0.07691,0.01255,0.04603,,,,,3,channel,noise,240,238,
xlsr1b_d6rall_s1,holdout,aug,0.99944,0.01496,0.01379,,0.00000,0.03448,0.00000,0.02656,,,,,3,channel,hum,145,124,
xlsr1b_d6rall_s1,holdout,aug,0.92910,0.14779,0.35527,,0.26807,0.42268,0.11569,0.18239,,,,,3,channel,reverb,202,204,
xlsr1b_d6rall_s1,holdout,aug,1.00000,0.00000,0.00000,,0.00000,0.00000,0.00000,0.00000,,,,,3,channel,clipping,75,62,
xlsr1b_d6rall_s1,holdout,aug,0.99811,0.01951,0.03571,,0.00000,0.10714,0.00000,0.06784,,,,,3,channel,codec_aac,55,48,
xlsr1b_d6rall_s1,holdout,aug,0.99784,0.03102,0.05751,,0.00000,0.10892,0.00000,0.06205,,,,,3,channel,codec_g711,66,63,
xlsr1b_d6rall_s1,holdout,aug,0.99717,0.03373,0.06122,,0.00000,0.09524,0.00000,0.07639,,,,,3,channel,codec_g722,63,56,
xlsr1b_d6rall_s1,holdout,aug,1.00000,0.00000,0.00000,,0.00000,0.00000,0.00000,0.00000,,,,,3,channel,codec_g726,66,67,
xlsr1b_d6rall_s1,holdout,aug,1.00000,0.00000,0.00000,,0.00000,0.00000,0.00000,0.00000,,,,,3,channel,codec_mp3,63,59,
xlsr1b_d6rall_s1,holdout,aug,0.99440,0.04445,0.07353,,0.01471,0.13177,0.01482,0.08889,,,,,3,channel,codec_opus,68,67,
xlsr1b_d6rall_s1,holdout,aug,0.99766,0.03421,0.05263,,0.00000,0.08799,0.00000,0.06842,,,,,3,channel,noise_babble,57,60,
xlsr1b_d6rall_s1,holdout,aug,0.99975,0.01576,0.01613,,0.00000,0.03226,0.00000,0.03151,,,,,3,channel,noise_brown,62,65,
xlsr1b_d6rall_s1,holdout,aug,0.99826,0.01580,0.04350,,0.00000,0.07463,0.00000,0.04739,,,,,3,channel,noise_pink,67,60,
xlsr1b_d6rall_s1,holdout,aug,0.99336,0.05608,0.08790,,0.01852,0.15271,0.01846,0.09347,,,,,3,channel,noise_white,54,53,
xlsr1b_d6rall_s1,holdout,aug,0.99185,0.08514,0.09783,,0.00000,0.15217,0.00000,0.15942,,,,,3,duration,2-3 s,92,12,
xlsr1b_d6rall_s1,holdout,aug,0.99679,0.02949,0.07026,,0.05204,0.08460,0.02225,0.03519,,,,,3,duration,3-4 s,942,991,
xlsr1b_d6rall_s1,holdout,aug,0.99896,0.01590,0.03950,,0.00552,0.05525,0.00276,0.03187,,,,,3,duration,4-6 s,181,197,
xlsr1b_d6rall_s1,holdout,aug,0.99383,0.07870,0.08333,,0.00000,0.16667,0.00000,0.13657,,,,,3,duration,>6 s,24,27,
xlsr1b_d6rall_s1,itw,clean,0.99851,0.01920,0.04229,,0.02890,0.05681,0.01279,0.02440,,,,,3,generator,itw_fake,1250,1250,
xlsr1b_d6rall_s1,itw,clean,0.99851,0.01920,0.04229,,0.02914,0.05669,0.01280,0.02401,,,,,3,real source,itw,1250,1250,
xlsr1b_d6rall_s1,itw,clean,0.98910,0.06009,0.13894,,0.07559,0.16640,0.03241,0.07633,,,,,3,duration,<2 s,370,247,
xlsr1b_d6rall_s1,itw,clean,0.99953,0.00549,0.01413,,0.00000,0.02932,0.00000,0.01703,,,,,3,duration,2-3 s,304,227,
xlsr1b_d6rall_s1,itw,clean,0.99989,0.00420,0.00963,,0.00254,0.01984,0.00074,0.00940,,,,,3,duration,3-4 s,507,672,
xlsr1b_d6rall_s1,itw,clean,1.00000,0.00000,0.00000,,0.00000,0.00000,0.00000,0.00000,,,,,3,duration,4-6 s,62,101,
xlsr1b_d6rall_s1,itw,aug,0.99102,0.05040,0.12754,,0.10305,0.14560,0.04000,0.05800,,,,,3,generator,itw_fake,1250,1250,
xlsr1b_d6rall_s1,itw,aug,0.99102,0.05040,0.12754,,0.10114,0.14858,0.04039,0.05762,,,,,3,real source,itw,1250,1250,
xlsr1b_d6rall_s1,itw,aug,0.99455,0.03403,0.08612,,0.05369,0.12174,0.02312,0.05039,,,,,3,channel,codec,350,385,
xlsr1b_d6rall_s1,itw,aug,0.98613,0.06498,0.14862,,0.08042,0.21256,0.03610,0.09746,,,,,3,channel,telephony,138,139,
xlsr1b_d6rall_s1,itw,aug,0.99479,0.04703,0.09632,,0.04164,0.13198,0.02178,0.06881,,,,,3,channel,bandlimit,144,132,
xlsr1b_d6rall_s1,itw,aug,0.99418,0.05091,0.09271,,0.03650,0.12714,0.02535,0.07635,,,,,3,channel,resample,137,138,
xlsr1b_d6rall_s1,itw,aug,0.99737,0.01653,0.04003,,0.01098,0.07146,0.00413,0.03718,,,,,3,channel,tilt,232,253,
xlsr1b_d6rall_s1,itw,aug,0.99231,0.04869,0.12045,,0.06723,0.15267,0.02840,0.06697,,,,,3,channel,noise,249,244,
xlsr1b_d6rall_s1,itw,aug,0.99437,0.03603,0.08136,,0.03409,0.12054,0.01612,0.06459,,,,,3,channel,hum,117,132,
xlsr1b_d6rall_s1,itw,aug,0.92507,0.15543,0.39388,,0.29048,0.44816,0.12044,0.18501,,,,,3,channel,reverb,205,168,
xlsr1b_d6rall_s1,itw,aug,0.99423,0.01662,0.03061,,0.00000,0.09184,0.00000,0.05005,,,,,3,channel,clipping,65,56,
xlsr1b_d6rall_s1,itw,aug,0.98379,0.09404,0.14172,,0.06250,0.23766,0.03445,0.15360,,,,,3,channel,codec_aac,64,53,
xlsr1b_d6rall_s1,itw,aug,0.99201,0.03759,0.08553,,0.02244,0.15789,0.01299,0.07770,,,,,3,channel,codec_g711,56,76,
xlsr1b_d6rall_s1,itw,aug,0.99819,0.01667,0.03390,,0.00000,0.07895,0.00000,0.05869,,,,,3,channel,codec_g722,59,61,
xlsr1b_d6rall_s1,itw,aug,0.99922,0.01667,0.02143,,0.00000,0.06254,0.00000,0.03974,,,,,3,channel,codec_g726,48,80,
xlsr1b_d6rall_s1,itw,aug,0.99357,0.03421,0.07682,,0.00000,0.16667,0.00000,0.08553,,,,,3,channel,codec_mp3,60,57,
xlsr1b_d6rall_s1,itw,aug,0.99781,0.03311,0.05911,,0.00000,0.11151,0.00000,0.07503,,,,,3,channel,codec_opus,63,58,
xlsr1b_d6rall_s1,itw,aug,0.97888,0.09726,0.21154,,0.09422,0.28285,0.04382,0.15069,,,,,3,channel,noise_babble,52,61,
xlsr1b_d6rall_s1,itw,aug,0.99863,0.03308,0.05085,,0.00000,0.08295,0.00000,0.05829,,,,,3,channel,noise_brown,59,62,
xlsr1b_d6rall_s1,itw,aug,0.98698,0.07015,0.12162,,0.04054,0.18919,0.02244,0.12008,,,,,3,channel,noise_pink,74,55,
xlsr1b_d6rall_s1,itw,aug,0.99834,0.01539,0.03125,,0.00000,0.07285,0.00000,0.05416,,,,,3,channel,noise_white,64,66,
xlsr1b_d6rall_s1,itw,aug,0.97612,0.08440,0.20674,,0.13344,0.25791,0.05199,0.11212,,,,,3,duration,<2 s,370,247,
xlsr1b_d6rall_s1,itw,aug,0.99340,0.05275,0.11244,,0.06735,0.14115,0.03022,0.06978,,,,,3,duration,2-3 s,304,227,
xlsr1b_d6rall_s1,itw,aug,0.99457,0.04254,0.09914,,0.06829,0.12080,0.03113,0.05394,,,,,3,duration,3-4 s,496,655,
xlsr1b_d6rall_s1,itw,aug,0.99514,0.02733,0.05857,,0.01370,0.10552,0.00455,0.07061,,,,,3,duration,4-6 s,73,110,
xlsr2b_d6rall,holdout,clean,1.00000,0.00000,0.00000,,0.00000,0.00000,0.00000,0.00000,,,,,3,generator,diffgan_tts,1275,84,
xlsr2b_d6rall,holdout,clean,1.00000,0.00000,0.00000,,0.00000,0.00000,0.00000,0.00000,,,,,3,generator,elevenlabs,1275,143,
xlsr2b_d6rall,holdout,clean,0.99998,0.00078,0.00157,,0.00000,0.00392,0.00000,0.00196,,,,,3,generator,grad_tts,1275,84,
xlsr2b_d6rall,holdout,clean,1.00000,0.00000,0.00000,,0.00000,0.00000,0.00000,0.00000,,,,,3,generator,openvoicev2,1275,154,
xlsr2b_d6rall,holdout,clean,1.00000,0.00000,0.00000,,0.00000,0.00000,0.00000,0.00000,,,,,3,generator,playht,1275,145,
xlsr2b_d6rall,holdout,clean,1.00000,0.00000,0.00000,,0.00000,0.00000,0.00000,0.00000,,,,,3,generator,pro_diff,1275,84,
xlsr2b_d6rall,holdout,clean,1.00000,0.00000,0.00000,,0.00000,0.00000,0.00000,0.00000,,,,,3,generator,unit_speech,1275,152,
xlsr2b_d6rall,holdout,clean,1.00000,0.00000,0.00000,,0.00000,0.00000,0.00000,0.00000,,,,,3,generator,wavegrad2,1275,84,
xlsr2b_d6rall,holdout,clean,1.00000,0.00000,0.00000,,0.00000,0.00000,0.00000,0.00000,,,,,3,generator,xtts_v2,1275,152,
xlsr2b_d6rall,holdout,clean,1.00000,0.00000,0.00000,,0.00000,0.00000,0.00000,0.00000,,,,,3,generator,your_tts,1275,145,
xlsr2b_d6rall,holdout,clean,1.00000,0.00041,0.00140,,0.00000,0.00279,0.00000,0.00222,,,,,3,real source,real_extra,358,1227,
xlsr2b_d6rall,holdout,clean,0.99999,0.00041,0.00140,,0.00000,0.00419,0.00000,0.00122,,,,,3,real source,real_libri,160,1227,
xlsr2b_d6rall,holdout,clean,1.00000,0.00000,0.00000,,0.00000,0.00000,0.00000,0.00000,,,,,3,real source,real_lj,757,1227,
xlsr2b_d6rall,holdout,clean,1.00000,0.00000,0.00000,,0.00000,0.00000,0.00000,0.00000,,,,,3,duration,2-3 s,92,12,
xlsr2b_d6rall,holdout,clean,1.00000,0.00102,0.00102,,0.00000,0.00204,0.00000,0.00206,,,,,3,duration,3-4 s,982,973,
xlsr2b_d6rall,holdout,clean,1.00000,0.00000,0.00000,,0.00000,0.00000,0.00000,0.00000,,,,,3,duration,4-6 s,151,219,
xlsr2b_d6rall,holdout,clean,1.00000,0.00000,0.00000,,0.00000,0.00000,0.00000,0.00000,,,,,3,duration,>6 s,14,23,
xlsr2b_d6rall,holdout,aug,0.99870,0.02249,0.02196,,0.00937,0.02982,0.00705,0.03042,,,,,3,generator,diffgan_tts,1275,84,
xlsr2b_d6rall,holdout,aug,0.99031,0.05582,0.11103,,0.07516,0.14345,0.04370,0.07499,,,,,3,generator,elevenlabs,1275,143,
xlsr2b_d6rall,holdout,aug,0.99669,0.03472,0.05569,,0.01333,0.06595,0.01183,0.05565,,,,,3,generator,grad_tts,1275,84,
xlsr2b_d6rall,holdout,aug,0.99909,0.01954,0.03466,,0.01016,0.05051,0.00637,0.02869,,,,,3,generator,openvoicev2,1275,154,
xlsr2b_d6rall,holdout,aug,0.99261,0.05504,0.10667,,0.07918,0.11924,0.03943,0.07404,,,,,3,generator,playht,1275,145,
xlsr2b_d6rall,holdout,aug,0.99981,0.00118,0.00235,,0.00000,0.00471,0.00000,0.00235,,,,,3,generator,pro_diff,1275,84,
xlsr2b_d6rall,holdout,aug,0.99732,0.02649,0.06550,,0.02461,0.07847,0.01363,0.05104,,,,,3,generator,unit_speech,1275,152,
xlsr2b_d6rall,holdout,aug,0.99776,0.02367,0.04709,,0.00233,0.09569,0.00117,0.05957,,,,,3,generator,wavegrad2,1275,84,
xlsr2b_d6rall,holdout,aug,0.99630,0.03934,0.07137,,0.04156,0.08475,0.02005,0.05480,,,,,3,generator,xtts_v2,1275,152,
xlsr2b_d6rall,holdout,aug,0.99806,0.02133,0.05743,,0.02035,0.08102,0.01165,0.04147,,,,,3,generator,your_tts,1275,145,
xlsr2b_d6rall,holdout,aug,0.99506,0.04173,0.10475,,0.07260,0.12157,0.03346,0.05302,,,,,3,real source,real_extra,358,1227,
xlsr2b_d6rall,holdout,aug,0.99399,0.04266,0.10250,,0.06397,0.12611,0.02632,0.05624,,,,,3,real source,real_libri,160,1227,
xlsr2b_d6rall,holdout,aug,0.99751,0.03174,0.07316,,0.05390,0.09052,0.02368,0.03871,,,,,3,real source,real_lj,757,1227,
xlsr2b_d6rall,holdout,aug,0.99722,0.02832,0.06104,,0.03362,0.07951,0.01482,0.03913,,,,,3,channel,codec,381,360,
xlsr2b_d6rall,holdout,aug,0.99718,0.03210,0.07326,,0.01453,0.10606,0.00803,0.05627,,,,,3,channel,telephony,132,118,
xlsr2b_d6rall,holdout,aug,0.99989,0.00735,0.00746,,0.00000,0.02239,0.00000,0.01833,,,,,3,channel,bandlimit,134,138,
xlsr2b_d6rall,holdout,aug,0.99972,0.00370,0.00741,,0.00000,0.02222,0.00000,0.02265,,,,,3,channel,resample,135,130,
xlsr2b_d6rall,holdout,aug,0.99943,0.01594,0.02745,,0.00782,0.04440,0.00399,0.02790,,,,,3,channel,tilt,255,247,
xlsr2b_d6rall,holdout,aug,0.99659,0.02511,0.06405,,0.02796,0.08638,0.01255,0.04191,,,,,3,channel,noise,240,238,
xlsr2b_d6rall,holdout,aug,0.99956,0.01496,0.02762,,0.00000,0.04141,0.00000,0.02935,,,,,3,channel,hum,145,124,
xlsr2b_d6rall,holdout,aug,0.91130,0.18720,0.47695,,0.37289,0.51381,0.15018,0.22168,,,,,3,channel,reverb,202,204,
xlsr2b_d6rall,holdout,aug,1.00000,0.00000,0.00000,,0.00000,0.00000,0.00000,0.00000,,,,,3,channel,clipping,75,62,
xlsr2b_d6rall,holdout,aug,0.99545,0.03902,0.07208,,0.00000,0.14586,0.00000,0.07803,,,,,3,channel,codec_aac,55,48,
xlsr2b_d6rall,holdout,aug,0.99952,0.01551,0.01515,,0.00000,0.04545,0.00000,0.03915,,,,,3,channel,codec_g711,66,63,
xlsr2b_d6rall,holdout,aug,0.99915,0.01687,0.03061,,0.00000,0.06349,0.00000,0.05060,,,,,3,channel,codec_g722,63,56,
xlsr2b_d6rall,holdout,aug,1.00000,0.00000,0.00000,,0.00000,0.00000,0.00000,0.00000,,,,,3,channel,codec_g726,66,67,
xlsr2b_d6rall,holdout,aug,0.99973,0.01641,0.01587,,0.00000,0.04762,0.00000,0.04871,,,,,3,channel,codec_mp3,63,59,
xlsr2b_d6rall,holdout,aug,0.99078,0.05926,0.07353,,0.01471,0.12107,0.01481,0.09625,,,,,3,channel,codec_opus,68,67,
xlsr2b_d6rall,holdout,aug,0.99912,0.01711,0.02857,,0.00000,0.05747,0.00000,0.05132,,,,,3,channel,noise_babble,57,60,
xlsr2b_d6rall,holdout,aug,0.99975,0.01576,0.01613,,0.00000,0.03226,0.00000,0.03151,,,,,3,channel,noise_brown,62,65,
xlsr2b_d6rall,holdout,aug,0.99950,0.01580,0.01493,,0.00000,0.04478,0.00000,0.03993,,,,,3,channel,noise_pink,67,60,
xlsr2b_d6rall,holdout,aug,0.98567,0.07477,0.11111,,0.03235,0.16690,0.01869,0.12142,,,,,3,channel,noise_white,54,53,
xlsr2b_d6rall,holdout,aug,0.99547,0.06884,0.05435,,0.00000,0.09783,0.00000,0.08514,,,,,3,duration,2-3 s,92,12,
xlsr2b_d6rall,holdout,aug,0.99609,0.03828,0.09259,,0.06877,0.10595,0.02997,0.04814,,,,,3,duration,3-4 s,942,991,
xlsr2b_d6rall,holdout,aug,0.99821,0.01590,0.04268,,0.00552,0.06798,0.00524,0.03688,,,,,3,duration,4-6 s,181,197,
xlsr2b_d6rall,holdout,aug,0.99691,0.03935,0.04167,,0.00000,0.08333,0.00000,0.09722,,,,,3,duration,>6 s,24,27,
xlsr2b_d6rall,itw,clean,0.99904,0.01520,0.04046,,0.02525,0.05041,0.01000,0.02001,,,,,3,generator,itw_fake,1250,1250,
xlsr2b_d6rall,itw,clean,0.99904,0.01520,0.04046,,0.02570,0.04839,0.01040,0.02000,,,,,3,real source,itw,1250,1250,
xlsr2b_d6rall,itw,clean,0.99362,0.04524,0.11148,,0.05936,0.14312,0.02760,0.06482,,,,,3,duration,<2 s,370,247,
xlsr2b_d6rall,itw,clean,0.99961,0.01319,0.02729,,0.00329,0.04276,0.00164,0.02477,,,,,3,duration,2-3 s,304,227,
xlsr2b_d6rall,itw,clean,0.99979,0.00420,0.00963,,0.00197,0.01867,0.00074,0.00941,,,,,3,duration,3-4 s,507,672,
xlsr2b_d6rall,itw,clean,1.00000,0.00000,0.00000,,0.00000,0.00000,0.00000,0.00000,,,,,3,duration,4-6 s,62,101,
xlsr2b_d6rall,itw,aug,0.99436,0.03920,0.10411,,0.08054,0.11727,0.03120,0.04800,,,,,3,generator,itw_fake,1250,1250,
xlsr2b_d6rall,itw,aug,0.99436,0.03920,0.10411,,0.07839,0.11749,0.03079,0.04643,,,,,3,real source,itw,1250,1250,
xlsr2b_d6rall,itw,aug,0.99642,0.03403,0.07536,,0.04134,0.10107,0.02036,0.05042,,,,,3,channel,codec,350,385,
xlsr2b_d6rall,itw,aug,0.99500,0.04332,0.10006,,0.03191,0.14446,0.01444,0.06867,,,,,3,channel,telephony,138,139,
xlsr2b_d6rall,itw,aug,0.99700,0.02178,0.04681,,0.00694,0.08063,0.00726,0.04703,,,,,3,channel,bandlimit,144,132,
xlsr2b_d6rall,itw,aug,0.99561,0.03636,0.08542,,0.02702,0.11974,0.01446,0.05827,,,,,3,channel,resample,137,138,
xlsr2b_d6rall,itw,aug,0.99692,0.02677,0.05421,,0.02644,0.08809,0.01234,0.04545,,,,,3,channel,tilt,232,253,
xlsr2b_d6rall,itw,aug,0.99238,0.04057,0.10741,,0.06620,0.14862,0.02835,0.06086,,,,,3,channel,noise,249,244,
xlsr2b_d6rall,itw,aug,0.99741,0.03603,0.05983,,0.01709,0.08558,0.01232,0.05643,,,,,3,channel,hum,117,132,
xlsr2b_d6rall,itw,aug,0.95129,0.13675,0.30513,,0.21115,0.37199,0.09396,0.16150,,,,,3,channel,reverb,205,168,
xlsr2b_d6rall,itw,aug,0.99945,0.01662,0.03061,,0.00000,0.04615,0.00000,0.04093,,,,,3,channel,clipping,65,56,
xlsr2b_d6rall,itw,aug,0.99027,0.05955,0.14391,,0.03125,0.23451,0.01725,0.11129,,,,,3,channel,codec_aac,64,53,
xlsr2b_d6rall,itw,aug,0.99178,0.03759,0.08553,,0.01786,0.15331,0.00658,0.07525,,,,,3,channel,codec_g711,56,76,
xlsr2b_d6rall,itw,aug,0.99944,0.01667,0.01695,,0.00000,0.05085,0.00000,0.05001,,,,,3,channel,codec_g722,59,61,
xlsr2b_d6rall,itw,aug,0.99974,0.01667,0.02083,,0.00000,0.04167,0.00000,0.03958,,,,,3,channel,codec_g726,48,80,
xlsr2b_d6rall,itw,aug,0.99737,0.01711,0.04674,,0.00000,0.10697,0.00000,0.06030,,,,,3,channel,codec_mp3,60,57,
xlsr2b_d6rall,itw,aug,0.99945,0.01656,0.02956,,0.00000,0.05911,0.00000,0.04967,,,,,3,channel,codec_opus,63,58,
xlsr2b_d6rall,itw,aug,0.98455,0.07945,0.15236,,0.05621,0.25296,0.02601,0.13288,,,,,3,channel,noise_babble,52,61,
xlsr2b_d6rall,itw,aug,0.99754,0.01654,0.02765,,0.00000,0.08295,0.00000,0.05809,,,,,3,channel,noise_brown,59,62,
xlsr2b_d6rall,itw,aug,0.98894,0.03845,0.08936,,0.01351,0.18820,0.00676,0.09275,,,,,3,channel,noise_pink,74,55,
xlsr2b_d6rall,itw,aug,0.99811,0.01539,0.02597,,0.00000,0.07792,0.00000,0.04616,,,,,3,channel,noise_white,64,66,
xlsr2b_d6rall,itw,aug,0.98240,0.07292,0.18716,,0.11836,0.20986,0.04858,0.09391,,,,,3,duration,<2 s,370,247,
xlsr2b_d6rall,itw,aug,0.99426,0.03571,0.09234,,0.05125,0.12719,0.02087,0.05439,,,,,3,duration,2-3 s,304,227,
xlsr2b_d6rall,itw,aug,0.99724,0.02785,0.07276,,0.04730,0.09168,0.02173,0.04003,,,,,3,duration,3-4 s,496,655,
xlsr2b_d6rall,itw,aug,0.99888,0.01594,0.04110,,0.00000,0.06849,0.00000,0.04328,,,,,3,duration,4-6 s,73,110,
mms1b_d6rall,holdout,clean,1.00000,0.00000,0.00000,,0.00000,0.00000,0.00000,0.00000,,,,,3,generator,diffgan_tts,1275,84,
mms1b_d6rall,holdout,clean,1.00000,0.00000,0.00000,,0.00000,0.00000,0.00000,0.00000,,,,,3,generator,elevenlabs,1275,143,
mms1b_d6rall,holdout,clean,1.00000,0.00000,0.00000,,0.00000,0.00000,0.00000,0.00000,,,,,3,generator,grad_tts,1275,84,
mms1b_d6rall,holdout,clean,1.00000,0.00000,0.00000,,0.00000,0.00000,0.00000,0.00000,,,,,3,generator,openvoicev2,1275,154,
mms1b_d6rall,holdout,clean,1.00000,0.00000,0.00000,,0.00000,0.00000,0.00000,0.00000,,,,,3,generator,playht,1275,145,
mms1b_d6rall,holdout,clean,1.00000,0.00000,0.00000,,0.00000,0.00000,0.00000,0.00000,,,,,3,generator,pro_diff,1275,84,
mms1b_d6rall,holdout,clean,1.00000,0.00000,0.00000,,0.00000,0.00000,0.00000,0.00000,,,,,3,generator,unit_speech,1275,152,
mms1b_d6rall,holdout,clean,1.00000,0.00000,0.00000,,0.00000,0.00000,0.00000,0.00000,,,,,3,generator,wavegrad2,1275,84,
mms1b_d6rall,holdout,clean,1.00000,0.00000,0.00000,,0.00000,0.00000,0.00000,0.00000,,,,,3,generator,xtts_v2,1275,152,
mms1b_d6rall,holdout,clean,1.00000,0.00000,0.00000,,0.00000,0.00000,0.00000,0.00000,,,,,3,generator,your_tts,1275,145,
mms1b_d6rall,holdout,clean,1.00000,0.00000,0.00000,,0.00000,0.00000,0.00000,0.00000,,,,,3,real source,real_extra,358,1227,
mms1b_d6rall,holdout,clean,1.00000,0.00000,0.00000,,0.00000,0.00000,0.00000,0.00000,,,,,3,real source,real_libri,160,1227,
mms1b_d6rall,holdout,clean,1.00000,0.00000,0.00000,,0.00000,0.00000,0.00000,0.00000,,,,,3,real source,real_lj,757,1227,
mms1b_d6rall,holdout,clean,1.00000,0.00000,0.00000,,0.00000,0.00000,0.00000,0.00000,,,,,3,duration,2-3 s,92,12,
mms1b_d6rall,holdout,clean,1.00000,0.00000,0.00000,,0.00000,0.00000,0.00000,0.00000,,,,,3,duration,3-4 s,982,973,
mms1b_d6rall,holdout,clean,1.00000,0.00000,0.00000,,0.00000,0.00000,0.00000,0.00000,,,,,3,duration,4-6 s,151,219,
mms1b_d6rall,holdout,clean,1.00000,0.00000,0.00000,,0.00000,0.00000,0.00000,0.00000,,,,,3,duration,>6 s,14,23,
mms1b_d6rall,holdout,aug,0.99821,0.02092,0.03845,,0.01176,0.05571,0.00745,0.03591,,,,,3,generator,diffgan_tts,1275,84,
mms1b_d6rall,holdout,aug,0.98319,0.07300,0.16224,,0.10733,0.19465,0.06126,0.09759,,,,,3,generator,elevenlabs,1275,143,
mms1b_d6rall,holdout,aug,0.99476,0.03590,0.09098,,0.03135,0.09882,0.01458,0.08094,,,,,3,generator,grad_tts,1275,84,
mms1b_d6rall,holdout,aug,0.99769,0.02710,0.05113,,0.02743,0.07295,0.01915,0.04273,,,,,3,generator,openvoicev2,1275,154,
mms1b_d6rall,holdout,aug,0.99336,0.04845,0.11076,,0.06208,0.12473,0.03449,0.06242,,,,,3,generator,playht,1275,145,
mms1b_d6rall,holdout,aug,0.99971,0.00235,0.00471,,0.00078,0.00863,0.00039,0.00987,,,,,3,generator,pro_diff,1275,84,
mms1b_d6rall,holdout,aug,0.99855,0.01967,0.04265,,0.01645,0.04972,0.00720,0.03292,,,,,3,generator,unit_speech,1275,152,
mms1b_d6rall,holdout,aug,0.99893,0.02367,0.04392,,0.00312,0.05100,0.00156,0.03919,,,,,3,generator,wavegrad2,1275,84,
mms1b_d6rall,holdout,aug,0.99564,0.03331,0.07167,,0.03867,0.09583,0.02242,0.05902,,,,,3,generator,xtts_v2,1275,152,
mms1b_d6rall,holdout,aug,0.99861,0.02054,0.04633,,0.01804,0.06600,0.01317,0.03561,,,,,3,generator,your_tts,1275,145,
mms1b_d6rall,holdout,aug,0.99318,0.05040,0.11454,,0.08381,0.14108,0.03649,0.06213,,,,,3,real source,real_extra,358,1227,
mms1b_d6rall,holdout,aug,0.99537,0.03749,0.08640,,0.04809,0.11351,0.02114,0.05462,,,,,3,real source,real_libri,160,1227,
mms1b_d6rall,holdout,aug,0.99664,0.03281,0.08017,,0.05856,0.09331,0.02518,0.03981,,,,,3,real source,real_lj,757,1227,
mms1b_d6rall,holdout,aug,0.99733,0.02832,0.07368,,0.04431,0.09080,0.01888,0.04183,,,,,3,channel,codec,381,360,
mms1b_d6rall,holdout,aug,0.99496,0.03210,0.08146,,0.02949,0.13454,0.01604,0.05998,,,,,3,channel,telephony,132,118,
mms1b_d6rall,holdout,aug,0.99881,0.01471,0.03481,,0.00000,0.06216,0.00000,0.03304,,,,,3,channel,bandlimit,134,138,
mms1b_d6rall,holdout,aug,0.99909,0.02265,0.02222,,0.00000,0.04444,0.00000,0.03775,,,,,3,channel,resample,135,130,
mms1b_d6rall,holdout,aug,0.99929,0.01594,0.02655,,0.00782,0.04860,0.00399,0.02790,,,,,3,channel,tilt,255,247,
mms1b_d6rall,holdout,aug,0.99563,0.03347,0.07161,,0.03637,0.10576,0.02087,0.05445,,,,,3,channel,noise,240,238,
mms1b_d6rall,holdout,aug,0.99944,0.01496,0.02762,,0.00000,0.04834,0.00000,0.03337,,,,,3,channel,hum,145,124,
mms1b_d6rall,holdout,aug,0.90544,0.18227,0.45116,,0.34917,0.51107,0.14779,0.22413,,,,,3,channel,reverb,202,204,
mms1b_d6rall,holdout,aug,1.00000,0.00000,0.00000,,0.00000,0.00000,0.00000,0.00000,,,,,3,channel,clipping,75,62,
mms1b_d6rall,holdout,aug,0.99924,0.01951,0.03571,,0.00000,0.07143,0.00000,0.05852,,,,,3,channel,codec_aac,55,48,
mms1b_d6rall,holdout,aug,0.99735,0.03102,0.07267,,0.00000,0.12121,0.00000,0.06999,,,,,3,channel,codec_g711,66,63,
mms1b_d6rall,holdout,aug,0.99887,0.01687,0.04649,,0.00000,0.06349,0.00000,0.05060,,,,,3,channel,codec_g722,63,56,
mms1b_d6rall,holdout,aug,1.00000,0.00000,0.00000,,0.00000,0.00000,0.00000,0.00000,,,,,3,channel,codec_g726,66,67,
mms1b_d6rall,holdout,aug,0.99973,0.01641,0.01587,,0.00000,0.03214,0.00000,0.04077,,,,,3,channel,codec_mp3,63,59,
mms1b_d6rall,holdout,aug,0.99605,0.04445,0.08441,,0.01471,0.13235,0.00735,0.08143,,,,,3,channel,codec_opus,68,67,
mms1b_d6rall,holdout,aug,0.99737,0.03421,0.03509,,0.00000,0.08772,0.00000,0.08553,,,,,3,channel,noise_babble,57,60,
mms1b_d6rall,holdout,aug,0.99901,0.01576,0.01613,,0.00000,0.04839,0.00000,0.03976,,,,,3,channel,noise_brown,62,65,
mms1b_d6rall,holdout,aug,0.99726,0.04739,0.07335,,0.00000,0.10448,0.00000,0.07065,,,,,3,channel,noise_pink,67,60,
mms1b_d6rall,holdout,aug,0.98567,0.05608,0.11111,,0.01852,0.16667,0.01869,0.12142,,,,,3,channel,noise_white,54,53,
mms1b_d6rall,holdout,aug,0.99728,0.01087,0.02174,,0.00000,0.04348,0.00000,0.06341,,,,,3,duration,2-3 s,92,12,
mms1b_d6rall,holdout,aug,0.99561,0.03828,0.09554,,0.07088,0.11097,0.03000,0.04555,,,,,3,duration,3-4 s,942,991,
mms1b_d6rall,holdout,aug,0.99818,0.02650,0.05290,,0.01423,0.07757,0.00530,0.03964,,,,,3,duration,4-6 s,181,197,
mms1b_d6rall,holdout,aug,0.99846,0.03935,0.04167,,0.00000,0.08333,0.00000,0.07870,,,,,3,duration,>6 s,24,27,
mms1b_d6rall,itw,clean,0.99860,0.01760,0.04171,,0.02764,0.05349,0.01239,0.02242,,,,,3,generator,itw_fake,1250,1250,
mms1b_d6rall,itw,clean,0.99860,0.01760,0.04171,,0.02902,0.05258,0.01278,0.02241,,,,,3,real source,itw,1250,1250,
mms1b_d6rall,itw,clean,0.98715,0.05672,0.14581,,0.08831,0.18573,0.03511,0.07971,,,,,3,duration,<2 s,370,247,
mms1b_d6rall,itw,clean,0.99904,0.01319,0.02400,,0.00329,0.03916,0.00325,0.02417,,,,,3,duration,2-3 s,304,227,
mms1b_d6rall,itw,clean,0.99997,0.00173,0.00197,,0.00000,0.00789,0.00000,0.00767,,,,,3,duration,3-4 s,507,672,
mms1b_d6rall,itw,clean,1.00000,0.00000,0.00000,,0.00000,0.00000,0.00000,0.00000,,,,,3,duration,4-6 s,62,101,
mms1b_d6rall,itw,aug,0.98991,0.06000,0.15131,,0.12416,0.16510,0.04838,0.06881,,,,,3,generator,itw_fake,1250,1250,
mms1b_d6rall,itw,aug,0.98991,0.06000,0.15131,,0.12149,0.16904,0.04800,0.06640,,,,,3,real source,itw,1250,1250,
mms1b_d6rall,itw,aug,0.99345,0.03675,0.09755,,0.05525,0.12596,0.02324,0.05442,,,,,3,channel,codec,350,385,
mms1b_d6rall,itw,aug,0.98006,0.06498,0.15879,,0.08048,0.23290,0.03610,0.10108,,,,,3,channel,telephony,138,139,
mms1b_d6rall,itw,aug,0.99006,0.05429,0.12229,,0.05465,0.16222,0.02895,0.08721,,,,,3,channel,bandlimit,144,132,
mms1b_d6rall,itw,aug,0.99624,0.03636,0.06941,,0.01972,0.10156,0.00727,0.05100,,,,,3,channel,resample,137,138,
mms1b_d6rall,itw,aug,0.99836,0.02677,0.04372,,0.01354,0.07518,0.00826,0.04334,,,,,3,channel,tilt,232,253,
mms1b_d6rall,itw,aug,0.99473,0.03651,0.09235,,0.04811,0.12548,0.02229,0.05484,,,,,3,channel,noise,249,244,
mms1b_d6rall,itw,aug,0.99281,0.04409,0.09846,,0.03863,0.12941,0.01982,0.06837,,,,,3,channel,hum,117,132,
mms1b_d6rall,itw,aug,0.89673,0.21446,0.46789,,0.37239,0.54154,0.17700,0.25732,,,,,3,channel,reverb,205,168,
mms1b_d6rall,itw,aug,0.99423,0.03324,0.07677,,0.00000,0.15306,0.00000,0.06668,,,,,3,channel,clipping,65,56,
mms1b_d6rall,itw,aug,0.98261,0.05955,0.09375,,0.03125,0.17188,0.01725,0.11914,,,,,3,channel,codec_aac,64,53,
mms1b_d6rall,itw,aug,0.98872,0.05310,0.10808,,0.02244,0.17117,0.01299,0.08428,,,,,3,channel,codec_g711,56,76,
mms1b_d6rall,itw,aug,0.99722,0.03334,0.05085,,0.00000,0.10183,0.00000,0.07488,,,,,3,channel,codec_g722,59,61,
mms1b_d6rall,itw,aug,0.99583,0.03958,0.08452,,0.00000,0.12740,0.00000,0.07292,,,,,3,channel,codec_g726,48,80,
mms1b_d6rall,itw,aug,0.99649,0.01711,0.04674,,0.00000,0.10017,0.00000,0.05966,,,,,3,channel,codec_mp3,60,57,
mms1b_d6rall,itw,aug,0.99535,0.03311,0.07499,,0.00000,0.14778,0.00000,0.08279,,,,,3,channel,codec_opus,63,58,
mms1b_d6rall,itw,aug,0.98266,0.06163,0.16272,,0.05598,0.25441,0.02580,0.13288,,,,,3,channel,noise_babble,52,61,
mms1b_d6rall,itw,aug,0.99891,0.01654,0.02765,,0.00000,0.06818,0.00000,0.04962,,,,,3,channel,noise_brown,59,62,
mms1b_d6rall,itw,aug,0.98845,0.05430,0.13405,,0.02703,0.20576,0.01585,0.10877,,,,,3,channel,noise_pink,74,55,
mms1b_d6rall,itw,aug,1.00000,0.00000,0.00000,,0.00000,0.00000,0.00000,0.00000,,,,,3,channel,noise_white,64,66,
mms1b_d6rall,itw,aug,0.96706,0.10061,0.25459,,0.18015,0.32383,0.06955,0.13305,,,,,3,duration,<2 s,370,247,
mms1b_d6rall,itw,aug,0.99007,0.05275,0.10878,,0.06539,0.15156,0.03187,0.06978,,,,,3,duration,2-3 s,304,227,
mms1b_d6rall,itw,aug,0.99687,0.03393,0.07134,,0.04271,0.09535,0.02249,0.04609,,,,,3,duration,3-4 s,496,655,
mms1b_d6rall,itw,aug,0.99763,0.02733,0.06045,,0.00000,0.09162,0.00000,0.05467,,,,,3,duration,4-6 s,73,110,
